model,width,lean_degrees,evaluation_group,relative_arrow_error,direction_cosine
polynomial_degree_1,1.8546736842105263,-9.548783783783783,heldout,1.071756026044112,0.28974806636466616
polynomial_degree_1,1.8546736842105263,-8.332567567567567,heldout,0.984296393540868,0.3885510982297607
polynomial_degree_1,1.8546736842105263,-7.116351351351351,heldout,0.9641370376123797,0.39760223143646717
polynomial_degree_1,1.8546736842105263,-5.900135135135136,heldout,0.9430122179366255,0.4152445404429652
polynomial_degree_1,1.8546736842105263,-4.683918918918918,heldout,0.907999993281634,0.4580685392185701
polynomial_degree_1,1.8546736842105263,-3.4677027027027023,heldout,0.863912362000931,0.5124402719355903
polynomial_degree_1,1.8546736842105263,-2.2514864864864865,heldout,0.7977140858461915,0.6050019358420711
polynomial_degree_1,1.8546736842105263,-1.0352702702702707,heldout,0.7976899946223021,0.6092718525262143
polynomial_degree_1,1.8546736842105263,0.18094594594594504,heldout,0.7997735692998698,0.612893740617536
polynomial_degree_1,1.8546736842105263,1.3971621621621626,heldout,0.8040027752694331,0.615407946052976
polynomial_degree_1,1.8546736842105263,2.6133783783783784,heldout,0.817264156130836,0.6000577360832299
polynomial_degree_1,1.8546736842105263,3.829594594594594,heldout,0.9211209366679869,0.38944735407778136
polynomial_degree_1,1.8546736842105263,5.045810810810812,heldout,0.944246492757751,0.33167194056483507
polynomial_degree_1,1.8546736842105263,6.2620270270270275,heldout,0.9584427202768231,0.290966739280538
polynomial_degree_1,1.8546736842105263,7.478243243243245,heldout,0.9667411594025314,0.26278042307650706
polynomial_degree_1,1.8546736842105263,8.694459459459459,heldout,0.9677306898270777,0.25772927836146975
polynomial_degree_1,1.8546736842105263,9.910675675675673,heldout,0.9734778329828447,0.23928079434352886
polynomial_degree_1,1.8546736842105263,11.12689189189189,heldout,0.983606274328784,0.2029130621986269
polynomial_degree_1,1.8546736842105263,12.343108108108105,heldout,0.9926884548386926,0.16790802620937306
polynomial_degree_1,1.8546736842105263,13.559324324324322,heldout,1.0002980222372484,0.14156129035242965
polynomial_degree_1,1.8546736842105263,14.77554054054054,heldout,1.000223528866218,0.15137128131687183
polynomial_degree_1,1.8546736842105263,15.991756756756754,heldout,0.999062624894326,0.1598229341384741
polynomial_degree_1,1.8546736842105263,17.20797297297297,heldout,0.9927795511935656,0.18731316766881437
polynomial_degree_1,1.8546736842105263,18.42418918918919,heldout,0.9845826492419744,0.21661226718566182
polynomial_degree_1,1.8546736842105263,19.640405405405403,heldout,0.970164468923451,0.2631768663249314
polynomial_degree_1,1.8546736842105263,20.85662162162162,heldout,0.948153304902515,0.3264136393237911
polynomial_degree_1,1.8546736842105263,22.072837837837838,heldout,0.9227470410834202,0.38639597830658523
polynomial_degree_1,1.8546736842105263,23.289054054054056,heldout,0.8970385490539111,0.4419668300693623
polynomial_degree_1,1.8546736842105263,24.505270270270266,heldout,0.8778851369234706,0.4799681931037085
polynomial_degree_1,1.8546736842105263,25.721486486486484,heldout,0.848762687525585,0.5307269441094723
polynomial_degree_1,1.8546736842105263,26.9377027027027,heldout,0.809195045527709,0.5907586278303104
polynomial_degree_1,1.8546736842105263,28.15391891891892,heldout,0.8238784275479741,0.569327131049583
polynomial_degree_1,1.8546736842105263,29.370135135135136,heldout,0.8258125867860924,0.5641429867014538
polynomial_degree_1,1.8546736842105263,30.586351351351354,heldout,0.8508775065159264,0.5273103169223279
polynomial_degree_1,1.8546736842105263,31.80256756756757,heldout,0.8933433120908042,0.4683872516000045
polynomial_degree_1,1.8546736842105263,33.01878378378379,heldout,0.9446506236190182,0.38574222741897723
polynomial_degree_1,1.8546736842105263,34.23500000000001,heldout,1.0069200183489748,0.2990615004204526
polynomial_degree_1,2.002042105263158,-9.548783783783783,heldout,1.0614456672752015,0.3307803093944279
polynomial_degree_1,2.002042105263158,-8.332567567567567,heldout,0.9785970010010452,0.3915316362786968
polynomial_degree_1,2.002042105263158,-7.116351351351351,heldout,0.9564378198430781,0.4107225179810731
polynomial_degree_1,2.002042105263158,-5.900135135135136,heldout,0.9245814822053532,0.44303384861579637
polynomial_degree_1,2.002042105263158,-4.683918918918918,heldout,0.8716016073769898,0.5082556613187578
polynomial_degree_1,2.002042105263158,-3.4677027027027023,heldout,0.7985447971036818,0.602081721446131
polynomial_degree_1,2.002042105263158,-2.2514864864864865,heldout,0.7999596013639373,0.6018394619232955
polynomial_degree_1,2.002042105263158,-1.0352702702702707,heldout,0.7999744188502215,0.605899492839163
polynomial_degree_1,2.002042105263158,0.18094594594594504,heldout,0.8020889709245677,0.6092856504148413
polynomial_degree_1,2.002042105263158,1.3971621621621626,heldout,0.8063413162885834,0.6115332786876424
polynomial_degree_1,2.002042105263158,2.6133783783783784,heldout,0.8127305636334032,0.6119669972404649
polynomial_degree_1,2.002042105263158,3.829594594594594,heldout,0.8977785129059959,0.442801141275036
polynomial_degree_1,2.002042105263158,5.045810810810812,heldout,0.9354048004718476,0.35409597673245047
polynomial_degree_1,2.002042105263158,6.2620270270270275,heldout,0.9538362405905092,0.30307896204702456
polynomial_degree_1,2.002042105263158,7.478243243243245,heldout,0.9578531294797912,0.28935337934232874
polynomial_degree_1,2.002042105263158,8.694459459459459,heldout,0.9611534666954339,0.27753444154358414
polynomial_degree_1,2.002042105263158,9.910675675675673,heldout,0.9685889679477677,0.25263680683550827
polynomial_degree_1,2.002042105263158,11.12689189189189,heldout,0.9781900154276465,0.21891561196713438
polynomial_degree_1,2.002042105263158,12.343108108108105,heldout,0.9873264346823516,0.18837480823553793
polynomial_degree_1,2.002042105263158,13.559324324324322,heldout,0.9923860566635975,0.17055139761975047
polynomial_degree_1,2.002042105263158,14.77554054054054,heldout,0.9930208954710338,0.17072550964459893
polynomial_degree_1,2.002042105263158,15.991756756756754,heldout,0.9900768092289746,0.19062106557329903
polynomial_degree_1,2.002042105263158,17.20797297297297,heldout,0.9821794835886153,0.22108390163192015
polynomial_degree_1,2.002042105263158,18.42418918918919,heldout,0.9768600866072221,0.23392172590259655
polynomial_degree_1,2.002042105263158,19.640405405405403,heldout,0.9585534622890525,0.2946561796264746
polynomial_degree_1,2.002042105263158,20.85662162162162,heldout,0.932623755175876,0.36284468972999306
polynomial_degree_1,2.002042105263158,22.072837837837838,heldout,0.9099530637406833,0.414712731240232
polynomial_degree_1,2.002042105263158,23.289054054054056,heldout,0.8779711013222725,0.48024023144699
polynomial_degree_1,2.002042105263158,24.505270270270266,heldout,0.8673598601214922,0.5010175705508686
polynomial_degree_1,2.002042105263158,25.721486486486484,heldout,0.8223686367207721,0.5742132676322266
polynomial_degree_1,2.002042105263158,26.9377027027027,heldout,0.7848167605795977,0.6257680993777116
polynomial_degree_1,2.002042105263158,28.15391891891892,heldout,0.8163788505943509,0.5826466262954398
polynomial_degree_1,2.002042105263158,29.370135135135136,heldout,0.8062168821313275,0.5928193088858179
polynomial_degree_1,2.002042105263158,30.586351351351354,heldout,0.8292338281528946,0.5592796041107284
polynomial_degree_1,2.002042105263158,31.80256756756757,heldout,0.8737540883460893,0.498335355886698
polynomial_degree_1,2.002042105263158,33.01878378378379,heldout,0.9344342238273553,0.4014078218296237
polynomial_degree_1,2.002042105263158,34.23500000000001,heldout,0.9962048321753812,0.3170742669077958
polynomial_degree_1,2.1494105263157897,-9.548783783783783,heldout,1.035911065153668,0.33769387126477873
polynomial_degree_1,2.1494105263157897,-8.332567567567567,heldout,0.9731951214029474,0.4028972802812118
polynomial_degree_1,2.1494105263157897,-7.116351351351351,heldout,0.9466182463200951,0.4216858619003124
polynomial_degree_1,2.1494105263157897,-5.900135135135136,heldout,0.9041642180035763,0.4691650169214696
polynomial_degree_1,2.1494105263157897,-4.683918918918918,heldout,0.8345832162239022,0.5574153468796004
polynomial_degree_1,2.1494105263157897,-3.4677027027027023,heldout,0.7565765111014797,0.6559555177006344
polynomial_degree_1,2.1494105263157897,-2.2514864864864865,heldout,0.8025561601872057,0.5981125809806587
polynomial_degree_1,2.1494105263157897,-1.0352702702702707,heldout,0.8026103031758743,0.6018822273770312
polynomial_degree_1,2.1494105263157897,0.18094594594594504,heldout,0.804755065514262,0.6049374906538494
polynomial_degree_1,2.1494105263157897,1.3971621621621626,heldout,0.8090282180193584,0.606807896250335
polynomial_degree_1,2.1494105263157897,2.6133783783783784,heldout,0.8062841091551759,0.6201280401830205
polynomial_degree_1,2.1494105263157897,3.829594594594594,heldout,0.8602178678673286,0.5242279623357935
polynomial_degree_1,2.1494105263157897,5.045810810810812,heldout,0.9249453573096452,0.3802119285728024
polynomial_degree_1,2.1494105263157897,6.2620270270270275,heldout,0.94117674508598,0.3380486621324887
polynomial_degree_1,2.1494105263157897,7.478243243243245,heldout,0.9493654635336529,0.31429105225410964
polynomial_degree_1,2.1494105263157897,8.694459459459459,heldout,0.9528161628254594,0.30366586441088705
polynomial_degree_1,2.1494105263157897,9.910675675675673,heldout,0.9592422185837031,0.28376172210540995
polynomial_degree_1,2.1494105263157897,11.12689189189189,heldout,0.9722213980378027,0.24059320569592954
polynomial_degree_1,2.1494105263157897,12.343108108108105,heldout,0.9829486687693005,0.20177837708662016
polynomial_degree_1,2.1494105263157897,13.559324324324322,heldout,0.9847748927514219,0.19591835642729613
polynomial_degree_1,2.1494105263157897,14.77554054054054,heldout,0.9840315434806861,0.20459024568045528
polynomial_degree_1,2.1494105263157897,15.991756756756754,heldout,0.9816215979065723,0.2153876572532391
polynomial_degree_1,2.1494105263157897,17.20797297297297,heldout,0.9739328065103333,0.24350067237161835
polynomial_degree_1,2.1494105263157897,18.42418918918919,heldout,0.9637046243139273,0.2761226477156625
polynomial_degree_1,2.1494105263157897,19.640405405405403,heldout,0.9490397037227949,0.31870151307161076
polynomial_degree_1,2.1494105263157897,20.85662162162162,heldout,0.9177727542776628,0.397137270086108
polynomial_degree_1,2.1494105263157897,22.072837837837838,heldout,0.8956792303888268,0.4457722528470213
polynomial_degree_1,2.1494105263157897,23.289054054054056,heldout,0.8656757606903287,0.5047959503490341
polynomial_degree_1,2.1494105263157897,24.505270270270266,heldout,0.8489150310962595,0.5355564755132876
polynomial_degree_1,2.1494105263157897,25.721486486486484,heldout,0.8147763751703753,0.5887879634717671
polynomial_degree_1,2.1494105263157897,26.9377027027027,heldout,0.7748364347175898,0.6420590582768679
polynomial_degree_1,2.1494105263157897,28.15391891891892,heldout,0.7977025296167192,0.6102754038008262
polynomial_degree_1,2.1494105263157897,29.370135135135136,heldout,0.7964162635196438,0.6074686897525385
polynomial_degree_1,2.1494105263157897,30.586351351351354,heldout,0.8157870989202404,0.5783703354023662
polynomial_degree_1,2.1494105263157897,31.80256756756757,heldout,0.8596564979083097,0.5176826053292731
polynomial_degree_1,2.1494105263157897,33.01878378378379,heldout,0.9233103303036572,0.42011059330747696
polynomial_degree_1,2.1494105263157897,34.23500000000001,heldout,0.9825940667076902,0.3389716244967585
polynomial_degree_1,2.296778947368421,-9.548783783783783,heldout,1.0274228409510013,0.3569467354038835
polynomial_degree_1,2.296778947368421,-8.332567567567567,heldout,0.9723883103378427,0.4091536329429084
polynomial_degree_1,2.296778947368421,-7.116351351351351,heldout,0.9302946923334842,0.4455994797134494
polynomial_degree_1,2.296778947368421,-5.900135135135136,heldout,0.8793121567880001,0.5030836326512976
polynomial_degree_1,2.296778947368421,-4.683918918918918,heldout,0.7996490897849496,0.6018747087835877
polynomial_degree_1,2.296778947368421,-3.4677027027027023,heldout,0.7521997223334229,0.6621821378177425
polynomial_degree_1,2.296778947368421,-2.2514864864864865,heldout,0.7773750806942793,0.6315725108954446
polynomial_degree_1,2.296778947368421,-1.0352702702702707,heldout,0.8055942346296404,0.5972312376705976
polynomial_degree_1,2.296778947368421,0.18094594594594504,heldout,0.8077683872021514,0.5998638287254486
polynomial_degree_1,2.296778947368421,1.3971621621621626,heldout,0.8120597389114828,0.6012505727982085
polynomial_degree_1,2.296778947368421,2.6133783783783784,heldout,0.8112972824273066,0.6113367327031736
polynomial_degree_1,2.296778947368421,3.829594594594594,heldout,0.8261674063330283,0.5961446276421537
polynomial_degree_1,2.296778947368421,5.045810810810812,heldout,0.9035041350337825,0.4323768125988381
polynomial_degree_1,2.296778947368421,6.2620270270270275,heldout,0.9278630877449001,0.3736829936604791
polynomial_degree_1,2.296778947368421,7.478243243243245,heldout,0.9395566140671455,0.34280468522118607
polynomial_degree_1,2.296778947368421,8.694459459459459,heldout,0.9449715332507784,0.3273458490870869
polynomial_degree_1,2.296778947368421,9.910675675675673,heldout,0.9545027029899041,0.29822017972935566
polynomial_degree_1,2.296778947368421,11.12689189189189,heldout,0.9673078121394327,0.25634737088847226
polynomial_degree_1,2.296778947368421,12.343108108108105,heldout,0.9751875847620376,0.22877962689645176
polynomial_degree_1,2.296778947368421,13.559324324324322,heldout,0.9775347297296515,0.22202259608921668
polynomial_degree_1,2.296778947368421,14.77554054054054,heldout,0.9756014617627738,0.2320365297947605
polynomial_degree_1,2.296778947368421,15.991756756756754,heldout,0.9709856928578144,0.25015384117270945
polynomial_degree_1,2.296778947368421,17.20797297297297,heldout,0.967541928957243,0.2605234268207016
polynomial_degree_1,2.296778947368421,18.42418918918919,heldout,0.9520310461695026,0.3094075191011159
polynomial_degree_1,2.296778947368421,19.640405405405403,heldout,0.9376053870764107,0.3480379167198126
polynomial_degree_1,2.296778947368421,20.85662162162162,heldout,0.9066994426649901,0.4224526133285728
polynomial_degree_1,2.296778947368421,22.072837837837838,heldout,0.8770930838898303,0.48407497317125464
polynomial_degree_1,2.296778947368421,23.289054054054056,heldout,0.8620417914102112,0.5136315877168496
polynomial_degree_1,2.296778947368421,24.505270270270266,heldout,0.8321081674881389,0.5641061838729753
polynomial_degree_1,2.296778947368421,25.721486486486484,heldout,0.7977486353633978,0.6165300910765366
polynomial_degree_1,2.296778947368421,26.9377027027027,heldout,0.7796864169323175,0.6390634803485901
polynomial_degree_1,2.296778947368421,28.15391891891892,heldout,0.7739827013456564,0.6420624877254621
polynomial_degree_1,2.296778947368421,29.370135135135136,heldout,0.7937194462538633,0.6125012362564903
polynomial_degree_1,2.296778947368421,30.586351351351354,heldout,0.7982456487822671,0.602779365597732
polynomial_degree_1,2.296778947368421,31.80256756756757,heldout,0.8489914534239317,0.5317913995272654
polynomial_degree_1,2.296778947368421,33.01878378378379,heldout,0.9083758926995517,0.4481623273782966
polynomial_degree_1,2.296778947368421,34.23500000000001,heldout,0.9770288541856058,0.3516321178921609
polynomial_degree_1,2.444147368421053,-9.548783783783783,heldout,1.0271012602251728,0.346866203348958
polynomial_degree_1,2.444147368421053,-8.332567567567567,heldout,0.9694140682115576,0.4148547803662652
polynomial_degree_1,2.444147368421053,-7.116351351351351,heldout,0.911459131949055,0.4707912562844277
polynomial_degree_1,2.444147368421053,-5.900135135135136,heldout,0.8509217869734714,0.5414242171427066
polynomial_degree_1,2.444147368421053,-4.683918918918918,heldout,0.7668308114523429,0.6418517653968102
polynomial_degree_1,2.444147368421053,-3.4677027027027023,heldout,0.7547856700841297,0.6594417932744668
polynomial_degree_1,2.444147368421053,-2.2514864864864865,heldout,0.7630247938492088,0.6517737952822701
polynomial_degree_1,2.444147368421053,-1.0352702702702707,heldout,0.8089223167568032,0.5919638197485801
polynomial_degree_1,2.444147368421053,0.18094594594594504,heldout,0.8111247434069777,0.5940869406356999
polynomial_degree_1,2.444147368421053,1.3971621621621626,heldout,0.8154322271751139,0.5948901591578342
polynomial_degree_1,2.444147368421053,2.6133783783783784,heldout,0.8139491535349597,0.6061475349346748
polynomial_degree_1,2.444147368421053,3.829594594594594,heldout,0.8273823092661416,0.5943772749892678
polynomial_degree_1,2.444147368421053,5.045810810810812,heldout,0.8755008088990535,0.4970127531736714
polynomial_degree_1,2.444147368421053,6.2620270270270275,heldout,0.916543258257378,0.40389482722921966
polynomial_degree_1,2.444147368421053,7.478243243243245,heldout,0.9317433715761141,0.3651966234042425
polynomial_degree_1,2.444147368421053,8.694459459459459,heldout,0.9402369564625056,0.34168710698563376
polynomial_degree_1,2.444147368421053,9.910675675675673,heldout,0.9495031241215378,0.314072655367704
polynomial_degree_1,2.444147368421053,11.12689189189189,heldout,0.9615068874060547,0.27542952323125297
polynomial_degree_1,2.444147368421053,12.343108108108105,heldout,0.9665349766420046,0.25907417846181197
polynomial_degree_1,2.444147368421053,13.559324324324322,heldout,0.9699030353441721,0.248317365029399
polynomial_degree_1,2.444147368421053,14.77554054054054,heldout,0.970046438632814,0.2484853120385179
polynomial_degree_1,2.444147368421053,15.991756756756754,heldout,0.9639036695222892,0.27031854103072184
polynomial_degree_1,2.444147368421053,17.20797297297297,heldout,0.9570507238927852,0.2927813671912375
polynomial_degree_1,2.444147368421053,18.42418918918919,heldout,0.9420702677697238,0.33597836251467095
polynomial_degree_1,2.444147368421053,19.640405405405403,heldout,0.9212935985537599,0.3891334507757331
polynomial_degree_1,2.444147368421053,20.85662162162162,heldout,0.8977668875997943,0.4432200315109606
polynomial_degree_1,2.444147368421053,22.072837837837838,heldout,0.8614037735847402,0.5151957842108934
polynomial_degree_1,2.444147368421053,23.289054054054056,heldout,0.8511096748688516,0.5344094488674506
polynomial_degree_1,2.444147368421053,24.505270270270266,heldout,0.8092582963745398,0.6005881467107045
polynomial_degree_1,2.444147368421053,25.721486486486484,heldout,0.7813371214367957,0.6409711886306616
polynomial_degree_1,2.444147368421053,26.9377027027027,heldout,0.7850455375196126,0.6352973290659945
polynomial_degree_1,2.444147368421053,28.15391891891892,heldout,0.7548502177948521,0.6661858403384271
polynomial_degree_1,2.444147368421053,29.370135135135136,heldout,0.7795048882912228,0.6320115073079103
polynomial_degree_1,2.444147368421053,30.586351351351354,heldout,0.783008186340081,0.6231547865387006
polynomial_degree_1,2.444147368421053,31.80256756756757,heldout,0.8392538583478552,0.5452494660565832
polynomial_degree_1,2.444147368421053,33.01878378378379,heldout,0.8948757822690854,0.4695254594465484
polynomial_degree_1,2.444147368421053,34.23500000000001,heldout,0.96752284217567,0.3627984528268703
polynomial_degree_1,2.591515789473684,-9.548783783783783,heldout,1.028066868106855,0.35149708986556666
polynomial_degree_1,2.591515789473684,-8.332567567567567,heldout,0.9658599372652469,0.4164237006542427
polynomial_degree_1,2.591515789473684,-7.116351351351351,heldout,0.891811667042611,0.49627830414862256
polynomial_degree_1,2.591515789473684,-5.900135135135136,heldout,0.8252926622206636,0.573063860653785
polynomial_degree_1,2.591515789473684,-4.683918918918918,heldout,0.7548401302119301,0.6565169906255159
polynomial_degree_1,2.591515789473684,-3.4677027027027023,heldout,0.756732929412688,0.6569044597995473
polynomial_degree_1,2.591515789473684,-2.2514864864864865,heldout,0.7594126054893214,0.6574506361334335
polynomial_degree_1,2.591515789473684,-1.0352702702702707,heldout,0.8125902199503202,0.586102981562815
polynomial_degree_1,2.591515789473684,0.18094594594594504,heldout,0.8148201836556793,0.5876361443406598
polynomial_degree_1,2.591515789473684,1.3971621621621626,heldout,0.8140950234199507,0.5950737980125165
polynomial_degree_1,2.591515789473684,2.6133783783783784,heldout,0.8231062521401186,0.5903676942019445
polynomial_degree_1,2.591515789473684,3.829594594594594,heldout,0.8257960499022886,0.5970837863074223
polynomial_degree_1,2.591515789473684,5.045810810810812,heldout,0.8434573833456438,0.5666990915662216
polynomial_degree_1,2.591515789473684,6.2620270270270275,heldout,0.8998222750791107,0.44575284797380793
polynomial_degree_1,2.591515789473684,7.478243243243245,heldout,0.9160672102613628,0.4059438644920329
polynomial_degree_1,2.591515789473684,8.694459459459459,heldout,0.9322026290847576,0.3645581073950782
polynomial_degree_1,2.591515789473684,9.910675675675673,heldout,0.9441070219777465,0.3307534858491022
polynomial_degree_1,2.591515789473684,11.12689189189189,heldout,0.9496314080590894,0.313455837989723
polynomial_degree_1,2.591515789473684,12.343108108108105,heldout,0.9599091519675029,0.280642616595518
polynomial_degree_1,2.591515789473684,13.559324324324322,heldout,0.9612626114264587,0.27700579947916415
polynomial_degree_1,2.591515789473684,14.77554054054054,heldout,0.9623679754280423,0.2737451002738063
polynomial_degree_1,2.591515789473684,15.991756756756754,heldout,0.9572896428610262,0.2905919097252702
polynomial_degree_1,2.591515789473684,17.20797297297297,heldout,0.9438800679775745,0.3306648296182548
polynomial_degree_1,2.591515789473684,18.42418918918919,heldout,0.9364418054861863,0.35083033899560856
polynomial_degree_1,2.591515789473684,19.640405405405403,heldout,0.9045382082031482,0.42825359277043534
polynomial_degree_1,2.591515789473684,20.85662162162162,heldout,0.8893109238432437,0.4628809783379256
polynomial_degree_1,2.591515789473684,22.072837837837838,heldout,0.8555841546412555,0.52812061730791
polynomial_degree_1,2.591515789473684,23.289054054054056,heldout,0.8377617584471005,0.558888150129473
polynomial_degree_1,2.591515789473684,24.505270270270266,heldout,0.7943726894865446,0.6238532635247993
polynomial_degree_1,2.591515789473684,25.721486486486484,heldout,0.7772356629618579,0.6484184966376408
polynomial_degree_1,2.591515789473684,26.9377027027027,heldout,0.7794258492380495,0.644278973195951
polynomial_degree_1,2.591515789473684,28.15391891891892,heldout,0.7392301813965643,0.6858157716738879
polynomial_degree_1,2.591515789473684,29.370135135135136,heldout,0.7734249705717562,0.6410826954353952
polynomial_degree_1,2.591515789473684,30.586351351351354,heldout,0.7771229945658954,0.6314074664914623
polynomial_degree_1,2.591515789473684,31.80256756756757,heldout,0.8254803567407526,0.5650617017722538
polynomial_degree_1,2.591515789473684,33.01878378378379,heldout,0.8854143408757218,0.4830967584977438
polynomial_degree_1,2.591515789473684,34.23500000000001,heldout,0.9644578344856931,0.36619824487453484
polynomial_degree_1,2.738884210526316,-9.548783783783783,heldout,1.0248112427229896,0.35487585004818123
polynomial_degree_1,2.738884210526316,-8.332567567567567,heldout,0.9597489155577383,0.42747608708817186
polynomial_degree_1,2.738884210526316,-7.116351351351351,heldout,0.8686534639812893,0.5340773446549508
polynomial_degree_1,2.738884210526316,-5.900135135135136,heldout,0.801613707134407,0.6013207466783697
polynomial_degree_1,2.738884210526316,-4.683918918918918,heldout,0.7571790227812377,0.653770696285661
polynomial_degree_1,2.738884210526316,-3.4677027027027023,heldout,0.7588508474893035,0.6540388672534916
polynomial_degree_1,2.738884210526316,-2.2514864864864865,heldout,0.7625466676757047,0.6535446724736503
polynomial_degree_1,2.738884210526316,-1.0352702702702707,heldout,0.7780662777063057,0.6362225911871817
polynomial_degree_1,2.738884210526316,0.18094594594594504,heldout,0.8188500715637042,0.5805473243144028
polynomial_degree_1,2.738884210526316,1.3971621621621626,heldout,0.8156424101213532,0.59256629935824
polynomial_degree_1,2.738884210526316,2.6133783783783784,heldout,0.8191631134990391,0.5964773394880863
polynomial_degree_1,2.738884210526316,3.829594594594594,heldout,0.8250665466527032,0.597611239211652
polynomial_degree_1,2.738884210526316,5.045810810810812,heldout,0.8336456404856237,0.5935364366807029
polynomial_degree_1,2.738884210526316,6.2620270270270275,heldout,0.8818657683002348,0.4883898063358532
polynomial_degree_1,2.738884210526316,7.478243243243245,heldout,0.9116901619325288,0.4187085037989095
polynomial_degree_1,2.738884210526316,8.694459459459459,heldout,0.9283947596106125,0.37587507557856065
polynomial_degree_1,2.738884210526316,9.910675675675673,heldout,0.9392451789064544,0.34565981420519554
polynomial_degree_1,2.738884210526316,11.12689189189189,heldout,0.9441973626748351,0.3311190449527867
polynomial_degree_1,2.738884210526316,12.343108108108105,heldout,0.9514319624374131,0.3079870601477344
polynomial_degree_1,2.738884210526316,13.559324324324322,heldout,0.9532346972957483,0.3023668012619222
polynomial_degree_1,2.738884210526316,14.77554054054054,heldout,0.9533214260142666,0.30232877984256545
polynomial_degree_1,2.738884210526316,15.991756756756754,heldout,0.9526251563004721,0.3043456806749494
polynomial_degree_1,2.738884210526316,17.20797297297297,heldout,0.9356698478774308,0.3529161112600591
polynomial_degree_1,2.738884210526316,18.42418918918919,heldout,0.9240761854030269,0.38313907024655125
polynomial_degree_1,2.738884210526316,19.640405405405403,heldout,0.8927386445531383,0.4552901379839206
polynomial_degree_1,2.738884210526316,20.85662162162162,heldout,0.8775380438664575,0.48858763947234984
polynomial_degree_1,2.738884210526316,22.072837837837838,heldout,0.8507955109210767,0.5383303192545718
polynomial_degree_1,2.738884210526316,23.289054054054056,heldout,0.8181109879191052,0.5908105916282912
polynomial_degree_1,2.738884210526316,24.505270270270266,heldout,0.795100340265809,0.6254531146775434
polynomial_degree_1,2.738884210526316,25.721486486486484,heldout,0.780598193153343,0.6457884922649979
polynomial_degree_1,2.738884210526316,26.9377027027027,heldout,0.7626681775221168,0.6651311354069979
polynomial_degree_1,2.738884210526316,28.15391891891892,heldout,0.743314482389223,0.6829706237547979
polynomial_degree_1,2.738884210526316,29.370135135135136,heldout,0.7470570072432021,0.6731697637066938
polynomial_degree_1,2.738884210526316,30.586351351351354,heldout,0.7750429097361323,0.6347800763957491
polynomial_degree_1,2.738884210526316,31.80256756756757,heldout,0.8147819706010996,0.5799278050002401
polynomial_degree_1,2.738884210526316,33.01878378378379,heldout,0.8782800826818383,0.4935379173966109
polynomial_degree_1,2.738884210526316,34.23500000000001,heldout,0.9569156216331722,0.38343678129002495
polynomial_degree_1,2.886252631578947,-9.548783783783783,heldout,1.0198825369025586,0.3593359031104942
polynomial_degree_1,2.886252631578947,-8.332567567567567,heldout,0.9535210675530819,0.4322333081876448
polynomial_degree_1,2.886252631578947,-7.116351351351351,heldout,0.8688518699546003,0.5252543323084677
polynomial_degree_1,2.886252631578947,-5.900135135135136,heldout,0.7627488568867596,0.6477033401924994
polynomial_degree_1,2.886252631578947,-4.683918918918918,heldout,0.75918590334675,0.6512749663912203
polynomial_degree_1,2.886252631578947,-3.4677027027027023,heldout,0.7613786574149517,0.6506723014465936
polynomial_degree_1,2.886252631578947,-2.2514864864864865,heldout,0.7658100119408212,0.6489350080662932
polynomial_degree_1,2.886252631578947,-1.0352702702702707,heldout,0.7706001264815332,0.6480227237664697
polynomial_degree_1,2.886252631578947,0.18094594594594504,heldout,0.8232095273967144,0.5728628708724071
polynomial_degree_1,2.886252631578947,1.3971621621621626,heldout,0.8152449082930324,0.5930190017711272
polynomial_degree_1,2.886252631578947,2.6133783783783784,heldout,0.819079273089769,0.595886599985644
polynomial_degree_1,2.886252631578947,3.829594594594594,heldout,0.8256225859042604,0.595028967440248
polynomial_degree_1,2.886252631578947,5.045810810810812,heldout,0.8342711514079576,0.5902877693175836
polynomial_degree_1,2.886252631578947,6.2620270270270275,heldout,0.8684825156473448,0.5206320765608866
polynomial_degree_1,2.886252631578947,7.478243243243245,heldout,0.8971342217120469,0.45345285122275997
polynomial_degree_1,2.886252631578947,8.694459459459459,heldout,0.9189045058405467,0.40088846536579115
polynomial_degree_1,2.886252631578947,9.910675675675673,heldout,0.9307484383104045,0.37024023748686735
polynomial_degree_1,2.886252631578947,11.12689189189189,heldout,0.9359900685239111,0.3560550807726052
polynomial_degree_1,2.886252631578947,12.343108108108105,heldout,0.9395761554400851,0.34356405580380667
polynomial_degree_1,2.886252631578947,13.559324324324322,heldout,0.9486813331918937,0.3162846690230117
polynomial_degree_1,2.886252631578947,14.77554054054054,heldout,0.9476434155358476,0.31933491754286214
polynomial_degree_1,2.886252631578947,15.991756756756754,heldout,0.9416337046810286,0.33673816950534474
polynomial_degree_1,2.886252631578947,17.20797297297297,heldout,0.934130482131467,0.3575240967389289
polynomial_degree_1,2.886252631578947,18.42418918918919,heldout,0.9046404125391689,0.4288840042408223
polynomial_degree_1,2.886252631578947,19.640405405405403,heldout,0.8903114989256972,0.46281122759267607
polynomial_degree_1,2.886252631578947,20.85662162162162,heldout,0.8616290223306124,0.519960520024736
polynomial_degree_1,2.886252631578947,22.072837837837838,heldout,0.8469940653354519,0.5463262950807751
polynomial_degree_1,2.886252631578947,23.289054054054056,heldout,0.8079802222408339,0.607255616268113
polynomial_degree_1,2.886252631578947,24.505270270270266,heldout,0.7879287587516861,0.6372789110629279
polynomial_degree_1,2.886252631578947,25.721486486486484,heldout,0.7718538564175992,0.6570260088627082
polynomial_degree_1,2.886252631578947,26.9377027027027,heldout,0.74451873678966,0.6863445444451746
polynomial_degree_1,2.886252631578947,28.15391891891892,heldout,0.7540879863784906,0.6718683222507728
polynomial_degree_1,2.886252631578947,29.370135135135136,heldout,0.7290748564663344,0.6937902018374622
polynomial_degree_1,2.886252631578947,30.586351351351354,heldout,0.7764603519572687,0.6337145630691587
polynomial_degree_1,2.886252631578947,31.80256756756757,heldout,0.8062961549043134,0.591529331689288
polynomial_degree_1,2.886252631578947,33.01878378378379,heldout,0.866729231480221,0.5133017987828699
polynomial_degree_1,2.886252631578947,34.23500000000001,heldout,0.9505816788896964,0.3945388540222361
polynomial_degree_1,3.033621052631579,-9.548783783783783,heldout,1.0142352546111628,0.37267143020570237
polynomial_degree_1,3.033621052631579,-8.332567567567567,heldout,0.9448047357583506,0.4480039848154207
polynomial_degree_1,3.033621052631579,-7.116351351351351,heldout,0.8457644748992376,0.5608464420308726
polynomial_degree_1,3.033621052631579,-5.900135135135136,heldout,0.7615149254549247,0.6483747767243649
polynomial_degree_1,3.033621052631579,-4.683918918918918,heldout,0.7613209106483336,0.6486227284712522
polynomial_degree_1,3.033621052631579,-3.4677027027027023,heldout,0.7636770547107946,0.6475239610727244
polynomial_degree_1,3.033621052631579,-2.2514864864864865,heldout,0.768099685207686,0.6454090165116119
polynomial_degree_1,3.033621052631579,-1.0352702702702707,heldout,0.7744297676194578,0.6421697623311391
polynomial_degree_1,3.033621052631579,0.18094594594594504,heldout,0.8014741638589444,0.6061507047966944
polynomial_degree_1,3.033621052631579,1.3971621621621626,heldout,0.8154501001083218,0.5918078333205089
polynomial_degree_1,3.033621052631579,2.6133783783783784,heldout,0.8199695584558611,0.5928666837262109
polynomial_degree_1,3.033621052631579,3.829594594594594,heldout,0.8265321782852884,0.5913347679912131
polynomial_degree_1,3.033621052631579,5.045810810810812,heldout,0.8351381351860798,0.5859532626566839
polynomial_degree_1,3.033621052631579,6.2620270270270275,heldout,0.8356309289967624,0.5850788915902781
polynomial_degree_1,3.033621052631579,7.478243243243245,heldout,0.8932645285338002,0.46459643054061844
polynomial_degree_1,3.033621052631579,8.694459459459459,heldout,0.9150867909600663,0.41181251633743776
polynomial_degree_1,3.033621052631579,9.910675675675673,heldout,0.9230460437120589,0.391731350743145
polynomial_degree_1,3.033621052631579,11.12689189189189,heldout,0.9286736652847696,0.37675213542195835
polynomial_degree_1,3.033621052631579,12.343108108108105,heldout,0.9292235584215766,0.37271168253363857
polynomial_degree_1,3.033621052631579,13.559324324324322,heldout,0.939810731475922,0.3424889389616363
polynomial_degree_1,3.033621052631579,14.77554054054054,heldout,0.942472683696731,0.3347149287575251
polynomial_degree_1,3.033621052631579,15.991756756756754,heldout,0.9333897639112917,0.35970021096859284
polynomial_degree_1,3.033621052631579,17.20797297297297,heldout,0.9277918119750832,0.3745878521246276
polynomial_degree_1,3.033621052631579,18.42418918918919,heldout,0.8885662102440567,0.4643797502436548
polynomial_degree_1,3.033621052631579,19.640405405405403,heldout,0.8848240829098243,0.4756798734612933
polynomial_degree_1,3.033621052631579,20.85662162162162,heldout,0.8523570580932925,0.5374013229798218
polynomial_degree_1,3.033621052631579,22.072837837837838,heldout,0.844681127175236,0.5511060434489635
polynomial_degree_1,3.033621052631579,23.289054054054056,heldout,0.7911409443161489,0.6320246834191928
polynomial_degree_1,3.033621052631579,24.505270270270266,heldout,0.7800571753524868,0.6483249008680685
polynomial_degree_1,3.033621052631579,25.721486486486484,heldout,0.7621980858145251,0.6688375497300041
polynomial_degree_1,3.033621052631579,26.9377027027027,heldout,0.7396133133672537,0.6918561293053884
polynomial_degree_1,3.033621052631579,28.15391891891892,heldout,0.75352265363895,0.6730245343385676
polynomial_degree_1,3.033621052631579,29.370135135135136,heldout,0.7204774922846179,0.7034379986841048
polynomial_degree_1,3.033621052631579,30.586351351351354,heldout,0.7771219597784796,0.6333560029399944
polynomial_degree_1,3.033621052631579,31.80256756756757,heldout,0.8013034533638965,0.5982602015794327
polynomial_degree_1,3.033621052631579,33.01878378378379,heldout,0.8583154965606797,0.52590385666066
polynomial_degree_1,3.033621052631579,34.23500000000001,heldout,0.944977340204345,0.4050361099764264
polynomial_degree_1,3.1809894736842104,-9.548783783783783,heldout,1.005926355932015,0.37471094695700835
polynomial_degree_1,3.1809894736842104,-8.332567567567567,heldout,0.9373176530163113,0.45368783899563353
polynomial_degree_1,3.1809894736842104,-7.116351351351351,heldout,0.8374259000410318,0.568955092479327
polynomial_degree_1,3.1809894736842104,-5.900135135135136,heldout,0.761373863516469,0.6493377146317949
polynomial_degree_1,3.1809894736842104,-4.683918918918918,heldout,0.7634541366587572,0.6459763041160577
polynomial_degree_1,3.1809894736842104,-3.4677027027027023,heldout,0.7659885332211867,0.6443334517079864
polynomial_degree_1,3.1809894736842104,-2.2514864864864865,heldout,0.7688422457180288,0.6438522362633213
polynomial_degree_1,3.1809894736842104,-1.0352702702702707,heldout,0.7668659650067828,0.6511706770069573
polynomial_degree_1,3.1809894736842104,0.18094594594594504,heldout,0.76605719656352,0.6620089302066745
polynomial_degree_1,3.1809894736842104,1.3971621621621626,heldout,0.8138747982006332,0.5929784744835971
polynomial_degree_1,3.1809894736842104,2.6133783783783784,heldout,0.8203583576368931,0.5903543159633651
polynomial_degree_1,3.1809894736842104,3.829594594594594,heldout,0.8275736790550764,0.5871177035973772
polynomial_degree_1,3.1809894736842104,5.045810810810812,heldout,0.8361842144822995,0.5809473691349536
polynomial_degree_1,3.1809894736842104,6.2620270270270275,heldout,0.8417187044313912,0.5771588778104635
polynomial_degree_1,3.1809894736842104,7.478243243243245,heldout,0.8783792773518957,0.49733139377190305
polynomial_degree_1,3.1809894736842104,8.694459459459459,heldout,0.9019268561057333,0.44368204489251717
polynomial_degree_1,3.1809894736842104,9.910675675675673,heldout,0.9157526608053589,0.4107468451236753
polynomial_degree_1,3.1809894736842104,11.12689189189189,heldout,0.9242616982108722,0.3887978992678496
polynomial_degree_1,3.1809894736842104,12.343108108108105,heldout,0.9251080157697606,0.3847318325652041
polynomial_degree_1,3.1809894736842104,13.559324324324322,heldout,0.9305934895981653,0.3683507549825991
polynomial_degree_1,3.1809894736842104,14.77554054054054,heldout,0.9301893234425939,0.368747113577506
polynomial_degree_1,3.1809894736842104,15.991756756756754,heldout,0.9277772216874484,0.374954291518473
polynomial_degree_1,3.1809894736842104,17.20797297297297,heldout,0.915714688446153,0.4047075662353228
polynomial_degree_1,3.1809894736842104,18.42418918918919,heldout,0.8867163636390692,0.46992313110936323
polynomial_degree_1,3.1809894736842104,19.640405405405403,heldout,0.8671610793477654,0.5103343492203658
polynomial_degree_1,3.1809894736842104,20.85662162162162,heldout,0.8521583943567024,0.538561228217305
polynomial_degree_1,3.1809894736842104,22.072837837837838,heldout,0.8335623951067588,0.5692796186081293
polynomial_degree_1,3.1809894736842104,23.289054054054056,heldout,0.7950111362400178,0.627855361346427
polynomial_degree_1,3.1809894736842104,24.505270270270266,heldout,0.773371754646832,0.6574501786635105
polynomial_degree_1,3.1809894736842104,25.721486486486484,heldout,0.771091658464486,0.6576136348215119
polynomial_degree_1,3.1809894736842104,26.9377027027027,heldout,0.7420580444444178,0.688928877727619
polynomial_degree_1,3.1809894736842104,28.15391891891892,heldout,0.7409665800014723,0.6870801557508702
polynomial_degree_1,3.1809894736842104,29.370135135135136,heldout,0.7237825533076239,0.7001120453852706
polynomial_degree_1,3.1809894736842104,30.586351351351354,heldout,0.7627624025242578,0.6506431504939542
polynomial_degree_1,3.1809894736842104,31.80256756756757,heldout,0.797133809914396,0.6038098124757807
polynomial_degree_1,3.1809894736842104,33.01878378378379,heldout,0.8561416642659481,0.5271978102096182
polynomial_degree_1,3.1809894736842104,34.23500000000001,heldout,0.9416621907205955,0.4081257723094302
polynomial_degree_1,3.328357894736842,-9.548783783783783,heldout,0.9980433717522059,0.39684348888066956
polynomial_degree_1,3.328357894736842,-8.332567567567567,heldout,0.924874779698101,0.4754588424982513
polynomial_degree_1,3.328357894736842,-7.116351351351351,heldout,0.8275320599737837,0.5799661659011924
polynomial_degree_1,3.328357894736842,-5.900135135135136,heldout,0.7777034736466656,0.6311822429094496
polynomial_degree_1,3.328357894736842,-4.683918918918918,heldout,0.7648720611590963,0.6442132555847949
polynomial_degree_1,3.328357894736842,-3.4677027027027023,heldout,0.7659362037661257,0.6440693974628284
polynomial_degree_1,3.328357894736842,-2.2514864864864865,heldout,0.7668169426528809,0.645723399382065
polynomial_degree_1,3.328357894736842,-1.0352702702702707,heldout,0.7378309876358337,0.6871596743034726
polynomial_degree_1,3.328357894736842,0.18094594594594504,heldout,0.7647489919438792,0.6626270107029966
polynomial_degree_1,3.328357894736842,1.3971621621621626,heldout,0.7959894782234441,0.6204471060130646
polynomial_degree_1,3.328357894736842,2.6133783783783784,heldout,0.8204806317516712,0.5884245053447891
polynomial_degree_1,3.328357894736842,3.829594594594594,heldout,0.8286568439591154,0.582739578446315
polynomial_degree_1,3.328357894736842,5.045810810810812,heldout,0.8356856797999487,0.5781677750668414
polynomial_degree_1,3.328357894736842,6.2620270270270275,heldout,0.846700939633008,0.5642689261724262
polynomial_degree_1,3.328357894736842,7.478243243243245,heldout,0.865932132714843,0.5241871224678298
polynomial_degree_1,3.328357894736842,8.694459459459459,heldout,0.8981293106103632,0.45385548511480317
polynomial_degree_1,3.328357894736842,9.910675675675673,heldout,0.9104100494215441,0.4237533258347613
polynomial_degree_1,3.328357894736842,11.12689189189189,heldout,0.9149430827163997,0.41130902883866327
polynomial_degree_1,3.328357894736842,12.343108108108105,heldout,0.921625909457895,0.3944361187271745
polynomial_degree_1,3.328357894736842,13.559324324324322,heldout,0.9201651641522933,0.3960049045144055
polynomial_degree_1,3.328357894736842,14.77554054054054,heldout,0.9217926529879121,0.39089586868767273
polynomial_degree_1,3.328357894736842,15.991756756756754,heldout,0.9237032137851529,0.38572338675926743
polynomial_degree_1,3.328357894736842,17.20797297297297,heldout,0.9001566113209744,0.44057824013084107
polynomial_degree_1,3.328357894736842,18.42418918918919,heldout,0.8957590444693574,0.4542838482480515
polynomial_degree_1,3.328357894736842,19.640405405405403,heldout,0.8527574633955612,0.5362146958373956
polynomial_degree_1,3.328357894736842,20.85662162162162,heldout,0.8503170326581669,0.5415713465442663
polynomial_degree_1,3.328357894736842,22.072837837837838,heldout,0.8244007113305485,0.5835138517157563
polynomial_degree_1,3.328357894736842,23.289054054054056,heldout,0.7948067664154247,0.6278892331683611
polynomial_degree_1,3.328357894736842,24.505270270270266,heldout,0.763872405149172,0.6680630007854499
polynomial_degree_1,3.328357894736842,25.721486486486484,heldout,0.7626994373884195,0.6676178512914516
polynomial_degree_1,3.328357894736842,26.9377027027027,heldout,0.759949852566489,0.66805628787979
polynomial_degree_1,3.328357894736842,28.15391891891892,heldout,0.7155700869953127,0.7137868484768319
polynomial_degree_1,3.328357894736842,29.370135135135136,heldout,0.73367342198745,0.6892894498574613
polynomial_degree_1,3.328357894736842,30.586351351351354,heldout,0.7556903812756388,0.6588133658769372
polynomial_degree_1,3.328357894736842,31.80256756756757,heldout,0.7961364154819135,0.6051211457276946
polynomial_degree_1,3.328357894736842,33.01878378378379,heldout,0.8541143704383777,0.5287691717432649
polynomial_degree_1,3.328357894736842,34.23500000000001,heldout,0.9382979955060656,0.4121071002070019
polynomial_degree_1,3.4757263157894736,-9.548783783783783,heldout,0.9881453793800731,0.4030369644541721
polynomial_degree_1,3.4757263157894736,-8.332567567567567,heldout,0.9157357970690418,0.48185196590676177
polynomial_degree_1,3.4757263157894736,-7.116351351351351,heldout,0.8328990902371506,0.571954411260488
polynomial_degree_1,3.4757263157894736,-5.900135135135136,heldout,0.800280483056977,0.6043816384715799
polynomial_degree_1,3.4757263157894736,-4.683918918918918,heldout,0.7567537106994224,0.6537131248329279
polynomial_degree_1,3.4757263157894736,-3.4677027027027023,heldout,0.7655238845461866,0.6442063745323223
polynomial_degree_1,3.4757263157894736,-2.2514864864864865,heldout,0.7568241097652988,0.6576648584965
polynomial_degree_1,3.4757263157894736,-1.0352702702702707,heldout,0.7570790189268244,0.6642843424009108
polynomial_degree_1,3.4757263157894736,0.18094594594594504,heldout,0.7638151064532207,0.662558084195757
polynomial_degree_1,3.4757263157894736,1.3971621621621626,heldout,0.7707734416251256,0.6609369021016682
polynomial_degree_1,3.4757263157894736,2.6133783783783784,heldout,0.8138607857170158,0.5976370333827107
polynomial_degree_1,3.4757263157894736,3.829594594594594,heldout,0.8289249025959389,0.5798138071796756
polynomial_degree_1,3.4757263157894736,5.045810810810812,heldout,0.8336823807993872,0.5774471365128748
polynomial_degree_1,3.4757263157894736,6.2620270270270275,heldout,0.8441283818916768,0.5645302533989993
polynomial_degree_1,3.4757263157894736,7.478243243243245,heldout,0.8586816626643361,0.5405210884822147
polynomial_degree_1,3.4757263157894736,8.694459459459459,heldout,0.8857489124186689,0.47985189877553047
polynomial_degree_1,3.4757263157894736,9.910675675675673,heldout,0.9049126978691576,0.43594835240085916
polynomial_degree_1,3.4757263157894736,11.12689189189189,heldout,0.9085436651689414,0.4257261580506567
polynomial_degree_1,3.4757263157894736,12.343108108108105,heldout,0.9127823945612926,0.41634543412343844
polynomial_degree_1,3.4757263157894736,13.559324324324322,heldout,0.9101445973950226,0.4215402599700473
polynomial_degree_1,3.4757263157894736,14.77554054054054,heldout,0.9183339896250318,0.4005979224139897
polynomial_degree_1,3.4757263157894736,15.991756756756754,heldout,0.9127607204374357,0.4119868777702282
polynomial_degree_1,3.4757263157894736,17.20797297297297,heldout,0.8926123149217248,0.45772545104887513
polynomial_degree_1,3.4757263157894736,18.42418918918919,heldout,0.8785119621897145,0.48853405901119235
polynomial_degree_1,3.4757263157894736,19.640405405405403,heldout,0.8509836788795413,0.5392317309443234
polynomial_degree_1,3.4757263157894736,20.85662162162162,heldout,0.8502663555673181,0.5406666329829434
polynomial_degree_1,3.4757263157894736,22.072837837837838,heldout,0.8129642279846456,0.6000642978856381
polynomial_degree_1,3.4757263157894736,23.289054054054056,heldout,0.8033480067034858,0.615342391812179
polynomial_degree_1,3.4757263157894736,24.505270270270266,heldout,0.7578357915579927,0.6738101681646852
polynomial_degree_1,3.4757263157894736,25.721486486486484,heldout,0.7495018764204916,0.682026120948657
polynomial_degree_1,3.4757263157894736,26.9377027027027,heldout,0.7584438725970983,0.6692034219172673
polynomial_degree_1,3.4757263157894736,28.15391891891892,heldout,0.7090610330898608,0.71949085342036
polynomial_degree_1,3.4757263157894736,29.370135135135136,heldout,0.7452402960024992,0.6760849372260067
polynomial_degree_1,3.4757263157894736,30.586351351351354,heldout,0.745582553100442,0.6699398076556875
polynomial_degree_1,3.4757263157894736,31.80256756756757,heldout,0.7962990448515113,0.6049064988059126
polynomial_degree_1,3.4757263157894736,33.01878378378379,heldout,0.8513439288474838,0.5336079954126403
polynomial_degree_1,3.4757263157894736,34.23500000000001,heldout,0.9326867173985001,0.4204411860360276
polynomial_degree_1,3.623094736842105,-9.548783783783783,heldout,0.9761128950880494,0.42696419350615955
polynomial_degree_1,3.623094736842105,-8.332567567567567,heldout,0.8975533117734226,0.5118823660134353
polynomial_degree_1,3.623094736842105,-7.116351351351351,heldout,0.8507962194287827,0.5491300004451477
polynomial_degree_1,3.623094736842105,-5.900135135135136,heldout,0.8142005851993095,0.5887652925720872
polynomial_degree_1,3.623094736842105,-4.683918918918918,heldout,0.7764650155034408,0.6306214348337714
polynomial_degree_1,3.623094736842105,-3.4677027027027023,heldout,0.7644667579459089,0.6452063354882339
polynomial_degree_1,3.623094736842105,-2.2514864864864865,heldout,0.7381090088772588,0.6798209943287685
polynomial_degree_1,3.623094736842105,-1.0352702702702707,heldout,0.7564760403155253,0.6640301483515882
polynomial_degree_1,3.623094736842105,0.18094594594594504,heldout,0.763256850141922,0.6618410377609804
polynomial_degree_1,3.623094736842105,1.3971621621621626,heldout,0.7722326618918957,0.6574141358143524
polynomial_degree_1,3.623094736842105,2.6133783783783784,heldout,0.8002604086602207,0.6180781155483034
polynomial_degree_1,3.623094736842105,3.829594594594594,heldout,0.8261953675194811,0.5821738380030165
polynomial_degree_1,3.623094736842105,5.045810810810812,heldout,0.8337069614485271,0.5737100601786966
polynomial_degree_1,3.623094736842105,6.2620270270270275,heldout,0.8471711513526907,0.5559076480306681
polynomial_degree_1,3.623094736842105,7.478243243243245,heldout,0.8599262025257842,0.536417641266136
polynomial_degree_1,3.623094736842105,8.694459459459459,heldout,0.887439082977742,0.47617564373459487
polynomial_degree_1,3.623094736842105,9.910675675675673,heldout,0.9042266262812935,0.4364484838411127
polynomial_degree_1,3.623094736842105,11.12689189189189,heldout,0.9100796138439233,0.4220247057546407
polynomial_degree_1,3.623094736842105,12.343108108108105,heldout,0.9047410920884702,0.4354244855841081
polynomial_degree_1,3.623094736842105,13.559324324324322,heldout,0.9042369361410059,0.4368489526256298
polynomial_degree_1,3.623094736842105,14.77554054054054,heldout,0.9068338553765892,0.4276547265189712
polynomial_degree_1,3.623094736842105,15.991756756756754,heldout,0.9020152266911953,0.4366119684786335
polynomial_degree_1,3.623094736842105,17.20797297297297,heldout,0.8920342417154593,0.4603131070047837
polynomial_degree_1,3.623094736842105,18.42418918918919,heldout,0.8670224935476537,0.5099066936636304
polynomial_degree_1,3.623094736842105,19.640405405405403,heldout,0.8596339805073702,0.5241402309190586
polynomial_degree_1,3.623094736842105,20.85662162162162,heldout,0.8364328863939475,0.5624107324104461
polynomial_degree_1,3.623094736842105,22.072837837837838,heldout,0.805816496101385,0.6095421576991329
polynomial_degree_1,3.623094736842105,23.289054054054056,heldout,0.800659629287672,0.6180020824954295
polynomial_degree_1,3.623094736842105,24.505270270270266,heldout,0.7665166330781826,0.6616254534803678
polynomial_degree_1,3.623094736842105,25.721486486486484,heldout,0.7487266689329031,0.6813736265922221
polynomial_degree_1,3.623094736842105,26.9377027027027,heldout,0.7580559915736337,0.6680685567779701
polynomial_degree_1,3.623094736842105,28.15391891891892,heldout,0.7209835849554196,0.7058446709704222
polynomial_degree_1,3.623094736842105,29.370135135135136,heldout,0.743881792778973,0.6766865717961209
polynomial_degree_1,3.623094736842105,30.586351351351354,heldout,0.7429024008569258,0.6723885273177144
polynomial_degree_1,3.623094736842105,31.80256756756757,heldout,0.7959506229213532,0.6054214108231715
polynomial_degree_1,3.623094736842105,33.01878378378379,heldout,0.8511998303123629,0.5345604567447937
polynomial_degree_1,3.623094736842105,34.23500000000001,heldout,0.9291540182008862,0.4302835332040746
polynomial_degree_1,3.7704631578947367,-9.548783783783783,heldout,0.9680359783424065,0.43830413776458715
polynomial_degree_1,3.7704631578947367,-8.332567567567567,heldout,0.8879346039958782,0.5171090893787091
polynomial_degree_1,3.7704631578947367,-7.116351351351351,heldout,0.857754101398245,0.5441089776956993
polynomial_degree_1,3.7704631578947367,-5.900135135135136,heldout,0.8286104143938591,0.5728611445642098
polynomial_degree_1,3.7704631578947367,-4.683918918918918,heldout,0.7965997433459654,0.606391856226292
polynomial_degree_1,3.7704631578947367,-3.4677027027027023,heldout,0.7575280194917481,0.6535428941475214
polynomial_degree_1,3.7704631578947367,-2.2514864864864865,heldout,0.7494491027507794,0.6667193404183663
polynomial_degree_1,3.7704631578947367,-1.0352702702702707,heldout,0.7562523779571569,0.6632162076532301
polynomial_degree_1,3.7704631578947367,0.18094594594594504,heldout,0.763074605176534,0.6605184168979871
polynomial_degree_1,3.7704631578947367,1.3971621621621626,heldout,0.7720884095858345,0.6555182597309682
polynomial_degree_1,3.7704631578947367,2.6133783783783784,heldout,0.7913717941191735,0.6326636018998979
polynomial_degree_1,3.7704631578947367,3.829594594594594,heldout,0.8069607527195398,0.6092412761996641
polynomial_degree_1,3.7704631578947367,5.045810810810812,heldout,0.8324585667884188,0.5731691189237711
polynomial_degree_1,3.7704631578947367,6.2620270270270275,heldout,0.85075155821584,0.5463885086817889
polynomial_degree_1,3.7704631578947367,7.478243243243245,heldout,0.863002106362572,0.5257569111786269
polynomial_degree_1,3.7704631578947367,8.694459459459459,heldout,0.874640116113039,0.5000984894561051
polynomial_degree_1,3.7704631578947367,9.910675675675673,heldout,0.8911940891543755,0.46271739558429936
polynomial_degree_1,3.7704631578947367,11.12689189189189,heldout,0.8977755380349364,0.448928636053894
polynomial_degree_1,3.7704631578947367,12.343108108108105,heldout,0.9004985615948843,0.4452114872986741
polynomial_degree_1,3.7704631578947367,13.559324324324322,heldout,0.8976254929872627,0.4520459139688838
polynomial_degree_1,3.7704631578947367,14.77554054054054,heldout,0.8967934847208433,0.44945846353786106
polynomial_degree_1,3.7704631578947367,15.991756756756754,heldout,0.8897113320085343,0.46354941621017526
polynomial_degree_1,3.7704631578947367,17.20797297297297,heldout,0.8839935554807736,0.47719462737868273
polynomial_degree_1,3.7704631578947367,18.42418918918919,heldout,0.8641125824529782,0.5146306675727959
polynomial_degree_1,3.7704631578947367,19.640405405405403,heldout,0.8598501116849352,0.5226778284693882
polynomial_degree_1,3.7704631578947367,20.85662162162162,heldout,0.8313283932745313,0.5691920840660287
polynomial_degree_1,3.7704631578947367,22.072837837837838,heldout,0.8085773672195066,0.6046123495889029
polynomial_degree_1,3.7704631578947367,23.289054054054056,heldout,0.7935021359028407,0.626045175681622
polynomial_degree_1,3.7704631578947367,24.505270270270266,heldout,0.7801244876192309,0.6424741667512441
polynomial_degree_1,3.7704631578947367,25.721486486486484,heldout,0.7576802162141192,0.6688251675615314
polynomial_degree_1,3.7704631578947367,26.9377027027027,heldout,0.7283774544331169,0.6995999676235323
polynomial_degree_1,3.7704631578947367,28.15391891891892,heldout,0.7395849723032583,0.6845255717934728
polynomial_degree_1,3.7704631578947367,29.370135135135136,heldout,0.7427356311778084,0.6768683691633267
polynomial_degree_1,3.7704631578947367,30.586351351351354,heldout,0.7525278218416133,0.6610244414451946
polynomial_degree_1,3.7704631578947367,31.80256756756757,heldout,0.7929768786845539,0.6094998409605269
polynomial_degree_1,3.7704631578947367,33.01878378378379,heldout,0.856987854807656,0.525320999828892
polynomial_degree_1,3.7704631578947367,34.23500000000001,heldout,0.9244137629729529,0.4379347024126147
polynomial_degree_1,3.9178315789473688,-9.548783783783783,heldout,0.9700932125710657,0.4482148205337415
polynomial_degree_1,3.9178315789473688,-8.332567567567567,heldout,0.8886167108346475,0.5161682713711027
polynomial_degree_1,3.9178315789473688,-7.116351351351351,heldout,0.8711390293893616,0.5280881281057528
polynomial_degree_1,3.9178315789473688,-5.900135135135136,heldout,0.8483588418200204,0.5486333754550163
polynomial_degree_1,3.9178315789473688,-4.683918918918918,heldout,0.8073058943662906,0.5940659849633421
polynomial_degree_1,3.9178315789473688,-3.4677027027027023,heldout,0.7334967905108137,0.6804065573898872
polynomial_degree_1,3.9178315789473688,-2.2514864864864865,heldout,0.7517494702155346,0.663353583544288
polynomial_degree_1,3.9178315789473688,-1.0352702702702707,heldout,0.756408622231863,0.6618773945667477
polynomial_degree_1,3.9178315789473688,0.18094594594594504,heldout,0.7632692550770738,0.6586341627262856
polynomial_degree_1,3.9178315789473688,1.3971621621621626,heldout,0.7723160665219856,0.653027941851768
polynomial_degree_1,3.9178315789473688,2.6133783783783784,heldout,0.7834933383035583,0.6443119579049664
polynomial_degree_1,3.9178315789473688,3.829594594594594,heldout,0.7997185563751921,0.6185843816539458
polynomial_degree_1,3.9178315789473688,5.045810810810812,heldout,0.8300419368116898,0.575036189212143
polynomial_degree_1,3.9178315789473688,6.2620270270270275,heldout,0.8505410927206583,0.5422377242013824
polynomial_degree_1,3.9178315789473688,7.478243243243245,heldout,0.8674290668580927,0.5130175040739388
polynomial_degree_1,3.9178315789473688,8.694459459459459,heldout,0.8802189658100523,0.488181939759459
polynomial_degree_1,3.9178315789473688,9.910675675675673,heldout,0.8888637028283564,0.4664582827417872
polynomial_degree_1,3.9178315789473688,11.12689189189189,heldout,0.8941847608590799,0.45682803617956125
polynomial_degree_1,3.9178315789473688,12.343108108108105,heldout,0.8923196585828456,0.46198877905601365
polynomial_degree_1,3.9178315789473688,13.559324324324322,heldout,0.892933071577447,0.4610229077795609
polynomial_degree_1,3.9178315789473688,14.77554054054054,heldout,0.8923122631423708,0.459334455852635
polynomial_degree_1,3.9178315789473688,15.991756756756754,heldout,0.8817896287507467,0.48057003960087347
polynomial_degree_1,3.9178315789473688,17.20797297297297,heldout,0.8672279887692232,0.5085625568543513
polynomial_degree_1,3.9178315789473688,18.42418918918919,heldout,0.869374583008192,0.5047923481777279
polynomial_degree_1,3.9178315789473688,19.640405405405403,heldout,0.8510923633988805,0.5357288512396984
polynomial_degree_1,3.9178315789473688,20.85662162162162,heldout,0.8230128940168951,0.5805081486092623
polynomial_degree_1,3.9178315789473688,22.072837837837838,heldout,0.8115348562872915,0.5987671285118971
polynomial_degree_1,3.9178315789473688,23.289054054054056,heldout,0.78740502443746,0.6320836304846716
polynomial_degree_1,3.9178315789473688,24.505270270270266,heldout,0.7896842899588605,0.6281096254510108
polynomial_degree_1,3.9178315789473688,25.721486486486484,heldout,0.7530603823424014,0.6714956775291355
polynomial_degree_1,3.9178315789473688,26.9377027027027,heldout,0.7131750261222318,0.7136666426033373
polynomial_degree_1,3.9178315789473688,28.15391891891892,heldout,0.7618861938032027,0.6574958970157013
polynomial_degree_1,3.9178315789473688,29.370135135135136,heldout,0.7396461095233464,0.6789589663185002
polynomial_degree_1,3.9178315789473688,30.586351351351354,heldout,0.7523692104468837,0.6603582313690659
polynomial_degree_1,3.9178315789473688,31.80256756756757,heldout,0.7913973261669462,0.6119151855292675
polynomial_degree_1,3.9178315789473688,33.01878378378379,heldout,0.8638269673065944,0.5143202786324618
polynomial_degree_1,3.9178315789473688,34.23500000000001,heldout,0.9266374446028899,0.43351061248294337
polynomial_degree_1,4.0652,-9.548783783783783,heldout,0.9762991454133859,0.44542741884639475
polynomial_degree_1,4.0652,-8.332567567567567,heldout,0.8961601065485738,0.5083482599063767
polynomial_degree_1,4.0652,-7.116351351351351,heldout,0.8817054585367552,0.5170812438415552
polynomial_degree_1,4.0652,-5.900135135135136,heldout,0.8588770335352337,0.5368738878735861
polynomial_degree_1,4.0652,-4.683918918918918,heldout,0.8163489045244522,0.5834308429223906
polynomial_degree_1,4.0652,-3.4677027027027023,heldout,0.7401379434863511,0.6726015480276056
polynomial_degree_1,4.0652,-2.2514864864864865,heldout,0.7522433204267892,0.6620357396590436
polynomial_degree_1,4.0652,-1.0352702702702707,heldout,0.7569443807317953,0.6600506316001981
polynomial_degree_1,4.0652,0.18094594594594504,heldout,0.7638402083259723,0.6562341583579541
polynomial_degree_1,4.0652,1.3971621621621626,heldout,0.7729151511238719,0.6500001108172705
polynomial_degree_1,4.0652,2.6133783783783784,heldout,0.7841131200593903,0.6406251697065145
polynomial_degree_1,4.0652,3.829594594594594,heldout,0.7894663421452043,0.6326210460261302
polynomial_degree_1,4.0652,5.045810810810812,heldout,0.8299581544114413,0.5726566576491171
polynomial_degree_1,4.0652,6.2620270270270275,heldout,0.8545710039462856,0.5314035583074042
polynomial_degree_1,4.0652,7.478243243243245,heldout,0.8698667528332777,0.5046247885412545
polynomial_degree_1,4.0652,8.694459459459459,heldout,0.8806437672053833,0.4842935639240314
polynomial_degree_1,4.0652,9.910675675675673,heldout,0.8850136249744127,0.4735018268246604
polynomial_degree_1,4.0652,11.12689189189189,heldout,0.888006019119238,0.4694776493203037
polynomial_degree_1,4.0652,12.343108108108105,heldout,0.8868565297856803,0.47226993194159866
polynomial_degree_1,4.0652,13.559324324324322,heldout,0.890439215104574,0.4643784495740979
polynomial_degree_1,4.0652,14.77554054054054,heldout,0.883554815683142,0.47789571796307545
polynomial_degree_1,4.0652,15.991756756756754,heldout,0.8692011478369924,0.5054877102156207
polynomial_degree_1,4.0652,17.20797297297297,heldout,0.8606640881204344,0.5197833691496415
polynomial_degree_1,4.0652,18.42418918918919,heldout,0.8677516118830516,0.506469772045308
polynomial_degree_1,4.0652,19.640405405405403,heldout,0.8491281498578767,0.5374479879450815
polynomial_degree_1,4.0652,20.85662162162162,heldout,0.822212568510192,0.5803061689757663
polynomial_degree_1,4.0652,22.072837837837838,heldout,0.8108744394263783,0.597913258501634
polynomial_degree_1,4.0652,23.289054054054056,heldout,0.7873056901940746,0.629780215051912
polynomial_degree_1,4.0652,24.505270270270266,heldout,0.7924853312297222,0.6218783020505934
polynomial_degree_1,4.0652,25.721486486486484,heldout,0.7515143173173412,0.6712509318639949
polynomial_degree_1,4.0652,26.9377027027027,heldout,0.7136433266603153,0.7110991521109893
polynomial_degree_1,4.0652,28.15391891891892,heldout,0.7666147503403118,0.6501852153265807
polynomial_degree_1,4.0652,29.370135135135136,heldout,0.7429094996499028,0.6738304506668662
polynomial_degree_1,4.0652,30.586351351351354,heldout,0.7588598705086576,0.65211486534674
polynomial_degree_1,4.0652,31.80256756756757,heldout,0.7961390792547237,0.6063583903948067
polynomial_degree_1,4.0652,33.01878378378379,heldout,0.8663944805235381,0.5106374283786194
polynomial_degree_1,4.0652,34.23500000000001,heldout,0.928212839200125,0.43233701539466823
polynomial_degree_1,4.212568421052631,-9.548783783783783,heldout,0.9828090657256929,0.4244081301980714
polynomial_degree_1,4.212568421052631,-8.332567567567567,heldout,0.910674804169277,0.49358344874944216
polynomial_degree_1,4.212568421052631,-7.116351351351351,heldout,0.888420457364959,0.5111616314988949
polynomial_degree_1,4.212568421052631,-5.900135135135136,heldout,0.8612890738794163,0.5367394928047878
polynomial_degree_1,4.212568421052631,-4.683918918918918,heldout,0.8222805583004195,0.5775817099728291
polynomial_degree_1,4.212568421052631,-3.4677027027027023,heldout,0.7846329902288983,0.6201474269946458
polynomial_degree_1,4.212568421052631,-2.2514864864864865,heldout,0.7531176908794969,0.6602909878474581
polynomial_degree_1,4.212568421052631,-1.0352702702702707,heldout,0.7578589713054548,0.6577734684081312
polynomial_degree_1,4.212568421052631,0.18094594594594504,heldout,0.7647865880520324,0.6533647866735667
polynomial_degree_1,4.212568421052631,1.3971621621621626,heldout,0.7738848207645367,0.6464912392458002
polynomial_degree_1,4.212568421052631,2.6133783783783784,heldout,0.7789577532595453,0.644051689722887
polynomial_degree_1,4.212568421052631,3.829594594594594,heldout,0.7815686370452861,0.6424083149011294
polynomial_degree_1,4.212568421052631,5.045810810810812,heldout,0.8344013234719648,0.5621759821885326
polynomial_degree_1,4.212568421052631,6.2620270270270275,heldout,0.86030849435951,0.5185698713318128
polynomial_degree_1,4.212568421052631,7.478243243243245,heldout,0.8714002264210191,0.4988696125041648
polynomial_degree_1,4.212568421052631,8.694459459459459,heldout,0.8720887712195654,0.49752252998026775
polynomial_degree_1,4.212568421052631,9.910675675675673,heldout,0.8716020168317608,0.49911449389302365
polynomial_degree_1,4.212568421052631,11.12689189189189,heldout,0.8780021310468356,0.48761209519510373
polynomial_degree_1,4.212568421052631,12.343108108108105,heldout,0.8869180060453259,0.4706319033815169
polynomial_degree_1,4.212568421052631,13.559324324324322,heldout,0.8892203219570356,0.464986292188756
polynomial_degree_1,4.212568421052631,14.77554054054054,heldout,0.867380207781103,0.5093171962943657
polynomial_degree_1,4.212568421052631,15.991756756756754,heldout,0.8583033468185352,0.5255205332899308
polynomial_degree_1,4.212568421052631,17.20797297297297,heldout,0.8659908743092477,0.5097255917207888
polynomial_degree_1,4.212568421052631,18.42418918918919,heldout,0.8560720417618443,0.5250716355014697
polynomial_degree_1,4.212568421052631,19.640405405405403,heldout,0.8555244712548403,0.5255608735793178
polynomial_degree_1,4.212568421052631,20.85662162162162,heldout,0.8225438454963737,0.5782713893021495
polynomial_degree_1,4.212568421052631,22.072837837837838,heldout,0.8093127673663967,0.5978249455051167
polynomial_degree_1,4.212568421052631,23.289054054054056,heldout,0.7981945459662801,0.6128067543933564
polynomial_degree_1,4.212568421052631,24.505270270270266,heldout,0.7884623057061803,0.6249498786317087
polynomial_degree_1,4.212568421052631,25.721486486486484,heldout,0.7671797307854539,0.6505818692512564
polynomial_degree_1,4.212568421052631,26.9377027027027,heldout,0.7364610332571442,0.6850897955136966
polynomial_degree_1,4.212568421052631,28.15391891891892,heldout,0.7521235600260886,0.6651609769639384
polynomial_degree_1,4.212568421052631,29.370135135135136,heldout,0.7570909417120423,0.6562872670186549
polynomial_degree_1,4.212568421052631,30.586351351351354,heldout,0.7708231922048661,0.637327197928957
polynomial_degree_1,4.212568421052631,31.80256756756757,heldout,0.8090111299870877,0.5898110949319973
polynomial_degree_1,4.212568421052631,33.01878378378379,heldout,0.8659257532375492,0.5152679810604109
polynomial_degree_1,4.212568421052631,34.23500000000001,heldout,0.93223470893721,0.43073388796741297
polynomial_degree_1,4.359936842105263,-9.548783783783783,heldout,1.0013694397376258,0.40709244663012883
polynomial_degree_1,4.359936842105263,-8.332567567567567,heldout,0.9372752877507676,0.4734613572684622
polynomial_degree_1,4.359936842105263,-7.116351351351351,heldout,0.8936874283670694,0.5042393152356927
polynomial_degree_1,4.359936842105263,-5.900135135135136,heldout,0.8650737916191453,0.5317701528279034
polynomial_degree_1,4.359936842105263,-4.683918918918918,heldout,0.8293761315486033,0.5708940271036557
polynomial_degree_1,4.359936842105263,-3.4677027027027023,heldout,0.804371375050841,0.5961944720459996
polynomial_degree_1,4.359936842105263,-2.2514864864864865,heldout,0.7457501723786011,0.6674654843287908
polynomial_degree_1,4.359936842105263,-1.0352702702702707,heldout,0.7591506785838215,0.6550844910447905
polynomial_degree_1,4.359936842105263,0.18094594594594504,heldout,0.7661070436301766,0.650072253953152
polynomial_degree_1,4.359936842105263,1.3971621621621626,heldout,0.7752238087394383,0.642555275801033
polynomial_degree_1,4.359936842105263,2.6133783783783784,heldout,0.777190451518061,0.6434182152459834
polynomial_degree_1,4.359936842105263,3.829594594594594,heldout,0.8083382184926738,0.6015207029624663
polynomial_degree_1,4.359936842105263,5.045810810810812,heldout,0.8356645234805145,0.5576895783672194
polynomial_degree_1,4.359936842105263,6.2620270270270275,heldout,0.855894752918963,0.5239758176231595
polynomial_degree_1,4.359936842105263,7.478243243243245,heldout,0.8711656615199427,0.4970765603052496
polynomial_degree_1,4.359936842105263,8.694459459459459,heldout,0.8768744075370908,0.48697367336349934
polynomial_degree_1,4.359936842105263,9.910675675675673,heldout,0.8748433580463073,0.49352360627685615
polynomial_degree_1,4.359936842105263,11.12689189189189,heldout,0.8827161569220298,0.47732546016244276
polynomial_degree_1,4.359936842105263,12.343108108108105,heldout,0.8831778480896433,0.47562741032782857
polynomial_degree_1,4.359936842105263,13.559324324324322,heldout,0.8849536897407131,0.4719211871636445
polynomial_degree_1,4.359936842105263,14.77554054054054,heldout,0.863143889586703,0.5166032635453212
polynomial_degree_1,4.359936842105263,15.991756756756754,heldout,0.8508090515947747,0.5380774794781853
polynomial_degree_1,4.359936842105263,17.20797297297297,heldout,0.8649025415017965,0.5108487402159746
polynomial_degree_1,4.359936842105263,18.42418918918919,heldout,0.851066374420306,0.531915515816994
polynomial_degree_1,4.359936842105263,19.640405405405403,heldout,0.8541948025624071,0.5263467498197683
polynomial_degree_1,4.359936842105263,20.85662162162162,heldout,0.8269036348730495,0.569948937816841
polynomial_degree_1,4.359936842105263,22.072837837837838,heldout,0.8037679956094548,0.6029524441890729
polynomial_degree_1,4.359936842105263,23.289054054054056,heldout,0.8082038999040639,0.5965995145050497
polynomial_degree_1,4.359936842105263,24.505270270270266,heldout,0.7848489756377414,0.6271403858507774
polynomial_degree_1,4.359936842105263,25.721486486486484,heldout,0.7637001150531115,0.6530940570200909
polynomial_degree_1,4.359936842105263,26.9377027027027,heldout,0.7649114307753877,0.6509657295093907
polynomial_degree_1,4.359936842105263,28.15391891891892,heldout,0.7431119375423466,0.6731761568629827
polynomial_degree_1,4.359936842105263,29.370135135135136,heldout,0.7677851417665177,0.6423495259024172
polynomial_degree_1,4.359936842105263,30.586351351351354,heldout,0.773808354223447,0.6334197907504238
polynomial_degree_1,4.359936842105263,31.80256756756757,heldout,0.8207192217931052,0.5746309288207181
polynomial_degree_1,4.359936842105263,33.01878378378379,heldout,0.8698211224241191,0.5137733681793865
polynomial_degree_1,4.359936842105263,34.23500000000001,heldout,0.9340527954478969,0.4293130646207136
polynomial_degree_1,4.507305263157894,-9.548783783783783,heldout,1.0233199279802354,0.3714997513356206
polynomial_degree_1,4.507305263157894,-8.332567567567567,heldout,0.9661862591865491,0.4308305313170089
polynomial_degree_1,4.507305263157894,-7.116351351351351,heldout,0.8881425320292887,0.515857172530178
polynomial_degree_1,4.507305263157894,-5.900135135135136,heldout,0.863987675457946,0.5356726507454849
polynomial_degree_1,4.507305263157894,-4.683918918918918,heldout,0.8370180523716332,0.5640668069894899
polynomial_degree_1,4.507305263157894,-3.4677027027027023,heldout,0.825920121673643,0.5697690063386893
polynomial_degree_1,4.507305263157894,-2.2514864864864865,heldout,0.7793379008107636,0.6266054338666603
polynomial_degree_1,4.507305263157894,-1.0352702702702707,heldout,0.7608181012439994,0.6520210131730051
polynomial_degree_1,4.507305263157894,0.18094594594594504,heldout,0.7677998219493843,0.6464011650801336
polynomial_degree_1,4.507305263157894,1.3971621621621626,heldout,0.7769300119609973,0.6382462473901271
polynomial_degree_1,4.507305263157894,2.6133783783783784,heldout,0.7931064079385642,0.6187556618203064
polynomial_degree_1,4.507305263157894,3.829594594594594,heldout,0.8218493239866859,0.5769936432603552
polynomial_degree_1,4.507305263157894,5.045810810810812,heldout,0.8387687931462582,0.5512248031909573
polynomial_degree_1,4.507305263157894,6.2620270270270275,heldout,0.8530994165629295,0.5271555715522916
polynomial_degree_1,4.507305263157894,7.478243243243245,heldout,0.8693897786350057,0.4986122005671151
polynomial_degree_1,4.507305263157894,8.694459459459459,heldout,0.8656527064046055,0.5067214159828286
polynomial_degree_1,4.507305263157894,9.910675675675673,heldout,0.870283695413415,0.5001767423418353
polynomial_degree_1,4.507305263157894,11.12689189189189,heldout,0.873512419314278,0.49261269243736605
polynomial_degree_1,4.507305263157894,12.343108108108105,heldout,0.8834170691123061,0.47285386998542006
polynomial_degree_1,4.507305263157894,13.559324324324322,heldout,0.8736030470850222,0.49258254339391705
polynomial_degree_1,4.507305263157894,14.77554054054054,heldout,0.8633029806841409,0.5163863032373927
polynomial_degree_1,4.507305263157894,15.991756756756754,heldout,0.8499158473082465,0.5387982209323903
polynomial_degree_1,4.507305263157894,17.20797297297297,heldout,0.8488405313254824,0.5367960774820018
polynomial_degree_1,4.507305263157894,18.42418918918919,heldout,0.852426625168952,0.5284808492134346
polynomial_degree_1,4.507305263157894,19.640405405405403,heldout,0.8380739925042368,0.5509533082196436
polynomial_degree_1,4.507305263157894,20.85662162162162,heldout,0.8396245555434495,0.5485704585115682
polynomial_degree_1,4.507305263157894,22.072837837837838,heldout,0.8084753087439166,0.5942929967220029
polynomial_degree_1,4.507305263157894,23.289054054054056,heldout,0.8107094758082057,0.5907635561760584
polynomial_degree_1,4.507305263157894,24.505270270270266,heldout,0.7748675608047065,0.6377288350031389
polynomial_degree_1,4.507305263157894,25.721486486486484,heldout,0.7657643688444382,0.6489452709933842
polynomial_degree_1,4.507305263157894,26.9377027027027,heldout,0.7797208755540359,0.6306633002142285
polynomial_degree_1,4.507305263157894,28.15391891891892,heldout,0.740757209603818,0.6742032145601757
polynomial_degree_1,4.507305263157894,29.370135135135136,heldout,0.7771490232448102,0.6299128592890942
polynomial_degree_1,4.507305263157894,30.586351351351354,heldout,0.7877901369530572,0.6162451974277624
polynomial_degree_1,4.507305263157894,31.80256756756757,heldout,0.8293062758794093,0.5642149753612561
polynomial_degree_1,4.507305263157894,33.01878378378379,heldout,0.8789584165144941,0.5031286166660155
polynomial_degree_1,4.507305263157894,34.23500000000001,heldout,0.9427827372474351,0.4165837890026725
polynomial_degree_1,1.8,-10.0,boundary,1.121581014784325,0.25302780646153794
polynomial_degree_1,1.8,35.0,boundary,1.0583990749147316,0.2280950395900484
polynomial_degree_1,4.6,-10.0,boundary,1.0477431181799401,0.3541154803817341
polynomial_degree_1,4.6,35.0,boundary,0.9870293710931025,0.3590617541175081
polynomial_degree_3,1.8546736842105263,-9.548783783783783,heldout,1.0324576112507053,0.6107451092523399
polynomial_degree_3,1.8546736842105263,-8.332567567567567,heldout,0.6518834822756664,0.8049041275811705
polynomial_degree_3,1.8546736842105263,-7.116351351351351,heldout,0.5668037124457992,0.8283408238643114
polynomial_degree_3,1.8546736842105263,-5.900135135135136,heldout,0.5564719727922973,0.8311398401935258
polynomial_degree_3,1.8546736842105263,-4.683918918918918,heldout,0.5874299684441348,0.8113747149168041
polynomial_degree_3,1.8546736842105263,-3.4677027027027023,heldout,0.7107992377510166,0.7034110921646031
polynomial_degree_3,1.8546736842105263,-2.2514864864864865,heldout,0.7380979525843082,0.6747273544097416
polynomial_degree_3,1.8546736842105263,-1.0352702702702707,heldout,0.7433077747777211,0.6690094619155671
polynomial_degree_3,1.8546736842105263,0.18094594594594504,heldout,0.7634508997515279,0.6459723080995746
polynomial_degree_3,1.8546736842105263,1.3971621621621626,heldout,0.7923186657267912,0.6117160862914317
polynomial_degree_3,1.8546736842105263,2.6133783783783784,heldout,0.8260001275463795,0.5711829015209716
polynomial_degree_3,1.8546736842105263,3.829594594594594,heldout,0.8756370188976444,0.5053904318437751
polynomial_degree_3,1.8546736842105263,5.045810810810812,heldout,0.8257384331485363,0.568846743592711
polynomial_degree_3,1.8546736842105263,6.2620270270270275,heldout,0.7841098002976606,0.6207630453527737
polynomial_degree_3,1.8546736842105263,7.478243243243245,heldout,0.7549908254683435,0.6570179025027494
polynomial_degree_3,1.8546736842105263,8.694459459459459,heldout,0.7568023605664034,0.6546859210418216
polynomial_degree_3,1.8546736842105263,9.910675675675673,heldout,0.8037911347116826,0.5959580209168533
polynomial_degree_3,1.8546736842105263,11.12689189189189,heldout,0.8367002000588322,0.5513771268054308
polynomial_degree_3,1.8546736842105263,12.343108108108105,heldout,0.8459571765490553,0.5365223138174172
polynomial_degree_3,1.8546736842105263,13.559324324324322,heldout,0.8363547723422384,0.549899999166949
polynomial_degree_3,1.8546736842105263,14.77554054054054,heldout,0.8319182909973781,0.558433870733902
polynomial_degree_3,1.8546736842105263,15.991756756756754,heldout,0.8111095022185831,0.585985485569666
polynomial_degree_3,1.8546736842105263,17.20797297297297,heldout,0.7801300531287204,0.6256397681384323
polynomial_degree_3,1.8546736842105263,18.42418918918919,heldout,0.7681634990728463,0.6404365721574118
polynomial_degree_3,1.8546736842105263,19.640405405405403,heldout,0.7683803858906235,0.6401199721782914
polynomial_degree_3,1.8546736842105263,20.85662162162162,heldout,0.7658085439833066,0.6430751101718533
polynomial_degree_3,1.8546736842105263,22.072837837837838,heldout,0.7973530316373992,0.6038129951623513
polynomial_degree_3,1.8546736842105263,23.289054054054056,heldout,0.8122340765650712,0.5840631623470396
polynomial_degree_3,1.8546736842105263,24.505270270270266,heldout,0.8226476036139361,0.5687142160787152
polynomial_degree_3,1.8546736842105263,25.721486486486484,heldout,0.8180073574071363,0.5754285855007528
polynomial_degree_3,1.8546736842105263,26.9377027027027,heldout,0.7634414437287329,0.6466592561489114
polynomial_degree_3,1.8546736842105263,28.15391891891892,heldout,0.7256332615919255,0.6964532381113447
polynomial_degree_3,1.8546736842105263,29.370135135135136,heldout,0.6348471987748961,0.7857549686617339
polynomial_degree_3,1.8546736842105263,30.586351351351354,heldout,0.5464224124348234,0.8477421076916531
polynomial_degree_3,1.8546736842105263,31.80256756756757,heldout,0.4976764029474281,0.8681580481335847
polynomial_degree_3,1.8546736842105263,33.01878378378379,heldout,0.6195915238802259,0.794852907253217
polynomial_degree_3,1.8546736842105263,34.23500000000001,heldout,0.8359287911117445,0.6891402686124218
polynomial_degree_3,2.002042105263158,-9.548783783783783,heldout,0.9468621600974586,0.6911463487700567
polynomial_degree_3,2.002042105263158,-8.332567567567567,heldout,0.6337336014099717,0.8045837571281685
polynomial_degree_3,2.002042105263158,-7.116351351351351,heldout,0.5508371165434683,0.8366817925219817
polynomial_degree_3,2.002042105263158,-5.900135135135136,heldout,0.5429688202494886,0.8408463346402688
polynomial_degree_3,2.002042105263158,-4.683918918918918,heldout,0.5776691329498513,0.8200209970578801
polynomial_degree_3,2.002042105263158,-3.4677027027027023,heldout,0.6519852407279803,0.759560673036779
polynomial_degree_3,2.002042105263158,-2.2514864864864865,heldout,0.7316114215245898,0.681841268608729
polynomial_degree_3,2.002042105263158,-1.0352702702702707,heldout,0.7390931415198051,0.6736682318453006
polynomial_degree_3,2.002042105263158,0.18094594594594504,heldout,0.7600751715782245,0.6499726443679015
polynomial_degree_3,2.002042105263158,1.3971621621621626,heldout,0.7887153601688203,0.6164246805617251
polynomial_degree_3,2.002042105263158,2.6133783783783784,heldout,0.8213335739858298,0.5761621394477556
polynomial_degree_3,2.002042105263158,3.829594594594594,heldout,0.7903846126025355,0.6138191789896157
polynomial_degree_3,2.002042105263158,5.045810810810812,heldout,0.7727454949299987,0.6348381755742287
polynomial_degree_3,2.002042105263158,6.2620270270270275,heldout,0.7511699735417166,0.6610354835052841
polynomial_degree_3,2.002042105263158,7.478243243243245,heldout,0.7334880834408521,0.6830347547134689
polynomial_degree_3,2.002042105263158,8.694459459459459,heldout,0.7336797758202648,0.6843356235115162
polynomial_degree_3,2.002042105263158,9.910675675675673,heldout,0.7836954195501009,0.621494813549144
polynomial_degree_3,2.002042105263158,11.12689189189189,heldout,0.8138296863907737,0.5812045140610379
polynomial_degree_3,2.002042105263158,12.343108108108105,heldout,0.8084034243395102,0.5887246744857974
polynomial_degree_3,2.002042105263158,13.559324324324322,heldout,0.8148706279926357,0.5798008548353923
polynomial_degree_3,2.002042105263158,14.77554054054054,heldout,0.8206810259436773,0.5718520610682812
polynomial_degree_3,2.002042105263158,15.991756756756754,heldout,0.7753497777479346,0.6315381966156873
polynomial_degree_3,2.002042105263158,17.20797297297297,heldout,0.7471358241303115,0.6651217893191691
polynomial_degree_3,2.002042105263158,18.42418918918919,heldout,0.7697319707502255,0.6398319271576413
polynomial_degree_3,2.002042105263158,19.640405405405403,heldout,0.7448244817287119,0.6679801352329515
polynomial_degree_3,2.002042105263158,20.85662162162162,heldout,0.7370131982928416,0.6763695448767683
polynomial_degree_3,2.002042105263158,22.072837837837838,heldout,0.7677484995797044,0.64086637932739
polynomial_degree_3,2.002042105263158,23.289054054054056,heldout,0.7751721612037689,0.631772370555141
polynomial_degree_3,2.002042105263158,24.505270270270266,heldout,0.7996993656247983,0.6005954905250888
polynomial_degree_3,2.002042105263158,25.721486486486484,heldout,0.7710651493345418,0.6371756955767751
polynomial_degree_3,2.002042105263158,26.9377027027027,heldout,0.7192369825375533,0.6977282703071352
polynomial_degree_3,2.002042105263158,28.15391891891892,heldout,0.7215265836200964,0.703139020160043
polynomial_degree_3,2.002042105263158,29.370135135135136,heldout,0.6157709918695792,0.8030124892844286
polynomial_degree_3,2.002042105263158,30.586351351351354,heldout,0.5253131644388911,0.8632177868594848
polynomial_degree_3,2.002042105263158,31.80256756756757,heldout,0.4661835583875057,0.8867567211029574
polynomial_degree_3,2.002042105263158,33.01878378378379,heldout,0.5939240855784732,0.8094788056606547
polynomial_degree_3,2.002042105263158,34.23500000000001,heldout,0.7888136930308371,0.7166834191710076
polynomial_degree_3,2.1494105263157897,-9.548783783783783,heldout,0.8563445371705859,0.7075229099556987
polynomial_degree_3,2.1494105263157897,-8.332567567567567,heldout,0.6128745232407959,0.8136561753505959
polynomial_degree_3,2.1494105263157897,-7.116351351351351,heldout,0.5536795793246901,0.8333094911138303
polynomial_degree_3,2.1494105263157897,-5.900135135135136,heldout,0.5480316752859843,0.8388589319770478
polynomial_degree_3,2.1494105263157897,-4.683918918918918,heldout,0.5691550441539757,0.8275425301040314
polynomial_degree_3,2.1494105263157897,-3.4677027027027023,heldout,0.6435926777206682,0.7683787959895294
polynomial_degree_3,2.1494105263157897,-2.2514864864864865,heldout,0.7293350926197052,0.6842624466085981
polynomial_degree_3,2.1494105263157897,-1.0352702702702707,heldout,0.7386103183439693,0.674144096784979
polynomial_degree_3,2.1494105263157897,0.18094594594594504,heldout,0.7600387019662298,0.6501922350101573
polynomial_degree_3,2.1494105263157897,1.3971621621621626,heldout,0.7881578501322999,0.6175950207195002
polynomial_degree_3,2.1494105263157897,2.6133783783783784,heldout,0.7914443704716894,0.6144933319813679
polynomial_degree_3,2.1494105263157897,3.829594594594594,heldout,0.7107163833218736,0.704540313556735
polynomial_degree_3,2.1494105263157897,5.045810810810812,heldout,0.7274400187632225,0.6874171315481424
polynomial_degree_3,2.1494105263157897,6.2620270270270275,heldout,0.7192447334681147,0.6977368411915137
polynomial_degree_3,2.1494105263157897,7.478243243243245,heldout,0.7238121954661687,0.6950211101324576
polynomial_degree_3,2.1494105263157897,8.694459459459459,heldout,0.7110440322928566,0.7102016904594805
polynomial_degree_3,2.1494105263157897,9.910675675675673,heldout,0.7231851598281872,0.6946732745249442
polynomial_degree_3,2.1494105263157897,11.12689189189189,heldout,0.7716655127517986,0.6369638283754249
polynomial_degree_3,2.1494105263157897,12.343108108108105,heldout,0.7923705848391988,0.6106958446333149
polynomial_degree_3,2.1494105263157897,13.559324324324322,heldout,0.8034595865318749,0.5955012181976586
polynomial_degree_3,2.1494105263157897,14.77554054054054,heldout,0.7758879295545885,0.6311508771180087
polynomial_degree_3,2.1494105263157897,15.991756756756754,heldout,0.7565348012633697,0.6550747106298167
polynomial_degree_3,2.1494105263157897,17.20797297297297,heldout,0.7364307933721981,0.6783520014936684
polynomial_degree_3,2.1494105263157897,18.42418918918919,heldout,0.7333526644829755,0.6818570004033394
polynomial_degree_3,2.1494105263157897,19.640405405405403,heldout,0.7311702675294114,0.6840867223342808
polynomial_degree_3,2.1494105263157897,20.85662162162162,heldout,0.7074037137331689,0.7086450164170818
polynomial_degree_3,2.1494105263157897,22.072837837837838,heldout,0.7371414672968621,0.6768850102336602
polynomial_degree_3,2.1494105263157897,23.289054054054056,heldout,0.7476594265694378,0.664900797650111
polynomial_degree_3,2.1494105263157897,24.505270270270266,heldout,0.7710862934098403,0.6377335055871948
polynomial_degree_3,2.1494105263157897,25.721486486486484,heldout,0.7495528188971201,0.6641286323034961
polynomial_degree_3,2.1494105263157897,26.9377027027027,heldout,0.698870478874311,0.7209029433735853
polynomial_degree_3,2.1494105263157897,28.15391891891892,heldout,0.6986108497402864,0.7269937894635358
polynomial_degree_3,2.1494105263157897,29.370135135135136,heldout,0.6206482633740721,0.7996571952417663
polynomial_degree_3,2.1494105263157897,30.586351351351354,heldout,0.5320564396375381,0.8608210050390613
polynomial_degree_3,2.1494105263157897,31.80256756756757,heldout,0.4627713334041806,0.8902841082043543
polynomial_degree_3,2.1494105263157897,33.01878378378379,heldout,0.5674169205966487,0.8258858852262747
polynomial_degree_3,2.1494105263157897,34.23500000000001,heldout,0.735350914858295,0.7484237623785845
polynomial_degree_3,2.296778947368421,-9.548783783783783,heldout,0.7891942132483052,0.7493949507280248
polynomial_degree_3,2.296778947368421,-8.332567567567567,heldout,0.5999161723540695,0.8192396037542659
polynomial_degree_3,2.296778947368421,-7.116351351351351,heldout,0.5405770324891181,0.8413420611150936
polynomial_degree_3,2.296778947368421,-5.900135135135136,heldout,0.5413640614784228,0.8445382486778793
polynomial_degree_3,2.296778947368421,-4.683918918918918,heldout,0.5633851722051163,0.8327070393517674
polynomial_degree_3,2.296778947368421,-3.4677027027027023,heldout,0.638660782060531,0.7738255788073287
polynomial_degree_3,2.296778947368421,-2.2514864864864865,heldout,0.6928082432794157,0.7214249651878536
polynomial_degree_3,2.296778947368421,-1.0352702702702707,heldout,0.7412911361433958,0.6712097648660839
polynomial_degree_3,2.296778947368421,0.18094594594594504,heldout,0.7628098205711107,0.6473629826228307
polynomial_degree_3,2.296778947368421,1.3971621621621626,heldout,0.7901633241045711,0.6158927645133052
polynomial_degree_3,2.296778947368421,2.6133783783783784,heldout,0.707121176754171,0.707567319023748
polynomial_degree_3,2.296778947368421,3.829594594594594,heldout,0.6617255623591334,0.7547083671739861
polynomial_degree_3,2.296778947368421,5.045810810810812,heldout,0.6864637401181787,0.7310297981737279
polynomial_degree_3,2.296778947368421,6.2620270270270275,heldout,0.6985674044493152,0.7202690249941229
polynomial_degree_3,2.296778947368421,7.478243243243245,heldout,0.711126895733558,0.7092279543900195
polynomial_degree_3,2.296778947368421,8.694459459459459,heldout,0.6950633550309934,0.7278298023024046
polynomial_degree_3,2.296778947368421,9.910675675675673,heldout,0.7098689607027502,0.7136588469919856
polynomial_degree_3,2.296778947368421,11.12689189189189,heldout,0.7507866016382438,0.6646222367574187
polynomial_degree_3,2.296778947368421,12.343108108108105,heldout,0.7772939159315395,0.6312820542259959
polynomial_degree_3,2.296778947368421,13.559324324324322,heldout,0.7831903023108312,0.6227783039398282
polynomial_degree_3,2.296778947368421,14.77554054054054,heldout,0.7536200337118204,0.6591127157164524
polynomial_degree_3,2.296778947368421,15.991756756756754,heldout,0.7232842611627243,0.6935367690697728
polynomial_degree_3,2.296778947368421,17.20797297297297,heldout,0.7361542263538857,0.6803384151754654
polynomial_degree_3,2.296778947368421,18.42418918918919,heldout,0.7112418560147908,0.7055109294975884
polynomial_degree_3,2.296778947368421,19.640405405405403,heldout,0.7185857992941953,0.6987396561976241
polynomial_degree_3,2.296778947368421,20.85662162162162,heldout,0.6890195500000086,0.7282861540176258
polynomial_degree_3,2.296778947368421,22.072837837837838,heldout,0.6985477164454855,0.7180825837038736
polynomial_degree_3,2.296778947368421,23.289054054054056,heldout,0.7369371188848961,0.677944365031221
polynomial_degree_3,2.296778947368421,24.505270270270266,heldout,0.7376622379368608,0.6770185011449475
polynomial_degree_3,2.296778947368421,25.721486486486484,heldout,0.7235739049719008,0.6940074324578728
polynomial_degree_3,2.296778947368421,26.9377027027027,heldout,0.7029641088302554,0.7184138262378208
polynomial_degree_3,2.296778947368421,28.15391891891892,heldout,0.6694335843701583,0.7537505331805764
polynomial_degree_3,2.296778947368421,29.370135135135136,heldout,0.6362966070708919,0.7864479424669126
polynomial_degree_3,2.296778947368421,30.586351351351354,heldout,0.5185604967379523,0.8699483458705867
polynomial_degree_3,2.296778947368421,31.80256756756757,heldout,0.47338526908762935,0.8864770705859853
polynomial_degree_3,2.296778947368421,33.01878378378379,heldout,0.5268681887111895,0.8516206774872299
polynomial_degree_3,2.296778947368421,34.23500000000001,heldout,0.700603544522229,0.7711118319025583
polynomial_degree_3,2.444147368421053,-9.548783783783783,heldout,0.7773783149440091,0.7365907951515498
polynomial_degree_3,2.444147368421053,-8.332567567567567,heldout,0.5936359981317193,0.8197807943612695
polynomial_degree_3,2.444147368421053,-7.116351351351351,heldout,0.5355791163724574,0.844549942349321
polynomial_degree_3,2.444147368421053,-5.900135135135136,heldout,0.5282233938954215,0.8539728802404176
polynomial_degree_3,2.444147368421053,-4.683918918918918,heldout,0.5599979098274724,0.8358250729644635
polynomial_degree_3,2.444147368421053,-3.4677027027027023,heldout,0.6381430787760256,0.77485629891075
polynomial_degree_3,2.444147368421053,-2.2514864864864865,heldout,0.685642101268827,0.7286476552667029
polynomial_degree_3,2.444147368421053,-1.0352702702702707,heldout,0.7466482476906909,0.6654933734693441
polynomial_degree_3,2.444147368421053,0.18094594594594504,heldout,0.7679416800053264,0.6420654401652509
polynomial_degree_3,2.444147368421053,1.3971621621621626,heldout,0.7943312199157244,0.6118461272504007
polynomial_degree_3,2.444147368421053,2.6133783783783784,heldout,0.6613864843296059,0.7528455319784488
polynomial_degree_3,2.444147368421053,3.829594594594594,heldout,0.6468857070010544,0.7690299945969178
polynomial_degree_3,2.444147368421053,5.045810810810812,heldout,0.6561892927499423,0.7602459749590144
polynomial_degree_3,2.444147368421053,6.2620270270270275,heldout,0.694814838510566,0.72495416545279
polynomial_degree_3,2.444147368421053,7.478243243243245,heldout,0.7081401938005986,0.7128912990048584
polynomial_degree_3,2.444147368421053,8.694459459459459,heldout,0.6982024520660234,0.7259400557877628
polynomial_degree_3,2.444147368421053,9.910675675675673,heldout,0.7004376983719559,0.7265700108102414
polynomial_degree_3,2.444147368421053,11.12689189189189,heldout,0.730127390111034,0.6913836012423701
polynomial_degree_3,2.444147368421053,12.343108108108105,heldout,0.7512597532103839,0.6641148606195775
polynomial_degree_3,2.444147368421053,13.559324324324322,heldout,0.7659421345751563,0.6451147525682462
polynomial_degree_3,2.444147368421053,14.77554054054054,heldout,0.7502934814119522,0.6650764277016684
polynomial_degree_3,2.444147368421053,15.991756756756754,heldout,0.722209042154077,0.6967764651074564
polynomial_degree_3,2.444147368421053,17.20797297297297,heldout,0.7101528663665598,0.7087218487655376
polynomial_degree_3,2.444147368421053,18.42418918918919,heldout,0.7010298854512051,0.716656137685071
polynomial_degree_3,2.444147368421053,19.640405405405403,heldout,0.6851492797986818,0.7328035099474113
polynomial_degree_3,2.444147368421053,20.85662162162162,heldout,0.6801021902064225,0.7380633240527513
polynomial_degree_3,2.444147368421053,22.072837837837838,heldout,0.6676566842627311,0.7484173465063486
polynomial_degree_3,2.444147368421053,23.289054054054056,heldout,0.7148710447221478,0.7020710750030534
polynomial_degree_3,2.444147368421053,24.505270270270266,heldout,0.6962746549238803,0.720749768868999
polynomial_degree_3,2.444147368421053,25.721486486486484,heldout,0.6923989608989115,0.7268014319045641
polynomial_degree_3,2.444147368421053,26.9377027027027,heldout,0.7110850835209357,0.7112420110052458
polynomial_degree_3,2.444147368421053,28.15391891891892,heldout,0.6497936913136284,0.769757816483891
polynomial_degree_3,2.444147368421053,29.370135135135136,heldout,0.6270398871319008,0.7930140121069535
polynomial_degree_3,2.444147368421053,30.586351351351354,heldout,0.5097662486158064,0.8750850531998755
polynomial_degree_3,2.444147368421053,31.80256756756757,heldout,0.4845830749896128,0.8815031482129062
polynomial_degree_3,2.444147368421053,33.01878378378379,heldout,0.4988268370749426,0.8674181387885996
polynomial_degree_3,2.444147368421053,34.23500000000001,heldout,0.6705331321134951,0.7832516831524794
polynomial_degree_3,2.591515789473684,-9.548783783783783,heldout,0.7530774273387371,0.749659901051135
polynomial_degree_3,2.591515789473684,-8.332567567567567,heldout,0.5976583630516143,0.8127399531503696
polynomial_degree_3,2.591515789473684,-7.116351351351351,heldout,0.5358121622796327,0.8447010927461448
polynomial_degree_3,2.591515789473684,-5.900135135135136,heldout,0.5320334932149129,0.8526823856352967
polynomial_degree_3,2.591515789473684,-4.683918918918918,heldout,0.5849567341930078,0.8190057365556399
polynomial_degree_3,2.591515789473684,-3.4677027027027023,heldout,0.6358793780537075,0.7766879165905952
polynomial_degree_3,2.591515789473684,-2.2514864864864865,heldout,0.6905548391909553,0.7238738981311472
polynomial_degree_3,2.591515789473684,-1.0352702702702707,heldout,0.7542670972166633,0.6574871300421807
polynomial_degree_3,2.591515789473684,0.18094594594594504,heldout,0.7750602675251382,0.6347459039278206
polynomial_degree_3,2.591515789473684,1.3971621621621626,heldout,0.7290675727765153,0.6846538032005417
polynomial_degree_3,2.591515789473684,2.6133783783783784,heldout,0.6559294459252721,0.7582822356681664
polynomial_degree_3,2.591515789473684,3.829594594594594,heldout,0.6437166814839856,0.7713391933393031
polynomial_degree_3,2.591515789473684,5.045810810810812,heldout,0.6338870647184891,0.7800229308008143
polynomial_degree_3,2.591515789473684,6.2620270270270275,heldout,0.6782718571358283,0.7409894975384623
polynomial_degree_3,2.591515789473684,7.478243243243245,heldout,0.6680262182772851,0.7520200262905865
polynomial_degree_3,2.591515789473684,8.694459459459459,heldout,0.6822304291273947,0.7419345476138243
polynomial_degree_3,2.591515789473684,9.910675675675673,heldout,0.6931566851423983,0.7347696815973999
polynomial_degree_3,2.591515789473684,11.12689189189189,heldout,0.6947092320637709,0.7305414942100027
polynomial_degree_3,2.591515789473684,12.343108108108105,heldout,0.7484799982223445,0.6688689814505167
polynomial_degree_3,2.591515789473684,13.559324324324322,heldout,0.7408309061137742,0.6759554866447215
polynomial_degree_3,2.591515789473684,14.77554054054054,heldout,0.7314391872250101,0.6877036105189931
polynomial_degree_3,2.591515789473684,15.991756756756754,heldout,0.710846712696791,0.7099366198510141
polynomial_degree_3,2.591515789473684,17.20797297297297,heldout,0.6815462888280747,0.7370789736633094
polynomial_degree_3,2.591515789473684,18.42418918918919,heldout,0.705470037899082,0.7133521499238138
polynomial_degree_3,2.591515789473684,19.640405405405403,heldout,0.6481680928988901,0.7667162335885873
polynomial_degree_3,2.591515789473684,20.85662162162162,heldout,0.6733451596840585,0.7452970290466623
polynomial_degree_3,2.591515789473684,22.072837837837838,heldout,0.6588060378016396,0.7576485054117661
polynomial_degree_3,2.591515789473684,23.289054054054056,heldout,0.6885886007592564,0.7291423476527085
polynomial_degree_3,2.591515789473684,24.505270270270266,heldout,0.6720164378224256,0.7441480988117921
polynomial_degree_3,2.591515789473684,25.721486486486484,heldout,0.6853647164041341,0.7338765490397297
polynomial_degree_3,2.591515789473684,26.9377027027027,heldout,0.7087709330477825,0.7128307360935986
polynomial_degree_3,2.591515789473684,28.15391891891892,heldout,0.6379045896264309,0.7789724460460788
polynomial_degree_3,2.591515789473684,29.370135135135136,heldout,0.632135650215084,0.7881203882373903
polynomial_degree_3,2.591515789473684,30.586351351351354,heldout,0.5236944853843346,0.8665351043677159
polynomial_degree_3,2.591515789473684,31.80256756756757,heldout,0.47268438596742224,0.8884623230255748
polynomial_degree_3,2.591515789473684,33.01878378378379,heldout,0.48541129195845806,0.8744741557072576
polynomial_degree_3,2.591515789473684,34.23500000000001,heldout,0.6635572906865692,0.7834827445995441
polynomial_degree_3,2.738884210526316,-9.548783783783783,heldout,0.7356048748604811,0.753601826193585
polynomial_degree_3,2.738884210526316,-8.332567567567567,heldout,0.5901154317622556,0.8163064642206941
polynomial_degree_3,2.738884210526316,-7.116351351351351,heldout,0.48284161575881207,0.8762298380979272
polynomial_degree_3,2.738884210526316,-5.900135135135136,heldout,0.5429850930637642,0.8464612218553434
polynomial_degree_3,2.738884210526316,-4.683918918918918,heldout,0.5842757527956591,0.8201909681798422
polynomial_degree_3,2.738884210526316,-3.4677027027027023,heldout,0.6342033433513871,0.7778009964733646
polynomial_degree_3,2.738884210526316,-2.2514864864864865,heldout,0.6972907097802192,0.7171005079882476
polynomial_degree_3,2.738884210526316,-1.0352702702702707,heldout,0.7508289253963443,0.6623530042103161
polynomial_degree_3,2.738884210526316,0.18094594594594504,heldout,0.7838525538725524,0.6257411367274647
polynomial_degree_3,2.738884210526316,1.3971621621621626,heldout,0.6721040264685344,0.7413440115807304
polynomial_degree_3,2.738884210526316,2.6133783783783784,heldout,0.6489622373467396,0.763905599914644
polynomial_degree_3,2.738884210526316,3.829594594594594,heldout,0.6464248243285008,0.7680244468919126
polynomial_degree_3,2.738884210526316,5.045810810810812,heldout,0.6558070248066984,0.7615218880398069
polynomial_degree_3,2.738884210526316,6.2620270270270275,heldout,0.6658148756167628,0.7522130435754952
polynomial_degree_3,2.738884210526316,7.478243243243245,heldout,0.6785593272354462,0.7429806225502559
polynomial_degree_3,2.738884210526316,8.694459459459459,heldout,0.6903846720627375,0.7343663256546722
polynomial_degree_3,2.738884210526316,9.910675675675673,heldout,0.697078710722244,0.7309556963976613
polynomial_degree_3,2.738884210526316,11.12689189189189,heldout,0.7106011204899461,0.7170544935084155
polynomial_degree_3,2.738884210526316,12.343108108108105,heldout,0.7415875759533195,0.6772845919222195
polynomial_degree_3,2.738884210526316,13.559324324324322,heldout,0.7196642290631206,0.7006401667824148
polynomial_degree_3,2.738884210526316,14.77554054054054,heldout,0.7059301663874685,0.7156698983723048
polynomial_degree_3,2.738884210526316,15.991756756756754,heldout,0.7188623842350242,0.7026338244961999
polynomial_degree_3,2.738884210526316,17.20797297297297,heldout,0.6802886060926495,0.7385634305557086
polynomial_degree_3,2.738884210526316,18.42418918918919,heldout,0.6845051908707188,0.7344777164403947
polynomial_degree_3,2.738884210526316,19.640405405405403,heldout,0.6362973953392608,0.7775660667864931
polynomial_degree_3,2.738884210526316,20.85662162162162,heldout,0.659505615978508,0.7582390593161116
polynomial_degree_3,2.738884210526316,22.072837837837838,heldout,0.6513151675128959,0.7649828511082497
polynomial_degree_3,2.738884210526316,23.289054054054056,heldout,0.6488310486819574,0.7656336418186273
polynomial_degree_3,2.738884210526316,24.505270270270266,heldout,0.6726302743860438,0.7443211702947979
polynomial_degree_3,2.738884210526316,25.721486486486484,heldout,0.6934662041038404,0.7258271347569355
polynomial_degree_3,2.738884210526316,26.9377027027027,heldout,0.6874796324153858,0.7325592129206429
polynomial_degree_3,2.738884210526316,28.15391891891892,heldout,0.6526449777560988,0.7659162618634694
polynomial_degree_3,2.738884210526316,29.370135135135136,heldout,0.5984631344198493,0.8134363497451355
polynomial_degree_3,2.738884210526316,30.586351351351354,heldout,0.5405912522526688,0.8554909039912276
polynomial_degree_3,2.738884210526316,31.80256756756757,heldout,0.47224925907398485,0.8889704426437515
polynomial_degree_3,2.738884210526316,33.01878378378379,heldout,0.4770450375028614,0.878911327687494
polynomial_degree_3,2.738884210526316,34.23500000000001,heldout,0.6394821564133752,0.801551533756187
polynomial_degree_3,2.886252631578947,-9.548783783783783,heldout,0.7231107959574645,0.7549727453913893
polynomial_degree_3,2.886252631578947,-8.332567567567567,heldout,0.6009166579528354,0.8063801254034456
polynomial_degree_3,2.886252631578947,-7.116351351351351,heldout,0.5448758122955448,0.8395326410938132
polynomial_degree_3,2.886252631578947,-5.900135135135136,heldout,0.5167832377857519,0.8629513849141163
polynomial_degree_3,2.886252631578947,-4.683918918918918,heldout,0.5821477459653266,0.8218398312573958
polynomial_degree_3,2.886252631578947,-3.4677027027027023,heldout,0.6351653524804943,0.776546252834813
polynomial_degree_3,2.886252631578947,-2.2514864864864865,heldout,0.7004649016750281,0.7138117664829643
polynomial_degree_3,2.886252631578947,-1.0352702702702707,heldout,0.7643073782321951,0.6478076284071164
polynomial_degree_3,2.886252631578947,0.18094594594594504,heldout,0.7940527021226568,0.6153044332685332
polynomial_degree_3,2.886252631578947,1.3971621621621626,heldout,0.6694233696553115,0.7436597258701656
polynomial_degree_3,2.886252631578947,2.6133783783783784,heldout,0.6537293246381306,0.7589673010651415
polynomial_degree_3,2.886252631578947,3.829594594594594,heldout,0.6503772969704674,0.7635427747613925
polynomial_degree_3,2.886252631578947,5.045810810810812,heldout,0.659091367555361,0.7575219379163094
polynomial_degree_3,2.886252631578947,6.2620270270270275,heldout,0.6709541479126321,0.747168838877392
polynomial_degree_3,2.886252631578947,7.478243243243245,heldout,0.6549292363655613,0.7639608197400465
polynomial_degree_3,2.886252631578947,8.694459459459459,heldout,0.6749456238708058,0.74857980604837
polynomial_degree_3,2.886252631578947,9.910675675675673,heldout,0.6924585256730016,0.7345098886270423
polynomial_degree_3,2.886252631578947,11.12689189189189,heldout,0.7083917862474584,0.7188901122969383
polynomial_degree_3,2.886252631578947,12.343108108108105,heldout,0.7103071717678185,0.711638529480276
polynomial_degree_3,2.886252631578947,13.559324324324322,heldout,0.7197955235325372,0.7019143595850251
polynomial_degree_3,2.886252631578947,14.77554054054054,heldout,0.7077614510852382,0.714540453346889
polynomial_degree_3,2.886252631578947,15.991756756756754,heldout,0.6977763782596526,0.723764658705791
polynomial_degree_3,2.886252631578947,17.20797297297297,heldout,0.7064587290942873,0.7134112878055326
polynomial_degree_3,2.886252631578947,18.42418918918919,heldout,0.6334319830398144,0.7793770884562388
polynomial_degree_3,2.886252631578947,19.640405405405403,heldout,0.655434160621059,0.7618305390110758
polynomial_degree_3,2.886252631578947,20.85662162162162,heldout,0.6335342849665676,0.7802190281050595
polynomial_degree_3,2.886252631578947,22.072837837837838,heldout,0.6492802270379068,0.7669432053005792
polynomial_degree_3,2.886252631578947,23.289054054054056,heldout,0.6305879999438845,0.7812620847321065
polynomial_degree_3,2.886252631578947,24.505270270270266,heldout,0.6679904637141777,0.7483868363414721
polynomial_degree_3,2.886252631578947,25.721486486486484,heldout,0.6842791067852905,0.7336312695247507
polynomial_degree_3,2.886252631578947,26.9377027027027,heldout,0.6650251004844294,0.7521980306457176
polynomial_degree_3,2.886252631578947,28.15391891891892,heldout,0.674891456187164,0.745452184210091
polynomial_degree_3,2.886252631578947,29.370135135135136,heldout,0.5779909404580705,0.827444752094648
polynomial_degree_3,2.886252631578947,30.586351351351354,heldout,0.5600366150198264,0.8422257184381907
polynomial_degree_3,2.886252631578947,31.80256756756757,heldout,0.4658197568378984,0.8928596309708158
polynomial_degree_3,2.886252631578947,33.01878378378379,heldout,0.4438484461433393,0.8961665168294067
polynomial_degree_3,2.886252631578947,34.23500000000001,heldout,0.6222095501473673,0.8116161898580211
polynomial_degree_3,3.033621052631579,-9.548783783783783,heldout,0.7080787587291987,0.7652597688072034
polynomial_degree_3,3.033621052631579,-8.332567567567567,heldout,0.5895472269624856,0.8140653889355022
polynomial_degree_3,3.033621052631579,-7.116351351351351,heldout,0.49467012884486694,0.8701080959957019
polynomial_degree_3,3.033621052631579,-5.900135135135136,heldout,0.5551271839998492,0.8387872934768718
polynomial_degree_3,3.033621052631579,-4.683918918918918,heldout,0.585452279555956,0.8188136455191231
polynomial_degree_3,3.033621052631579,-3.4677027027027023,heldout,0.6388500089092779,0.772745611839697
polynomial_degree_3,3.033621052631579,-2.2514864864864865,heldout,0.7035651910165867,0.7106443477899359
polynomial_degree_3,3.033621052631579,-1.0352702702702707,heldout,0.7684543199749987,0.6437621480260733
polynomial_degree_3,3.033621052631579,0.18094594594594504,heldout,0.6915786100143564,0.7223307535941926
polynomial_degree_3,3.033621052631579,1.3971621621621626,heldout,0.6737055853090116,0.7393598345150278
polynomial_degree_3,3.033621052631579,2.6133783783783784,heldout,0.6581586118501095,0.7543306363108043
polynomial_degree_3,3.033621052631579,3.829594594594594,heldout,0.6541557236891727,0.7592846812383693
polynomial_degree_3,3.033621052631579,5.045810810810812,heldout,0.6619438467300633,0.7539079249579435
polynomial_degree_3,3.033621052631579,6.2620270270270275,heldout,0.6234553052623529,0.7876787481063258
polynomial_degree_3,3.033621052631579,7.478243243243245,heldout,0.6757955729992661,0.7444190396720002
polynomial_degree_3,3.033621052631579,8.694459459459459,heldout,0.6905301227163646,0.7329229706749293
polynomial_degree_3,3.033621052631579,9.910675675675673,heldout,0.6953421354422824,0.7302406551738359
polynomial_degree_3,3.033621052631579,11.12689189189189,heldout,0.710299507413389,0.7147793581254135
polynomial_degree_3,3.033621052631579,12.343108108108105,heldout,0.6891061800605264,0.733989826310471
polynomial_degree_3,3.033621052631579,13.559324324324322,heldout,0.7067032990775313,0.7158060055625631
polynomial_degree_3,3.033621052631579,14.77554054054054,heldout,0.7132975618570108,0.7091956107034424
polynomial_degree_3,3.033621052631579,15.991756756756754,heldout,0.6934326800301899,0.7275316748181121
polynomial_degree_3,3.033621052631579,17.20797297297297,heldout,0.7021432800420374,0.7178027646396401
polynomial_degree_3,3.033621052631579,18.42418918918919,heldout,0.609100551250473,0.7988191119416345
polynomial_degree_3,3.033621052631579,19.640405405405403,heldout,0.6616497729197726,0.755997556387026
polynomial_degree_3,3.033621052631579,20.85662162162162,heldout,0.6248390315533531,0.7867104259265064
polynomial_degree_3,3.033621052631579,22.072837837837838,heldout,0.6511197518390153,0.7651642787070724
polynomial_degree_3,3.033621052631579,23.289054054054056,heldout,0.6054128794576636,0.8008168241993812
polynomial_degree_3,3.033621052631579,24.505270270270266,heldout,0.6582395115801992,0.7567592058912482
polynomial_degree_3,3.033621052631579,25.721486486486484,heldout,0.6746419394716644,0.7417199158168913
polynomial_degree_3,3.033621052631579,26.9377027027027,heldout,0.6610238722312285,0.7549749371400772
polynomial_degree_3,3.033621052631579,28.15391891891892,heldout,0.6791546893979298,0.7407271976096154
polynomial_degree_3,3.033621052631579,29.370135135135136,heldout,0.5730851920751426,0.8299464718758611
polynomial_degree_3,3.033621052631579,30.586351351351354,heldout,0.5739711677900443,0.8319630070121176
polynomial_degree_3,3.033621052631579,31.80256756756757,heldout,0.4673858927226338,0.8921760330648175
polynomial_degree_3,3.033621052631579,33.01878378378379,heldout,0.42821880641678384,0.9037057001743859
polynomial_degree_3,3.033621052631579,34.23500000000001,heldout,0.6060089772521647,0.8216947147003432
polynomial_degree_3,3.1809894736842104,-9.548783783783783,heldout,0.7169398510397751,0.7499649337886367
polynomial_degree_3,3.1809894736842104,-8.332567567567567,heldout,0.6033935912970878,0.8028447777720176
polynomial_degree_3,3.1809894736842104,-7.116351351351351,heldout,0.5097605109806647,0.861584989017155
polynomial_degree_3,3.1809894736842104,-5.900135135135136,heldout,0.5151452961630895,0.8647575924019186
polynomial_degree_3,3.1809894736842104,-4.683918918918918,heldout,0.5936589327282968,0.8115034367884435
polynomial_degree_3,3.1809894736842104,-3.4677027027027023,heldout,0.6460152283139221,0.7657757796665867
polynomial_degree_3,3.1809894736842104,-2.2514864864864865,heldout,0.7067079312503675,0.7075238999732362
polynomial_degree_3,3.1809894736842104,-1.0352702702702707,heldout,0.7594167895635694,0.6546961877751581
polynomial_degree_3,3.1809894736842104,0.18094594594594504,heldout,0.7226693525119134,0.6919655311855479
polynomial_degree_3,3.1809894736842104,1.3971621621621626,heldout,0.6728715666489428,0.739891759905216
polynomial_degree_3,3.1809894736842104,2.6133783783783784,heldout,0.6606642755249146,0.7515493585539155
polynomial_degree_3,3.1809894736842104,3.829594594594594,heldout,0.6577344738914366,0.7553181672508497
polynomial_degree_3,3.1809894736842104,5.045810810810812,heldout,0.6649690155758239,0.7501945335580182
polynomial_degree_3,3.1809894736842104,6.2620270270270275,heldout,0.6605226344512019,0.7557670802722278
polynomial_degree_3,3.1809894736842104,7.478243243243245,heldout,0.6665159762447119,0.7512653993639506
polynomial_degree_3,3.1809894736842104,8.694459459459459,heldout,0.6781930968692362,0.7428910484816423
polynomial_degree_3,3.1809894736842104,9.910675675675673,heldout,0.699076442134706,0.7244801222546016
polynomial_degree_3,3.1809894736842104,11.12689189189189,heldout,0.7187303531790048,0.7043222780560192
polynomial_degree_3,3.1809894736842104,12.343108108108105,heldout,0.6987624059531217,0.7249999096173753
polynomial_degree_3,3.1809894736842104,13.559324324324322,heldout,0.6975749560994529,0.7249099190012835
polynomial_degree_3,3.1809894736842104,14.77554054054054,heldout,0.6934115941039167,0.7280293720651019
polynomial_degree_3,3.1809894736842104,15.991756756756754,heldout,0.7015609510041708,0.7186246998973768
polynomial_degree_3,3.1809894736842104,17.20797297297297,heldout,0.6795072453977022,0.739095427602912
polynomial_degree_3,3.1809894736842104,18.42418918918919,heldout,0.6334650953305211,0.7792416961671126
polynomial_degree_3,3.1809894736842104,19.640405405405403,heldout,0.6323045954979305,0.779994608426132
polynomial_degree_3,3.1809894736842104,20.85662162162162,heldout,0.6402194593034577,0.7733709254676925
polynomial_degree_3,3.1809894736842104,22.072837837837838,heldout,0.6374762349597722,0.7756603587326792
polynomial_degree_3,3.1809894736842104,23.289054054054056,heldout,0.6235399776104051,0.7863076240921756
polynomial_degree_3,3.1809894736842104,24.505270270270266,heldout,0.6557724740188162,0.7582821760379851
polynomial_degree_3,3.1809894736842104,25.721486486486484,heldout,0.6878157793098741,0.7290875678412363
polynomial_degree_3,3.1809894736842104,26.9377027027027,heldout,0.6682707643781813,0.7477887443459886
polynomial_degree_3,3.1809894736842104,28.15391891891892,heldout,0.6649562281041156,0.7528004343016889
polynomial_degree_3,3.1809894736842104,29.370135135135136,heldout,0.5870459957693415,0.8189300365318813
polynomial_degree_3,3.1809894736842104,30.586351351351354,heldout,0.5516949485766642,0.8458302732049828
polynomial_degree_3,3.1809894736842104,31.80256756756757,heldout,0.4694763033493208,0.8903821347913882
polynomial_degree_3,3.1809894736842104,33.01878378378379,heldout,0.44149467490923805,0.8972708588827637
polynomial_degree_3,3.1809894736842104,34.23500000000001,heldout,0.6093139299891546,0.8170446206976621
polynomial_degree_3,3.328357894736842,-9.548783783783783,heldout,0.6993500810822972,0.768697542826455
polynomial_degree_3,3.328357894736842,-8.332567567567567,heldout,0.5833385864366769,0.817558191688264
polynomial_degree_3,3.328357894736842,-7.116351351351351,heldout,0.5119935736545923,0.8604830928214299
polynomial_degree_3,3.328357894736842,-5.900135135135136,heldout,0.5141739380201706,0.8653263231038141
polynomial_degree_3,3.328357894736842,-4.683918918918918,heldout,0.6047152743727747,0.801590876458366
polynomial_degree_3,3.328357894736842,-3.4677027027027023,heldout,0.65133723305401,0.7604324872853662
polynomial_degree_3,3.328357894736842,-2.2514864864864865,heldout,0.7033488013861439,0.7109211281992266
polynomial_degree_3,3.328357894736842,-1.0352702702702707,heldout,0.7055612265330967,0.7098472545056467
polynomial_degree_3,3.328357894736842,0.18094594594594504,heldout,0.7179600833427192,0.6968966931636461
polynomial_degree_3,3.328357894736842,1.3971621621621626,heldout,0.679115674471581,0.7340512627051965
polynomial_degree_3,3.328357894736842,2.6133783783783784,heldout,0.6617855080634444,0.7502243501811096
polynomial_degree_3,3.328357894736842,3.829594594594594,heldout,0.6602107431175255,0.7525255912173844
polynomial_degree_3,3.328357894736842,5.045810810810812,heldout,0.6618484972666787,0.752226247778454
polynomial_degree_3,3.328357894736842,6.2620270270270275,heldout,0.6738264027575006,0.742418300668976
polynomial_degree_3,3.328357894736842,7.478243243243245,heldout,0.6730390212694147,0.7436865329080462
polynomial_degree_3,3.328357894736842,8.694459459459459,heldout,0.7006584531203136,0.719531634716871
polynomial_degree_3,3.328357894736842,9.910675675675673,heldout,0.705652128522168,0.7159190150496709
polynomial_degree_3,3.328357894736842,11.12689189189189,heldout,0.700781016912236,0.7211152972359851
polynomial_degree_3,3.328357894736842,12.343108108108105,heldout,0.7086554359890576,0.7145288972156448
polynomial_degree_3,3.328357894736842,13.559324324324322,heldout,0.6911803538602584,0.7303748759523425
polynomial_degree_3,3.328357894736842,14.77554054054054,heldout,0.6960819059910861,0.7241230976188326
polynomial_degree_3,3.328357894736842,15.991756756756754,heldout,0.7122407932933167,0.7067404308548426
polynomial_degree_3,3.328357894736842,17.20797297297297,heldout,0.6543012612398472,0.7610065482762156
polynomial_degree_3,3.328357894736842,18.42418918918919,heldout,0.6945770268834723,0.7246585508899073
polynomial_degree_3,3.328357894736842,19.640405405405403,heldout,0.6135383749097107,0.7938233929089473
polynomial_degree_3,3.328357894736842,20.85662162162162,heldout,0.6507974512388973,0.7632558805179979
polynomial_degree_3,3.328357894736842,22.072837837837838,heldout,0.6323940127471338,0.7786685447139461
polynomial_degree_3,3.328357894736842,23.289054054054056,heldout,0.6359034686529325,0.7751990824465559
polynomial_degree_3,3.328357894736842,24.505270270270266,heldout,0.6450061534793364,0.7667183803331662
polynomial_degree_3,3.328357894736842,25.721486486486484,heldout,0.6802001770367915,0.7356980783431896
polynomial_degree_3,3.328357894736842,26.9377027027027,heldout,0.6968098679330307,0.7205193278568266
polynomial_degree_3,3.328357894736842,28.15391891891892,heldout,0.633960735722613,0.7783695984272816
polynomial_degree_3,3.328357894736842,29.370135135135136,heldout,0.6098038373163586,0.8008007461399514
polynomial_degree_3,3.328357894736842,30.586351351351354,heldout,0.5436026119443517,0.8501226930713607
polynomial_degree_3,3.328357894736842,31.80256756756757,heldout,0.4709240120142837,0.889324364834502
polynomial_degree_3,3.328357894736842,33.01878378378379,heldout,0.45341074155528566,0.8913695750090102
polynomial_degree_3,3.328357894736842,34.23500000000001,heldout,0.6088081086466028,0.8157209130547477
polynomial_degree_3,3.4757263157894736,-9.548783783783783,heldout,0.7122604536779061,0.7545640614077336
polynomial_degree_3,3.4757263157894736,-8.332567567567567,heldout,0.5981185843765099,0.8061380889327392
polynomial_degree_3,3.4757263157894736,-7.116351351351351,heldout,0.5243111948374544,0.8532838189374289
polynomial_degree_3,3.4757263157894736,-5.900135135135136,heldout,0.5323249872421854,0.8539783258273808
polynomial_degree_3,3.4757263157894736,-4.683918918918918,heldout,0.5834971470923556,0.8164090114915675
polynomial_degree_3,3.4757263157894736,-3.4677027027027023,heldout,0.6545109646362176,0.7570733618074245
polynomial_degree_3,3.4757263157894736,-2.2514864864864865,heldout,0.7107015230541036,0.7040711928518744
polynomial_degree_3,3.4757263157894736,-1.0352702702702707,heldout,0.7079923367253671,0.7066267212832327
polynomial_degree_3,3.4757263157894736,0.18094594594594504,heldout,0.7143057653708997,0.7007070608299764
polynomial_degree_3,3.4757263157894736,1.3971621621621626,heldout,0.7230944920519659,0.6922651073453632
polynomial_degree_3,3.4757263157894736,2.6133783783783784,heldout,0.6634629749343246,0.7483732987612975
polynomial_degree_3,3.4757263157894736,3.829594594594594,heldout,0.6613385688046886,0.7510789676606358
polynomial_degree_3,3.4757263157894736,5.045810810810812,heldout,0.6519429843076012,0.7603401042776691
polynomial_degree_3,3.4757263157894736,6.2620270270270275,heldout,0.6773869387876504,0.7375363557735933
polynomial_degree_3,3.4757263157894736,7.478243243243245,heldout,0.6965775707931627,0.7198049286193164
polynomial_degree_3,3.4757263157894736,8.694459459459459,heldout,0.6895992824280102,0.7284346222896436
polynomial_degree_3,3.4757263157894736,9.910675675675673,heldout,0.707434970228465,0.7123233827055536
polynomial_degree_3,3.4757263157894736,11.12689189189189,heldout,0.6917985325699016,0.7288152423704528
polynomial_degree_3,3.4757263157894736,12.343108108108105,heldout,0.703480703359026,0.7180617174051173
polynomial_degree_3,3.4757263157894736,13.559324324324322,heldout,0.6972309012592828,0.7228481944897666
polynomial_degree_3,3.4757263157894736,14.77554054054054,heldout,0.7208210491184809,0.6975939048442593
polynomial_degree_3,3.4757263157894736,15.991756756756754,heldout,0.6943449336356677,0.7234255114418955
polynomial_degree_3,3.4757263157894736,17.20797297297297,heldout,0.6619937143000507,0.7534036870475664
polynomial_degree_3,3.4757263157894736,18.42418918918919,heldout,0.6629058303047913,0.7524848776078791
polynomial_degree_3,3.4757263157894736,19.640405405405403,heldout,0.6290386358165462,0.7804628509048066
polynomial_degree_3,3.4757263157894736,20.85662162162162,heldout,0.6622736722104321,0.7521250884488497
polynomial_degree_3,3.4757263157894736,22.072837837837838,heldout,0.6265216161085096,0.7820598397021077
polynomial_degree_3,3.4757263157894736,23.289054054054056,heldout,0.6638880590164732,0.7502304688102321
polynomial_degree_3,3.4757263157894736,24.505270270270266,heldout,0.6404337275649056,0.7698341225624955
polynomial_degree_3,3.4757263157894736,25.721486486486484,heldout,0.6646254891826333,0.7492565286681305
polynomial_degree_3,3.4757263157894736,26.9377027027027,heldout,0.6973953500017399,0.7194740501204286
polynomial_degree_3,3.4757263157894736,28.15391891891892,heldout,0.6262706046185652,0.783925470300545
polynomial_degree_3,3.4757263157894736,29.370135135135136,heldout,0.6313703020605039,0.7829272575822072
polynomial_degree_3,3.4757263157894736,30.586351351351354,heldout,0.5241313902961958,0.8614478643648443
polynomial_degree_3,3.4757263157894736,31.80256756756757,heldout,0.46857076812232856,0.8901380309755308
polynomial_degree_3,3.4757263157894736,33.01878378378379,heldout,0.4466254177532809,0.8947424897763142
polynomial_degree_3,3.4757263157894736,34.23500000000001,heldout,0.6038936583178031,0.8182877853426602
polynomial_degree_3,3.623094736842105,-9.548783783783783,heldout,0.7011728834362289,0.7692336317098255
polynomial_degree_3,3.623094736842105,-8.332567567567567,heldout,0.5600892988081423,0.833325313935103
polynomial_degree_3,3.623094736842105,-7.116351351351351,heldout,0.5364310093512051,0.8457288339062632
polynomial_degree_3,3.623094736842105,-5.900135135135136,heldout,0.5243758408655372,0.8584809072841946
polynomial_degree_3,3.623094736842105,-4.683918918918918,heldout,0.5851711242402831,0.8154999774842002
polynomial_degree_3,3.623094736842105,-3.4677027027027023,heldout,0.6638724032585108,0.7482227019262017
polynomial_degree_3,3.623094736842105,-2.2514864864864865,heldout,0.7098368069899798,0.7054833353903833
polynomial_degree_3,3.623094736842105,-1.0352702702702707,heldout,0.7059070450908003,0.7087801830934839
polynomial_degree_3,3.623094736842105,0.18094594594594504,heldout,0.7116762707886527,0.7034590900283124
polynomial_degree_3,3.623094736842105,1.3971621621621626,heldout,0.7242947070815914,0.6911535816328259
polynomial_degree_3,3.623094736842105,2.6133783783783784,heldout,0.6744920241506858,0.7383074366560037
polynomial_degree_3,3.623094736842105,3.829594594594594,heldout,0.6645659268457803,0.7477155930807917
polynomial_degree_3,3.623094736842105,5.045810810810812,heldout,0.6594515787176882,0.752734873438862
polynomial_degree_3,3.623094736842105,6.2620270270270275,heldout,0.6977365982816026,0.7170260563986937
polynomial_degree_3,3.623094736842105,7.478243243243245,heldout,0.7149927808556835,0.7003070016662669
polynomial_degree_3,3.623094736842105,8.694459459459459,heldout,0.715270339333468,0.7015718862622234
polynomial_degree_3,3.623094736842105,9.910675675675673,heldout,0.7169257102013417,0.7013176059435351
polynomial_degree_3,3.623094736842105,11.12689189189189,heldout,0.7110999683428935,0.7087304236548482
polynomial_degree_3,3.623094736842105,12.343108108108105,heldout,0.7063896684592919,0.7132727812757733
polynomial_degree_3,3.623094736842105,13.559324324324322,heldout,0.7189341592292863,0.6991046824398764
polynomial_degree_3,3.623094736842105,14.77554054054054,heldout,0.7122473317798732,0.7048019020655997
polynomial_degree_3,3.623094736842105,15.991756756756754,heldout,0.6888239565937878,0.7275871090738906
polynomial_degree_3,3.623094736842105,17.20797297297297,heldout,0.6920168752942545,0.7247551538917058
polynomial_degree_3,3.623094736842105,18.42418918918919,heldout,0.6563888559127927,0.7567561507251839
polynomial_degree_3,3.623094736842105,19.640405405405403,heldout,0.6723278518868607,0.7421971719905189
polynomial_degree_3,3.623094736842105,20.85662162162162,heldout,0.6455762185642522,0.7655102473725435
polynomial_degree_3,3.623094736842105,22.072837837837838,heldout,0.6340787066373056,0.7746373542200975
polynomial_degree_3,3.623094736842105,23.289054054054056,heldout,0.6754534160447639,0.7386544076427146
polynomial_degree_3,3.623094736842105,24.505270270270266,heldout,0.6610083522533494,0.7515380635400962
polynomial_degree_3,3.623094736842105,25.721486486486484,heldout,0.6717300522973789,0.7420525674958256
polynomial_degree_3,3.623094736842105,26.9377027027027,heldout,0.6980776222760264,0.71820162227968
polynomial_degree_3,3.623094736842105,28.15391891891892,heldout,0.6422349539711328,0.7702153624525471
polynomial_degree_3,3.623094736842105,29.370135135135136,heldout,0.6286188583286205,0.7844149642474204
polynomial_degree_3,3.623094736842105,30.586351351351354,heldout,0.5184748030514118,0.863874752104554
polynomial_degree_3,3.623094736842105,31.80256756756757,heldout,0.4605732623142965,0.8936807868427527
polynomial_degree_3,3.623094736842105,33.01878378378379,heldout,0.4516259080537838,0.8922112559840901
polynomial_degree_3,3.623094736842105,34.23500000000001,heldout,0.5963460838581487,0.8267402234675705
polynomial_degree_3,3.7704631578947367,-9.548783783783783,heldout,0.7198803548107601,0.7595167300334834
polynomial_degree_3,3.7704631578947367,-8.332567567567567,heldout,0.5742299195795884,0.8228881755336946
polynomial_degree_3,3.7704631578947367,-7.116351351351351,heldout,0.5123692822540538,0.8602607619336584
polynomial_degree_3,3.7704631578947367,-5.900135135135136,heldout,0.5136787206556263,0.8644069846557019
polynomial_degree_3,3.7704631578947367,-4.683918918918918,heldout,0.584427060473088,0.8161830088978657
polynomial_degree_3,3.7704631578947367,-3.4677027027027023,heldout,0.6867843668423411,0.7268613045243767
polynomial_degree_3,3.7704631578947367,-2.2514864864864865,heldout,0.7090574643935915,0.7056377435486075
polynomial_degree_3,3.7704631578947367,-1.0352702702702707,heldout,0.7050536977947672,0.7097242829002168
polynomial_degree_3,3.7704631578947367,0.18094594594594504,heldout,0.7100741267910473,0.7051751003237137
polynomial_degree_3,3.7704631578947367,1.3971621621621626,heldout,0.7222911378975919,0.6933689020118674
polynomial_degree_3,3.7704631578947367,2.6133783783783784,heldout,0.7108805947121734,0.7042460167684736
polynomial_degree_3,3.7704631578947367,3.829594594594594,heldout,0.6444272792091994,0.764743232198874
polynomial_degree_3,3.7704631578947367,5.045810810810812,heldout,0.6849198307551624,0.7286564536616709
polynomial_degree_3,3.7704631578947367,6.2620270270270275,heldout,0.718916467384429,0.6951492119039253
polynomial_degree_3,3.7704631578947367,7.478243243243245,heldout,0.7199746619888372,0.6945195430669056
polynomial_degree_3,3.7704631578947367,8.694459459459459,heldout,0.6974104530534875,0.7183780632373719
polynomial_degree_3,3.7704631578947367,9.910675675675673,heldout,0.6874250823144434,0.7293539852578077
polynomial_degree_3,3.7704631578947367,11.12689189189189,heldout,0.6953824279120884,0.7225570187848638
polynomial_degree_3,3.7704631578947367,12.343108108108105,heldout,0.7215473244882261,0.6958747127333028
polynomial_degree_3,3.7704631578947367,13.559324324324322,heldout,0.7307178633279783,0.6849527594012934
polynomial_degree_3,3.7704631578947367,14.77554054054054,heldout,0.7112921290223883,0.7042366589252748
polynomial_degree_3,3.7704631578947367,15.991756756756754,heldout,0.6913220569803505,0.7239401796147356
polynomial_degree_3,3.7704631578947367,17.20797297297297,heldout,0.6986373578480769,0.7171540864017354
polynomial_degree_3,3.7704631578947367,18.42418918918919,heldout,0.6713450473431172,0.7423409980546587
polynomial_degree_3,3.7704631578947367,19.640405405405403,heldout,0.6893228647819676,0.7254045446474829
polynomial_degree_3,3.7704631578947367,20.85662162162162,heldout,0.6519373945162634,0.7591156109285204
polynomial_degree_3,3.7704631578947367,22.072837837837838,heldout,0.6605978871744534,0.7512393223148622
polynomial_degree_3,3.7704631578947367,23.289054054054056,heldout,0.6784690588600004,0.7350584671722509
polynomial_degree_3,3.7704631578947367,24.505270270270266,heldout,0.6871883444139207,0.7271058384312808
polynomial_degree_3,3.7704631578947367,25.721486486486484,heldout,0.6901352146761397,0.7243138570946205
polynomial_degree_3,3.7704631578947367,26.9377027027027,heldout,0.6668171983642077,0.7464246991796578
polynomial_degree_3,3.7704631578947367,28.15391891891892,heldout,0.6672112022372598,0.7480809236902934
polynomial_degree_3,3.7704631578947367,29.370135135135136,heldout,0.6235437568015993,0.7878883591300627
polynomial_degree_3,3.7704631578947367,30.586351351351354,heldout,0.537307236756727,0.851411493848024
polynomial_degree_3,3.7704631578947367,31.80256756756757,heldout,0.44070741533344965,0.9027515899852462
polynomial_degree_3,3.7704631578947367,33.01878378378379,heldout,0.47719494180112376,0.8788086126463347
polynomial_degree_3,3.7704631578947367,34.23500000000001,heldout,0.605301570426293,0.822515133909493
polynomial_degree_3,3.9178315789473688,-9.548783783783783,heldout,0.7690658851718385,0.7405250562497326
polynomial_degree_3,3.9178315789473688,-8.332567567567567,heldout,0.5697756797921225,0.8263637547983412
polynomial_degree_3,3.9178315789473688,-7.116351351351351,heldout,0.5125578236066763,0.8598252260555113
polynomial_degree_3,3.9178315789473688,-5.900135135135136,heldout,0.5174742260907991,0.86172674109085
polynomial_degree_3,3.9178315789473688,-4.683918918918918,heldout,0.5708781096933776,0.8257516373591249
polynomial_degree_3,3.9178315789473688,-3.4677027027027023,heldout,0.6693574750442666,0.7430600045122591
polynomial_degree_3,3.9178315789473688,-2.2514864864864865,heldout,0.7131646689292063,0.7016650330125397
polynomial_degree_3,3.9178315789473688,-1.0352702702702707,heldout,0.7054955263226806,0.7094153980903748
polynomial_degree_3,3.9178315789473688,0.18094594594594504,heldout,0.7095493613226722,0.7058259306632934
polynomial_degree_3,3.9178315789473688,1.3971621621621626,heldout,0.721270229574961,0.6945803397968939
polynomial_degree_3,3.9178315789473688,2.6133783783783784,heldout,0.738321452228567,0.677323334700894
polynomial_degree_3,3.9178315789473688,3.829594594594594,heldout,0.6741596853843576,0.7389400646779597
polynomial_degree_3,3.9178315789473688,5.045810810810812,heldout,0.7186415327029662,0.6960757905120067
polynomial_degree_3,3.9178315789473688,6.2620270270270275,heldout,0.7245391158489615,0.6893352285287037
polynomial_degree_3,3.9178315789473688,7.478243243243245,heldout,0.725207195093936,0.6886995993726501
polynomial_degree_3,3.9178315789473688,8.694459459459459,heldout,0.7255150807363907,0.6890595827257581
polynomial_degree_3,3.9178315789473688,9.910675675675673,heldout,0.6939943976265377,0.7220327137279793
polynomial_degree_3,3.9178315789473688,11.12689189189189,heldout,0.7136706125962097,0.7027169428224446
polynomial_degree_3,3.9178315789473688,12.343108108108105,heldout,0.7221012189156858,0.6935974425306523
polynomial_degree_3,3.9178315789473688,13.559324324324322,heldout,0.7393111651268608,0.6742435787142563
polynomial_degree_3,3.9178315789473688,14.77554054054054,heldout,0.7309655048107884,0.6827741004831154
polynomial_degree_3,3.9178315789473688,15.991756756756754,heldout,0.7110450606256856,0.7035116742453603
polynomial_degree_3,3.9178315789473688,17.20797297297297,heldout,0.686445704271909,0.7276372978772315
polynomial_degree_3,3.9178315789473688,18.42418918918919,heldout,0.706355123293067,0.7082835862286475
polynomial_degree_3,3.9178315789473688,19.640405405405403,heldout,0.6812333641625915,0.7323435563249181
polynomial_degree_3,3.9178315789473688,20.85662162162162,heldout,0.6570071948840714,0.7540167563206158
polynomial_degree_3,3.9178315789473688,22.072837837837838,heldout,0.6863920898490514,0.7272543450292553
polynomial_degree_3,3.9178315789473688,23.289054054054056,heldout,0.6818390329000539,0.731543539584116
polynomial_degree_3,3.9178315789473688,24.505270270270266,heldout,0.7102135907213909,0.7041676208648199
polynomial_degree_3,3.9178315789473688,25.721486486486484,heldout,0.6891003166995862,0.7248284385069939
polynomial_degree_3,3.9178315789473688,26.9377027027027,heldout,0.6530107172386562,0.7579495288866629
polynomial_degree_3,3.9178315789473688,28.15391891891892,heldout,0.6973347465528518,0.7193398505405425
polynomial_degree_3,3.9178315789473688,29.370135135135136,heldout,0.6119476094023365,0.7964328936593033
polynomial_degree_3,3.9178315789473688,30.586351351351354,heldout,0.5252318729204515,0.8581193788774096
polynomial_degree_3,3.9178315789473688,31.80256756756757,heldout,0.42408239241727513,0.9096356639369587
polynomial_degree_3,3.9178315789473688,33.01878378378379,heldout,0.504002287404928,0.8637428339646986
polynomial_degree_3,3.9178315789473688,34.23500000000001,heldout,0.6354602254335656,0.8036144163325467
polynomial_degree_3,4.0652,-9.548783783783783,heldout,0.8367383474294424,0.7023558883459055
polynomial_degree_3,4.0652,-8.332567567567567,heldout,0.566942985485638,0.8296430204156517
polynomial_degree_3,4.0652,-7.116351351351351,heldout,0.49905002407275295,0.8673879061792855
polynomial_degree_3,4.0652,-5.900135135135136,heldout,0.5019608123344467,0.8707508616655293
polynomial_degree_3,4.0652,-4.683918918918918,heldout,0.57822380564645,0.8195191526240969
polynomial_degree_3,4.0652,-3.4677027027027023,heldout,0.6557648310941744,0.7550286250804377
polynomial_degree_3,4.0652,-2.2514864864864865,heldout,0.7169189470660793,0.6981397437639966
polynomial_degree_3,4.0652,-1.0352702702702707,heldout,0.7073643299553086,0.7077381099525786
polynomial_degree_3,4.0652,0.18094594594594504,heldout,0.710218000528748,0.7053163037606377
polynomial_degree_3,4.0652,1.3971621621621626,heldout,0.7213299343823762,0.6947122257323219
polynomial_degree_3,4.0652,2.6133783783783784,heldout,0.7382242780195686,0.6777185831728029
polynomial_degree_3,4.0652,3.829594594594594,heldout,0.7338402159402859,0.6844964184350368
polynomial_degree_3,4.0652,5.045810810810812,heldout,0.7522064842604024,0.6625731292773835
polynomial_degree_3,4.0652,6.2620270270270275,heldout,0.7369068035176117,0.6766815130272403
polynomial_degree_3,4.0652,7.478243243243245,heldout,0.7286048163712535,0.6849375113564548
polynomial_degree_3,4.0652,8.694459459459459,heldout,0.7262522606537786,0.6878138929582654
polynomial_degree_3,4.0652,9.910675675675673,heldout,0.7037404179441534,0.7114216545701754
polynomial_degree_3,4.0652,11.12689189189189,heldout,0.725879923218915,0.688641317824696
polynomial_degree_3,4.0652,12.343108108108105,heldout,0.7315971388614507,0.682256426536596
polynomial_degree_3,4.0652,13.559324324324322,heldout,0.7465661900679598,0.665464037992288
polynomial_degree_3,4.0652,14.77554054054054,heldout,0.746526517439921,0.6653618886160478
polynomial_degree_3,4.0652,15.991756756756754,heldout,0.724440218658849,0.6893588763367249
polynomial_degree_3,4.0652,17.20797297297297,heldout,0.7041684358676311,0.7100364981575163
polynomial_degree_3,4.0652,18.42418918918919,heldout,0.7232142144126438,0.690625548686439
polynomial_degree_3,4.0652,19.640405405405403,heldout,0.6959244838671671,0.7181172049895135
polynomial_degree_3,4.0652,20.85662162162162,heldout,0.6796140546555209,0.7336309158218776
polynomial_degree_3,4.0652,22.072837837837838,heldout,0.7048152276319104,0.7095868853765663
polynomial_degree_3,4.0652,23.289054054054056,heldout,0.6946392225332927,0.7194494337944535
polynomial_degree_3,4.0652,24.505270270270266,heldout,0.7205912749797359,0.6933607761580437
polynomial_degree_3,4.0652,25.721486486486484,heldout,0.6936305080328571,0.7203349481734633
polynomial_degree_3,4.0652,26.9377027027027,heldout,0.6581971443391657,0.7530526658788586
polynomial_degree_3,4.0652,28.15391891891892,heldout,0.7032320584423266,0.7128926532645505
polynomial_degree_3,4.0652,29.370135135135136,heldout,0.6086423631921132,0.7982353925683682
polynomial_degree_3,4.0652,30.586351351351354,heldout,0.5235897932819039,0.85835158627547
polynomial_degree_3,4.0652,31.80256756756757,heldout,0.4273802715958601,0.9069756549687666
polynomial_degree_3,4.0652,33.01878378378379,heldout,0.519504051608107,0.854708744758564
polynomial_degree_3,4.0652,34.23500000000001,heldout,0.6596618269267173,0.790618373072209
polynomial_degree_3,4.212568421052631,-9.548783783783783,heldout,0.9034795518042249,0.6428162227296967
polynomial_degree_3,4.212568421052631,-8.332567567567567,heldout,0.5811919366122056,0.8237757374490036
polynomial_degree_3,4.212568421052631,-7.116351351351351,heldout,0.4759362986220109,0.8800420736552161
polynomial_degree_3,4.212568421052631,-5.900135135135136,heldout,0.4777124829499572,0.8836166758525025
polynomial_degree_3,4.212568421052631,-4.683918918918918,heldout,0.5781648619233218,0.8183569691139619
polynomial_degree_3,4.212568421052631,-3.4677027027027023,heldout,0.6809264798389133,0.7323589668078919
polynomial_degree_3,4.212568421052631,-2.2514864864864865,heldout,0.722701937315362,0.6926502416415456
polynomial_degree_3,4.212568421052631,-1.0352702702702707,heldout,0.7108806377711767,0.7044878045411403
polynomial_degree_3,4.212568421052631,0.18094594594594504,heldout,0.712280859550416,0.7034686061376362
polynomial_degree_3,4.212568421052631,1.3971621621621626,heldout,0.7226500458904023,0.693610560544423
polynomial_degree_3,4.212568421052631,2.6133783783783784,heldout,0.7356228433362041,0.6815971070947756
polynomial_degree_3,4.212568421052631,3.829594594594594,heldout,0.7990547814029709,0.6204867576333545
polynomial_degree_3,4.212568421052631,5.045810810810812,heldout,0.7773890883205193,0.6368028909756633
polynomial_degree_3,4.212568421052631,6.2620270270270275,heldout,0.7551772381692224,0.6573321111239991
polynomial_degree_3,4.212568421052631,7.478243243243245,heldout,0.7337168661582616,0.6795615178523783
polynomial_degree_3,4.212568421052631,8.694459459459459,heldout,0.7107119471361252,0.7035055404827915
polynomial_degree_3,4.212568421052631,9.910675675675673,heldout,0.7080258214559356,0.7062306972726512
polynomial_degree_3,4.212568421052631,11.12689189189189,heldout,0.7239627633770698,0.6898772221485059
polynomial_degree_3,4.212568421052631,12.343108108108105,heldout,0.7485610677957603,0.663074672840636
polynomial_degree_3,4.212568421052631,13.559324324324322,heldout,0.7538839886682042,0.6570254466162326
polynomial_degree_3,4.212568421052631,14.77554054054054,heldout,0.7513488792030355,0.6607084623223403
polynomial_degree_3,4.212568421052631,15.991756756756754,heldout,0.7456540377559164,0.6675670509297319
polynomial_degree_3,4.212568421052631,17.20797297297297,heldout,0.7463055260789682,0.666352967808548
polynomial_degree_3,4.212568421052631,18.42418918918919,heldout,0.7190432419321224,0.6954593752224544
polynomial_degree_3,4.212568421052631,19.640405405405403,heldout,0.730352262877981,0.6835247862751345
polynomial_degree_3,4.212568421052631,20.85662162162162,heldout,0.7076558937997571,0.7075934415560018
polynomial_degree_3,4.212568421052631,22.072837837837838,heldout,0.718337145438401,0.6968220858458942
polynomial_degree_3,4.212568421052631,23.289054054054056,heldout,0.7251000437784827,0.6894548362074424
polynomial_degree_3,4.212568421052631,24.505270270270266,heldout,0.7263859127709366,0.6875346946897659
polynomial_degree_3,4.212568421052631,25.721486486486484,heldout,0.7185067511868926,0.6955953775386653
polynomial_degree_3,4.212568421052631,26.9377027027027,heldout,0.6929392490576736,0.7210091875767262
polynomial_degree_3,4.212568421052631,28.15391891891892,heldout,0.6791300935933731,0.7353598035318761
polynomial_degree_3,4.212568421052631,29.370135135135136,heldout,0.6229060839370812,0.7862501630778671
polynomial_degree_3,4.212568421052631,30.586351351351354,heldout,0.5344570415948813,0.8504938086942334
polynomial_degree_3,4.212568421052631,31.80256756756757,heldout,0.4572548914727681,0.8914687505553199
polynomial_degree_3,4.212568421052631,33.01878378378379,heldout,0.5132651149815782,0.8597742251363941
polynomial_degree_3,4.212568421052631,34.23500000000001,heldout,0.6895890658251266,0.7778496211286586
polynomial_degree_3,4.359936842105263,-9.548783783783783,heldout,0.9627851629918784,0.6114714502286445
polynomial_degree_3,4.359936842105263,-8.332567567567567,heldout,0.6251313659068817,0.8062285208064681
polynomial_degree_3,4.359936842105263,-7.116351351351351,heldout,0.4667086636966927,0.8847652554989263
polynomial_degree_3,4.359936842105263,-5.900135135135136,heldout,0.4921897698435776,0.8740737676064728
polynomial_degree_3,4.359936842105263,-4.683918918918918,heldout,0.5799128436498184,0.8159000012292652
polynomial_degree_3,4.359936842105263,-3.4677027027027023,heldout,0.6587572104717254,0.7523838380744974
polynomial_degree_3,4.359936842105263,-2.2514864864864865,heldout,0.6930597241840369,0.721921975077759
polynomial_degree_3,4.359936842105263,-1.0352702702702707,heldout,0.7163753535310757,0.6993520456948571
polynomial_degree_3,4.359936842105263,0.18094594594594504,heldout,0.7160505917333545,0.6999988531859664
polynomial_degree_3,4.359936842105263,1.3971621621621626,heldout,0.7255176380926353,0.6910218685861332
polynomial_degree_3,4.359936842105263,2.6133783783783784,heldout,0.7866051820804958,0.6317325041212623
polynomial_degree_3,4.359936842105263,3.829594594594594,heldout,0.8470303901045859,0.5624767422085886
polynomial_degree_3,4.359936842105263,5.045810810810812,heldout,0.7999749648190035,0.6135924148070815
polynomial_degree_3,4.359936842105263,6.2620270270270275,heldout,0.7603069525653042,0.6533924815768476
polynomial_degree_3,4.359936842105263,7.478243243243245,heldout,0.7398869645457608,0.6733569601445348
polynomial_degree_3,4.359936842105263,8.694459459459459,heldout,0.7372697310480488,0.675815116177805
polynomial_degree_3,4.359936842105263,9.910675675675673,heldout,0.7562843525154305,0.6547674407499596
polynomial_degree_3,4.359936842105263,11.12689189189189,heldout,0.7551912901171433,0.6557751814097121
polynomial_degree_3,4.359936842105263,12.343108108108105,heldout,0.7489119627616725,0.6629413236281376
polynomial_degree_3,4.359936842105263,13.559324324324322,heldout,0.7580345130494313,0.6527781000827015
polynomial_degree_3,4.359936842105263,14.77554054054054,heldout,0.7742512321675646,0.6359982767631498
polynomial_degree_3,4.359936842105263,15.991756756756754,heldout,0.7739916086089953,0.6383693287908928
polynomial_degree_3,4.359936842105263,17.20797297297297,heldout,0.7773807688125398,0.6326439670631903
polynomial_degree_3,4.359936842105263,18.42418918918919,heldout,0.7375459445676271,0.6780205195588394
polynomial_degree_3,4.359936842105263,19.640405405405403,heldout,0.7487878799630652,0.6648440981252023
polynomial_degree_3,4.359936842105263,20.85662162162162,heldout,0.7386419078817281,0.6774497680567964
polynomial_degree_3,4.359936842105263,22.072837837837838,heldout,0.7268744302787183,0.6900724838644723
polynomial_degree_3,4.359936842105263,23.289054054054056,heldout,0.7501818558202491,0.663456107957906
polynomial_degree_3,4.359936842105263,24.505270270270266,heldout,0.7318074810741673,0.6826916358580297
polynomial_degree_3,4.359936842105263,25.721486486486484,heldout,0.7230351197984957,0.6912992974757471
polynomial_degree_3,4.359936842105263,26.9377027027027,heldout,0.7319749306336524,0.6813713596016097
polynomial_degree_3,4.359936842105263,28.15391891891892,heldout,0.6612527467133308,0.7508216457308338
polynomial_degree_3,4.359936842105263,29.370135135135136,heldout,0.6290325062832404,0.7804290773851597
polynomial_degree_3,4.359936842105263,30.586351351351354,heldout,0.5158217315967769,0.8607483732328969
polynomial_degree_3,4.359936842105263,31.80256756756757,heldout,0.4822700281159564,0.8771685595542232
polynomial_degree_3,4.359936842105263,33.01878378378379,heldout,0.5286242627506319,0.8537256200252282
polynomial_degree_3,4.359936842105263,34.23500000000001,heldout,0.7241588486730645,0.7590299992782208
polynomial_degree_3,4.507305263157894,-9.548783783783783,heldout,1.021256768944862,0.5637629513887228
polynomial_degree_3,4.507305263157894,-8.332567567567567,heldout,0.7111153681295659,0.7491143282014603
polynomial_degree_3,4.507305263157894,-7.116351351351351,heldout,0.44539470096829753,0.8953344226294392
polynomial_degree_3,4.507305263157894,-5.900135135135136,heldout,0.49489754759071475,0.8706109683617329
polynomial_degree_3,4.507305263157894,-4.683918918918918,heldout,0.590826729304115,0.8069767870254967
polynomial_degree_3,4.507305263157894,-3.4677027027027023,heldout,0.6418921817398363,0.7669330983025864
polynomial_degree_3,4.507305263157894,-2.2514864864864865,heldout,0.6762336139136288,0.7368877873303086
polynomial_degree_3,4.507305263157894,-1.0352702702702707,heldout,0.7243116137806758,0.6918939509517954
polynomial_degree_3,4.507305263157894,0.18094594594594504,heldout,0.7219725604563603,0.6944999587515177
polynomial_degree_3,4.507305263157894,1.3971621621621626,heldout,0.7303476990623651,0.6865759733199777
polynomial_degree_3,4.507305263157894,2.6133783783783784,heldout,0.8537556560972097,0.557279823347969
polynomial_degree_3,4.507305263157894,3.829594594594594,heldout,0.8579330338873531,0.5504727860724755
polynomial_degree_3,4.507305263157894,5.045810810810812,heldout,0.8246764486130718,0.5860227210522988
polynomial_degree_3,4.507305263157894,6.2620270270270275,heldout,0.7730357789130714,0.6412900980831553
polynomial_degree_3,4.507305263157894,7.478243243243245,heldout,0.751419844618888,0.6619798064242921
polynomial_degree_3,4.507305263157894,8.694459459459459,heldout,0.7522982115013374,0.6613209586736177
polynomial_degree_3,4.507305263157894,9.910675675675673,heldout,0.7710408160894223,0.6395653238813336
polynomial_degree_3,4.507305263157894,11.12689189189189,heldout,0.7512031920871266,0.6618238892500766
polynomial_degree_3,4.507305263157894,12.343108108108105,heldout,0.7545125483960362,0.657597303259645
polynomial_degree_3,4.507305263157894,13.559324324324322,heldout,0.7627406239228391,0.6496268764634259
polynomial_degree_3,4.507305263157894,14.77554054054054,heldout,0.8098997616361535,0.5948257782382463
polynomial_degree_3,4.507305263157894,15.991756756756754,heldout,0.8105694650713704,0.5983993236854087
polynomial_degree_3,4.507305263157894,17.20797297297297,heldout,0.785612964405236,0.6288886519697993
polynomial_degree_3,4.507305263157894,18.42418918918919,heldout,0.7678136903540608,0.6474512023988657
polynomial_degree_3,4.507305263157894,19.640405405405403,heldout,0.7519949774635534,0.6656467449117407
polynomial_degree_3,4.507305263157894,20.85662162162162,heldout,0.7778278573523462,0.6355892883655371
polynomial_degree_3,4.507305263157894,22.072837837837838,heldout,0.751683196308408,0.6663453855264626
polynomial_degree_3,4.507305263157894,23.289054054054056,heldout,0.7611739595181657,0.6528166060047396
polynomial_degree_3,4.507305263157894,24.505270270270266,heldout,0.7388687856034729,0.6775695857168731
polynomial_degree_3,4.507305263157894,25.721486486486484,heldout,0.7387743380848846,0.6756570219007052
polynomial_degree_3,4.507305263157894,26.9377027027027,heldout,0.7451879880010664,0.6670782624354
polynomial_degree_3,4.507305263157894,28.15391891891892,heldout,0.6536795566345605,0.756964993458539
polynomial_degree_3,4.507305263157894,29.370135135135136,heldout,0.6292933832595524,0.7793447222317414
polynomial_degree_3,4.507305263157894,30.586351351351354,heldout,0.5231185981196306,0.8551228447724064
polynomial_degree_3,4.507305263157894,31.80256756756757,heldout,0.49882029561588154,0.8669069139140464
polynomial_degree_3,4.507305263157894,33.01878378378379,heldout,0.5644396373644992,0.8354439505141794
polynomial_degree_3,4.507305263157894,34.23500000000001,heldout,0.7800131490186861,0.7232881134126353
polynomial_degree_3,1.8,-10.0,boundary,1.2267998809156286,0.5419631830842863
polynomial_degree_3,1.8,35.0,boundary,1.0663955448204632,0.5738478106248875
polynomial_degree_3,4.6,-10.0,boundary,1.165999534349807,0.4977728811423113
polynomial_degree_3,4.6,35.0,boundary,0.979317309346337,0.6208242082398611
polynomial_degree_5,1.8546736842105263,-9.548783783783783,heldout,1.0679132073382593,0.7048977530536792
polynomial_degree_5,1.8546736842105263,-8.332567567567567,heldout,0.3627019724758751,0.9451140552452805
polynomial_degree_5,1.8546736842105263,-7.116351351351351,heldout,0.2868718137288175,0.9590302701437835
polynomial_degree_5,1.8546736842105263,-5.900135135135136,heldout,0.542875496952473,0.8409201701414087
polynomial_degree_5,1.8546736842105263,-4.683918918918918,heldout,0.7349120899066691,0.7109052456014018
polynomial_degree_5,1.8546736842105263,-3.4677027027027023,heldout,0.8182049367433254,0.6472632016870563
polynomial_degree_5,1.8546736842105263,-2.2514864864864865,heldout,0.5264635152655571,0.8530452281309087
polynomial_degree_5,1.8546736842105263,-1.0352702702702707,heldout,0.454359935397599,0.8909759073278706
polynomial_degree_5,1.8546736842105263,0.18094594594594504,heldout,0.43644859829791194,0.8999757879201088
polynomial_degree_5,1.8546736842105263,1.3971621621621626,heldout,0.4816624200748294,0.8769939176853807
polynomial_degree_5,1.8546736842105263,2.6133783783783784,heldout,0.5686794733527778,0.8225592228654606
polynomial_degree_5,1.8546736842105263,3.829594594594594,heldout,0.6909389892675563,0.7258384070718382
polynomial_degree_5,1.8546736842105263,5.045810810810812,heldout,0.6987341851406986,0.7173010253453298
polynomial_degree_5,1.8546736842105263,6.2620270270270275,heldout,0.6656152699571956,0.746531946540428
polynomial_degree_5,1.8546736842105263,7.478243243243245,heldout,0.6703083773720304,0.7422736285416509
polynomial_degree_5,1.8546736842105263,8.694459459459459,heldout,0.687882671890106,0.7278513833427881
polynomial_degree_5,1.8546736842105263,9.910675675675673,heldout,0.6593024844654464,0.7547418394015812
polynomial_degree_5,1.8546736842105263,11.12689189189189,heldout,0.5888782701870484,0.8082500283977815
polynomial_degree_5,1.8546736842105263,12.343108108108105,heldout,0.5526194033923951,0.8343525118552837
polynomial_degree_5,1.8546736842105263,13.559324324324322,heldout,0.5599608570454522,0.8295583529979168
polynomial_degree_5,1.8546736842105263,14.77554054054054,heldout,0.5884033921043885,0.8085729374853701
polynomial_degree_5,1.8546736842105263,15.991756756756754,heldout,0.6432397977964291,0.7661117692484856
polynomial_degree_5,1.8546736842105263,17.20797297297297,heldout,0.6780093367665088,0.7364635981083832
polynomial_degree_5,1.8546736842105263,18.42418918918919,heldout,0.7057132302274659,0.710042313582302
polynomial_degree_5,1.8546736842105263,19.640405405405403,heldout,0.705360665177042,0.7100298744084725
polynomial_degree_5,1.8546736842105263,20.85662162162162,heldout,0.6701626288934767,0.7430778657427618
polynomial_degree_5,1.8546736842105263,22.072837837837838,heldout,0.6055368921685162,0.7961516385881512
polynomial_degree_5,1.8546736842105263,23.289054054054056,heldout,0.5262034786775698,0.8520670456461491
polynomial_degree_5,1.8546736842105263,24.505270270270266,heldout,0.5298915360070338,0.8494245899892224
polynomial_degree_5,1.8546736842105263,25.721486486486484,heldout,0.5429013247224342,0.839925037089972
polynomial_degree_5,1.8546736842105263,26.9377027027027,heldout,0.5548235259596372,0.8352036325068026
polynomial_degree_5,1.8546736842105263,28.15391891891892,heldout,0.6350593086582691,0.7759502413609173
polynomial_degree_5,1.8546736842105263,29.370135135135136,heldout,0.6230238029482144,0.7852400209901335
polynomial_degree_5,1.8546736842105263,30.586351351351354,heldout,0.56431232382031,0.8256539665704886
polynomial_degree_5,1.8546736842105263,31.80256756756757,heldout,0.3710610952924152,0.9309756084438183
polynomial_degree_5,1.8546736842105263,33.01878378378379,heldout,0.3165218070541844,0.9486245976295972
polynomial_degree_5,1.8546736842105263,34.23500000000001,heldout,0.6553518101032272,0.8558309228867099
polynomial_degree_5,2.002042105263158,-9.548783783783783,heldout,0.9181076110903172,0.7833660294339724
polynomial_degree_5,2.002042105263158,-8.332567567567567,heldout,0.3155129295479735,0.9524462007132505
polynomial_degree_5,2.002042105263158,-7.116351351351351,heldout,0.2825668903526902,0.9605918883524573
polynomial_degree_5,2.002042105263158,-5.900135135135136,heldout,0.5260676113668656,0.8513089565600888
polynomial_degree_5,2.002042105263158,-4.683918918918918,heldout,0.6831005747604716,0.748891092157434
polynomial_degree_5,2.002042105263158,-3.4677027027027023,heldout,0.6500728445800653,0.7769972604906493
polynomial_degree_5,2.002042105263158,-2.2514864864864865,heldout,0.5169116705851957,0.857003182443885
polynomial_degree_5,2.002042105263158,-1.0352702702702707,heldout,0.44385668164434255,0.8962210282570539
polynomial_degree_5,2.002042105263158,0.18094594594594504,heldout,0.4293335915899798,0.9044636882586726
polynomial_degree_5,2.002042105263158,1.3971621621621626,heldout,0.4792549717112539,0.8792613199115329
polynomial_degree_5,2.002042105263158,2.6133783783783784,heldout,0.5752105880005549,0.818229961690451
polynomial_degree_5,2.002042105263158,3.829594594594594,heldout,0.6565333842876698,0.7547644307615224
polynomial_degree_5,2.002042105263158,5.045810810810812,heldout,0.6742261607178002,0.7393625680722622
polynomial_degree_5,2.002042105263158,6.2620270270270275,heldout,0.6697137294284947,0.7427818824272624
polynomial_degree_5,2.002042105263158,7.478243243243245,heldout,0.6655381548952659,0.746524068843625
polynomial_degree_5,2.002042105263158,8.694459459459459,heldout,0.6847715970186274,0.7296480767198259
polynomial_degree_5,2.002042105263158,9.910675675675673,heldout,0.6546491059803053,0.7563236189135187
polynomial_degree_5,2.002042105263158,11.12689189189189,heldout,0.5910093118528481,0.8070536020137236
polynomial_degree_5,2.002042105263158,12.343108108108105,heldout,0.5377281086735082,0.8445057371081968
polynomial_degree_5,2.002042105263158,13.559324324324322,heldout,0.5544960666959714,0.8337110614247348
polynomial_degree_5,2.002042105263158,14.77554054054054,heldout,0.5868516292658832,0.8105984681595224
polynomial_degree_5,2.002042105263158,15.991756756756754,heldout,0.5862528372644253,0.8102423859436635
polynomial_degree_5,2.002042105263158,17.20797297297297,heldout,0.6232317772410852,0.7820779875345355
polynomial_degree_5,2.002042105263158,18.42418918918919,heldout,0.6944641979428234,0.7195279880558031
polynomial_degree_5,2.002042105263158,19.640405405405403,heldout,0.6579689272334476,0.7530545889532918
polynomial_degree_5,2.002042105263158,20.85662162162162,heldout,0.6154551597862656,0.78828458356312
polynomial_degree_5,2.002042105263158,22.072837837837838,heldout,0.5790224235556194,0.8169343294376012
polynomial_degree_5,2.002042105263158,23.289054054054056,heldout,0.5070874946394698,0.8648279308215255
polynomial_degree_5,2.002042105263158,24.505270270270266,heldout,0.532208306270615,0.8494833397713678
polynomial_degree_5,2.002042105263158,25.721486486486484,heldout,0.48656008518136,0.8737920298699914
polynomial_degree_5,2.002042105263158,26.9377027027027,heldout,0.48969370977506677,0.8726685546101101
polynomial_degree_5,2.002042105263158,28.15391891891892,heldout,0.6047343049328711,0.7968660001314559
polynomial_degree_5,2.002042105263158,29.370135135135136,heldout,0.5674491624248406,0.8242339940533535
polynomial_degree_5,2.002042105263158,30.586351351351354,heldout,0.5211128066467301,0.8534880979937675
polynomial_degree_5,2.002042105263158,31.80256756756757,heldout,0.350094207342447,0.9385973709497182
polynomial_degree_5,2.002042105263158,33.01878378378379,heldout,0.3067612123573947,0.9522304936424474
polynomial_degree_5,2.002042105263158,34.23500000000001,heldout,0.5868392953367652,0.875355543270531
polynomial_degree_5,2.1494105263157897,-9.548783783783783,heldout,0.7457776124439581,0.8106102659555018
polynomial_degree_5,2.1494105263157897,-8.332567567567567,heldout,0.2816015699792909,0.9606542764335788
polynomial_degree_5,2.1494105263157897,-7.116351351351351,heldout,0.3327473909809783,0.9442820376121409
polynomial_degree_5,2.1494105263157897,-5.900135135135136,heldout,0.5227841877814988,0.8529150074068572
polynomial_degree_5,2.1494105263157897,-4.683918918918918,heldout,0.6227252245217029,0.7908156955037892
polynomial_degree_5,2.1494105263157897,-3.4677027027027023,heldout,0.520263218204472,0.8553716779850575
polynomial_degree_5,2.1494105263157897,-2.2514864864864865,heldout,0.5261403716804344,0.850709486287913
polynomial_degree_5,2.1494105263157897,-1.0352702702702707,heldout,0.45631760796995446,0.8904535009046856
polynomial_degree_5,2.1494105263157897,0.18094594594594504,heldout,0.44608599812007027,0.8971642538531881
polynomial_degree_5,2.1494105263157897,1.3971621621621626,heldout,0.49763174713312314,0.8692783178133487
polynomial_degree_5,2.1494105263157897,2.6133783783783784,heldout,0.5530174999474041,0.8335306699312595
polynomial_degree_5,2.1494105263157897,3.829594594594594,heldout,0.6193313793637502,0.7851501795638711
polynomial_degree_5,2.1494105263157897,5.045810810810812,heldout,0.6532362024063572,0.7573053650444557
polynomial_degree_5,2.1494105263157897,6.2620270270270275,heldout,0.6539861150567148,0.7566221463173809
polynomial_degree_5,2.1494105263157897,7.478243243243245,heldout,0.66633615189526,0.7457962886525729
polynomial_degree_5,2.1494105263157897,8.694459459459459,heldout,0.6516717030192445,0.7587338511278963
polynomial_degree_5,2.1494105263157897,9.910675675675673,heldout,0.5829667195655993,0.8125170147826316
polynomial_degree_5,2.1494105263157897,11.12689189189189,heldout,0.5588015357669802,0.8300548892879801
polynomial_degree_5,2.1494105263157897,12.343108108108105,heldout,0.5662242946573277,0.8260710306686807
polynomial_degree_5,2.1494105263157897,13.559324324324322,heldout,0.5759602755695904,0.8191943627512982
polynomial_degree_5,2.1494105263157897,14.77554054054054,heldout,0.5329313608126222,0.8479847285621878
polynomial_degree_5,2.1494105263157897,15.991756756756754,heldout,0.5709543197484065,0.8220699228399095
polynomial_degree_5,2.1494105263157897,17.20797297297297,heldout,0.6080268211631739,0.79416585654644
polynomial_degree_5,2.1494105263157897,18.42418918918919,heldout,0.6336556526523611,0.7737829264203768
polynomial_degree_5,2.1494105263157897,19.640405405405403,heldout,0.6365662418309467,0.7715099407329521
polynomial_degree_5,2.1494105263157897,20.85662162162162,heldout,0.572802074753331,0.8208258380599283
polynomial_degree_5,2.1494105263157897,22.072837837837838,heldout,0.5564654725832026,0.8336975558001716
polynomial_degree_5,2.1494105263157897,23.289054054054056,heldout,0.520584710985575,0.8570266208859917
polynomial_degree_5,2.1494105263157897,24.505270270270266,heldout,0.5229449764063966,0.8558213846418855
polynomial_degree_5,2.1494105263157897,25.721486486486484,heldout,0.4868559430576542,0.8748498003550136
polynomial_degree_5,2.1494105263157897,26.9377027027027,heldout,0.47471544625558804,0.8801393898191006
polynomial_degree_5,2.1494105263157897,28.15391891891892,heldout,0.5628655718221118,0.8265672030157383
polynomial_degree_5,2.1494105263157897,29.370135135135136,heldout,0.5461342432662055,0.8377917686948808
polynomial_degree_5,2.1494105263157897,30.586351351351354,heldout,0.5053308233408721,0.8630356082023344
polynomial_degree_5,2.1494105263157897,31.80256756756757,heldout,0.3614599946452916,0.9342424646798302
polynomial_degree_5,2.1494105263157897,33.01878378378379,heldout,0.29667455254138186,0.955747948257844
polynomial_degree_5,2.1494105263157897,34.23500000000001,heldout,0.5101814246361079,0.8991867959043931
polynomial_degree_5,2.296778947368421,-9.548783783783783,heldout,0.6066548869220999,0.8653513227139206
polynomial_degree_5,2.296778947368421,-8.332567567567567,heldout,0.2773851652838216,0.9612180748044854
polynomial_degree_5,2.296778947368421,-7.116351351351351,heldout,0.34899485803190367,0.9380360325820243
polynomial_degree_5,2.296778947368421,-5.900135135135136,heldout,0.49912844366016523,0.8666375294228235
polynomial_degree_5,2.296778947368421,-4.683918918918918,heldout,0.5604328986021219,0.8307202330875858
polynomial_degree_5,2.296778947368421,-3.4677027027027023,heldout,0.5025042457088333,0.8646204519974914
polynomial_degree_5,2.296778947368421,-2.2514864864864865,heldout,0.4855250928736676,0.8742455827816674
polynomial_degree_5,2.296778947368421,-1.0352702702702707,heldout,0.48482878967868914,0.8756047764827892
polynomial_degree_5,2.296778947368421,0.18094594594594504,heldout,0.47878304106562447,0.8802967446006987
polynomial_degree_5,2.296778947368421,1.3971621621621626,heldout,0.5294044297901958,0.8498647339807878
polynomial_degree_5,2.296778947368421,2.6133783783783784,heldout,0.5482663710001394,0.8371479506916366
polynomial_degree_5,2.296778947368421,3.829594594594594,heldout,0.5860301759358992,0.8106362326734119
polynomial_degree_5,2.296778947368421,5.045810810810812,heldout,0.6167417494999083,0.7871773246594954
polynomial_degree_5,2.296778947368421,6.2620270270270275,heldout,0.6331942104733539,0.7739986238398436
polynomial_degree_5,2.296778947368421,7.478243243243245,heldout,0.6533774728783313,0.7571121056236376
polynomial_degree_5,2.296778947368421,8.694459459459459,heldout,0.6195187879446955,0.7849821807362583
polynomial_degree_5,2.296778947368421,9.910675675675673,heldout,0.5902003478660511,0.80777849393349
polynomial_degree_5,2.296778947368421,11.12689189189189,heldout,0.5738376322829382,0.8200422513461089
polynomial_degree_5,2.296778947368421,12.343108108108105,heldout,0.5823279673652219,0.8144830194661424
polynomial_degree_5,2.296778947368421,13.559324324324322,heldout,0.5737862803767101,0.8205551684397999
polynomial_degree_5,2.296778947368421,14.77554054054054,heldout,0.5291172793805077,0.8508945279493783
polynomial_degree_5,2.296778947368421,15.991756756756754,heldout,0.5338230502211131,0.8472269888488039
polynomial_degree_5,2.296778947368421,17.20797297297297,heldout,0.6134945247359029,0.7905787419790362
polynomial_degree_5,2.296778947368421,18.42418918918919,heldout,0.5984185088147891,0.8015456489492108
polynomial_degree_5,2.296778947368421,19.640405405405403,heldout,0.6185337070341858,0.7867521741449107
polynomial_degree_5,2.296778947368421,20.85662162162162,heldout,0.5572682768682142,0.8324774399019913
polynomial_degree_5,2.296778947368421,22.072837837837838,heldout,0.5309280739836352,0.8502538613466445
polynomial_degree_5,2.296778947368421,23.289054054054056,heldout,0.5548382254889602,0.8352626326982321
polynomial_degree_5,2.296778947368421,24.505270270270266,heldout,0.5094674393715205,0.8635772419859379
polynomial_degree_5,2.296778947368421,25.721486486486484,heldout,0.4735356356605398,0.8832610145980685
polynomial_degree_5,2.296778947368421,26.9377027027027,heldout,0.49750088617966015,0.8680242642660718
polynomial_degree_5,2.296778947368421,28.15391891891892,heldout,0.5149858671995998,0.8572072627370876
polynomial_degree_5,2.296778947368421,29.370135135135136,heldout,0.5495040759472593,0.8354981043272083
polynomial_degree_5,2.296778947368421,30.586351351351354,heldout,0.4767887639484642,0.8792364370019989
polynomial_degree_5,2.296778947368421,31.80256756756757,heldout,0.38902402292283966,0.9231498340574101
polynomial_degree_5,2.296778947368421,33.01878378378379,heldout,0.260757181001577,0.9658742473377284
polynomial_degree_5,2.296778947368421,34.23500000000001,heldout,0.45313799172217606,0.9175455967777914
polynomial_degree_5,2.444147368421053,-9.548783783783783,heldout,0.5474299982185565,0.8694792077416725
polynomial_degree_5,2.444147368421053,-8.332567567567567,heldout,0.30818273769465865,0.9515157307373503
polynomial_degree_5,2.444147368421053,-7.116351351351351,heldout,0.37825233260128943,0.9263190415308782
polynomial_degree_5,2.444147368421053,-5.900135135135136,heldout,0.4666385204155224,0.8844482884210647
polynomial_degree_5,2.444147368421053,-4.683918918918918,heldout,0.4974422321292983,0.8676469847327318
polynomial_degree_5,2.444147368421053,-3.4677027027027023,heldout,0.49789896178682613,0.8674678092991942
polynomial_degree_5,2.444147368421053,-2.2514864864864865,heldout,0.4946937453156982,0.8693628130379067
polynomial_degree_5,2.444147368421053,-1.0352702702702707,heldout,0.5242451703707627,0.8524729290482856
polynomial_degree_5,2.444147368421053,0.18094594594594504,heldout,0.5215691881596288,0.8550246210962891
polynomial_degree_5,2.444147368421053,1.3971621621621626,heldout,0.5693835265021272,0.8227638502249761
polynomial_degree_5,2.444147368421053,2.6133783783783784,heldout,0.5751757644241047,0.8184004070900526
polynomial_degree_5,2.444147368421053,3.829594594594594,heldout,0.5773616846583605,0.817260594724088
polynomial_degree_5,2.444147368421053,5.045810810810812,heldout,0.5756691203146703,0.8180205352694733
polynomial_degree_5,2.444147368421053,6.2620270270270275,heldout,0.620692937159611,0.7841511621621
polynomial_degree_5,2.444147368421053,7.478243243243245,heldout,0.6455199353902288,0.7637493789885667
polynomial_degree_5,2.444147368421053,8.694459459459459,heldout,0.6150753261938697,0.7886322188673099
polynomial_degree_5,2.444147368421053,9.910675675675673,heldout,0.591062650350633,0.8076824111847623
polynomial_degree_5,2.444147368421053,11.12689189189189,heldout,0.5813509337094352,0.8149842991191718
polynomial_degree_5,2.444147368421053,12.343108108108105,heldout,0.5753448724252626,0.8190706934823807
polynomial_degree_5,2.444147368421053,13.559324324324322,heldout,0.5741108471274248,0.8201836214606051
polynomial_degree_5,2.444147368421053,14.77554054054054,heldout,0.563453735328552,0.8288403808819651
polynomial_degree_5,2.444147368421053,15.991756756756754,heldout,0.5569217805690873,0.8327499436276798
polynomial_degree_5,2.444147368421053,17.20797297297297,heldout,0.5792725012789349,0.8162567263936799
polynomial_degree_5,2.444147368421053,18.42418918918919,heldout,0.5852475842285205,0.8115293632380788
polynomial_degree_5,2.444147368421053,19.640405405405403,heldout,0.578191968591654,0.8171018953004946
polynomial_degree_5,2.444147368421053,20.85662162162162,heldout,0.5599058227794519,0.8311467305737675
polynomial_degree_5,2.444147368421053,22.072837837837838,heldout,0.519289658817322,0.8572666503925104
polynomial_degree_5,2.444147368421053,23.289054054054056,heldout,0.5568994733979099,0.8334474893093907
polynomial_degree_5,2.444147368421053,24.505270270270266,heldout,0.48958293259743496,0.8745296687216673
polynomial_degree_5,2.444147368421053,25.721486486486484,heldout,0.4659694333511879,0.8875710615138855
polynomial_degree_5,2.444147368421053,26.9377027027027,heldout,0.5209223845353507,0.8555716722506623
polynomial_degree_5,2.444147368421053,28.15391891891892,heldout,0.4784393199959451,0.878213565313158
polynomial_degree_5,2.444147368421053,29.370135135135136,heldout,0.5262088934263041,0.8504446381135002
polynomial_degree_5,2.444147368421053,30.586351351351354,heldout,0.45242699444485934,0.8921237803736087
polynomial_degree_5,2.444147368421053,31.80256756756757,heldout,0.4085556330704423,0.9146533092571653
polynomial_degree_5,2.444147368421053,33.01878378378379,heldout,0.2559954348463172,0.9672436713891137
polynomial_degree_5,2.444147368421053,34.23500000000001,heldout,0.41040639738396234,0.925304123490103
polynomial_degree_5,2.591515789473684,-9.548783783783783,heldout,0.4801590657323496,0.8933291808729574
polynomial_degree_5,2.591515789473684,-8.332567567567567,heldout,0.3616496887087004,0.9323523362919562
polynomial_degree_5,2.591515789473684,-7.116351351351351,heldout,0.41177675229202193,0.9116198372617624
polynomial_degree_5,2.591515789473684,-5.900135135135136,heldout,0.46112026633869824,0.8874212938337781
polynomial_degree_5,2.591515789473684,-4.683918918918918,heldout,0.4768957854251366,0.8794628165057968
polynomial_degree_5,2.591515789473684,-3.4677027027027023,heldout,0.4829868513814683,0.8769024355245901
polynomial_degree_5,2.591515789473684,-2.2514864864864865,heldout,0.5113880187497203,0.8603998027930306
polynomial_degree_5,2.591515789473684,-1.0352702702702707,heldout,0.57080867887086,0.8214947172882696
polynomial_degree_5,2.591515789473684,0.18094594594594504,heldout,0.5703623029752977,0.822204762560298
polynomial_degree_5,2.591515789473684,1.3971621621621626,heldout,0.5817433056388712,0.8137015535074155
polynomial_degree_5,2.591515789473684,2.6133783783783784,heldout,0.5925055675593692,0.8059983197237831
polynomial_degree_5,2.591515789473684,3.829594594594594,heldout,0.563801385096291,0.8272129449256924
polynomial_degree_5,2.591515789473684,5.045810810810812,heldout,0.5372511978391026,0.8443814746857117
polynomial_degree_5,2.591515789473684,6.2620270270270275,heldout,0.5895680471853373,0.8080665204291996
polynomial_degree_5,2.591515789473684,7.478243243243245,heldout,0.585433551503668,0.8107777337894175
polynomial_degree_5,2.591515789473684,8.694459459459459,heldout,0.5873598577657505,0.8097671459619802
polynomial_degree_5,2.591515789473684,9.910675675675673,heldout,0.5883720005504379,0.8098455739029838
polynomial_degree_5,2.591515789473684,11.12689189189189,heldout,0.5655567107398402,0.8256858934128795
polynomial_degree_5,2.591515789473684,12.343108108108105,heldout,0.6062791243275754,0.7961227357317608
polynomial_degree_5,2.591515789473684,13.559324324324322,heldout,0.5655062980300635,0.826139234065773
polynomial_degree_5,2.591515789473684,14.77554054054054,heldout,0.5632527304542824,0.8286410252751585
polynomial_degree_5,2.591515789473684,15.991756756756754,heldout,0.5616746134710927,0.829399858256073
polynomial_degree_5,2.591515789473684,17.20797297297297,heldout,0.5414963548174412,0.8417973295812132
polynomial_degree_5,2.591515789473684,18.42418918918919,heldout,0.5984630183069715,0.8021425714860732
polynomial_degree_5,2.591515789473684,19.640405405405403,heldout,0.5382713201537574,0.8438331382260948
polynomial_degree_5,2.591515789473684,20.85662162162162,heldout,0.5714453736608429,0.8229747745930865
polynomial_degree_5,2.591515789473684,22.072837837837838,heldout,0.5408910790358085,0.8435833181893971
polynomial_degree_5,2.591515789473684,23.289054054054056,heldout,0.5548432264298742,0.8344804264624669
polynomial_degree_5,2.591515789473684,24.505270270270266,heldout,0.49185325289212556,0.8729503403830561
polynomial_degree_5,2.591515789473684,25.721486486486484,heldout,0.49309926941550836,0.8728420081343036
polynomial_degree_5,2.591515789473684,26.9377027027027,heldout,0.5236268573763254,0.8546706918450526
polynomial_degree_5,2.591515789473684,28.15391891891892,heldout,0.4514937613678525,0.8926743418838311
polynomial_degree_5,2.591515789473684,29.370135135135136,heldout,0.5225107216386343,0.8529919974252936
polynomial_degree_5,2.591515789473684,30.586351351351354,heldout,0.45706569172509764,0.8899766381423927
polynomial_degree_5,2.591515789473684,31.80256756756757,heldout,0.40217150705856747,0.9171686824232282
polynomial_degree_5,2.591515789473684,33.01878378378379,heldout,0.27527279307524705,0.9621488694018657
polynomial_degree_5,2.591515789473684,34.23500000000001,heldout,0.4036098400841815,0.9229049312962936
polynomial_degree_5,2.738884210526316,-9.548783783783783,heldout,0.4548376561461053,0.8983586973669466
polynomial_degree_5,2.738884210526316,-8.332567567567567,heldout,0.38019705698692957,0.924945368784181
polynomial_degree_5,2.738884210526316,-7.116351351351351,heldout,0.36677010860727255,0.9303518736068792
polynomial_degree_5,2.738884210526316,-5.900135135135136,heldout,0.47431376186725654,0.8805775632853049
polynomial_degree_5,2.738884210526316,-4.683918918918918,heldout,0.4577458537310081,0.8908596409869753
polynomial_degree_5,2.738884210526316,-3.4677027027027023,heldout,0.4625436296370104,0.8897557640535975
polynomial_degree_5,2.738884210526316,-2.2514864864864865,heldout,0.5230367135496121,0.8542672056271395
polynomial_degree_5,2.738884210526316,-1.0352702702702707,heldout,0.5767012572391909,0.8172641952371861
polynomial_degree_5,2.738884210526316,0.18094594594594504,heldout,0.6224539360805599,0.7826929826799898
polynomial_degree_5,2.738884210526316,1.3971621621621626,heldout,0.633843473645432,0.7734820578853864
polynomial_degree_5,2.738884210526316,2.6133783783783784,heldout,0.5739848736648107,0.8198483264675251
polynomial_degree_5,2.738884210526316,3.829594594594594,heldout,0.5533721440713887,0.8347151672797543
polynomial_degree_5,2.738884210526316,5.045810810810812,heldout,0.5657214288089784,0.8259190419297366
polynomial_degree_5,2.738884210526316,6.2620270270270275,heldout,0.5634404899983632,0.8267970004208048
polynomial_degree_5,2.738884210526316,7.478243243243245,heldout,0.5943905111383906,0.8044821975174771
polynomial_degree_5,2.738884210526316,8.694459459459459,heldout,0.5980035871032697,0.8021940009665642
polynomial_degree_5,2.738884210526316,9.910675675675673,heldout,0.6003811789372484,0.8010510837302901
polynomial_degree_5,2.738884210526316,11.12689189189189,heldout,0.6192979645960859,0.7860937004826851
polynomial_degree_5,2.738884210526316,12.343108108108105,heldout,0.6187131970012173,0.7862207207935584
polynomial_degree_5,2.738884210526316,13.559324324324322,heldout,0.5641880601153657,0.8269679615357524
polynomial_degree_5,2.738884210526316,14.77554054054054,heldout,0.5529840052951633,0.835041630758539
polynomial_degree_5,2.738884210526316,15.991756756756754,heldout,0.5921134916125848,0.8078399076362355
polynomial_degree_5,2.738884210526316,17.20797297297297,heldout,0.5487180670241834,0.8370602522961148
polynomial_degree_5,2.738884210526316,18.42418918918919,heldout,0.5791491909788203,0.8162114335592688
polynomial_degree_5,2.738884210526316,19.640405405405403,heldout,0.5371884811126219,0.8444790587988895
polynomial_degree_5,2.738884210526316,20.85662162162162,heldout,0.5725264513918845,0.8217212082034056
polynomial_degree_5,2.738884210526316,22.072837837837838,heldout,0.5595757996556682,0.8308085300319709
polynomial_degree_5,2.738884210526316,23.289054054054056,heldout,0.5330715142112457,0.8478974551264549
polynomial_degree_5,2.738884210526316,24.505270270270266,heldout,0.5308531016777948,0.8497567226153125
polynomial_degree_5,2.738884210526316,25.721486486486484,heldout,0.5342937884142513,0.8481156587033905
polynomial_degree_5,2.738884210526316,26.9377027027027,heldout,0.5039959871295056,0.866103569324611
polynomial_degree_5,2.738884210526316,28.15391891891892,heldout,0.4723986868241381,0.8824367844799362
polynomial_degree_5,2.738884210526316,29.370135135135136,heldout,0.47112152305423,0.8825092655416954
polynomial_degree_5,2.738884210526316,30.586351351351354,heldout,0.46947546860849,0.883720538683725
polynomial_degree_5,2.738884210526316,31.80256756756757,heldout,0.40822017166309393,0.914320586592999
polynomial_degree_5,2.738884210526316,33.01878378378379,heldout,0.29210431466433123,0.9572886760347022
polynomial_degree_5,2.738884210526316,34.23500000000001,heldout,0.38198695319456627,0.9306113020642643
polynomial_degree_5,2.886252631578947,-9.548783783783783,heldout,0.4571618907810315,0.8938441954334304
polynomial_degree_5,2.886252631578947,-8.332567567567567,heldout,0.419365738935804,0.9078268062314558
polynomial_degree_5,2.886252631578947,-7.116351351351351,heldout,0.4693137846687081,0.88308878841653
polynomial_degree_5,2.886252631578947,-5.900135135135136,heldout,0.44215500569282995,0.8972211565139737
polynomial_degree_5,2.886252631578947,-4.683918918918918,heldout,0.4420653536156539,0.9001506810886831
polynomial_degree_5,2.886252631578947,-3.4677027027027023,heldout,0.4489494184199426,0.8987926275933167
polynomial_degree_5,2.886252631578947,-2.2514864864864865,heldout,0.5183163915569916,0.8585668471080631
polynomial_degree_5,2.886252631578947,-1.0352702702702707,heldout,0.6167457787265184,0.7872816327450998
polynomial_degree_5,2.886252631578947,0.18094594594594504,heldout,0.676146557611504,0.7373898293167905
polynomial_degree_5,2.886252631578947,1.3971621621621626,heldout,0.6236880429993648,0.7817393963243391
polynomial_degree_5,2.886252631578947,2.6133783783783784,heldout,0.569424031025483,0.8233869126512816
polynomial_degree_5,2.886252631578947,3.829594594594594,heldout,0.5486171565510339,0.8380795002605492
polynomial_degree_5,2.886252631578947,5.045810810810812,heldout,0.5609736225277823,0.8293214903017005
polynomial_degree_5,2.886252631578947,6.2620270270270275,heldout,0.5665811743900921,0.8248654153126893
polynomial_degree_5,2.886252631578947,7.478243243243245,heldout,0.5597781083674761,0.8290954813690314
polynomial_degree_5,2.886252631578947,8.694459459459459,heldout,0.5802524524853764,0.8152053856655899
polynomial_degree_5,2.886252631578947,9.910675675675673,heldout,0.6015595605593694,0.7999703177506292
polynomial_degree_5,2.886252631578947,11.12689189189189,heldout,0.6249834144009727,0.7815288052868509
polynomial_degree_5,2.886252631578947,12.343108108108105,heldout,0.5934420256466528,0.8054073710552162
polynomial_degree_5,2.886252631578947,13.559324324324322,heldout,0.5951548305462893,0.8047928961759033
polynomial_degree_5,2.886252631578947,14.77554054054054,heldout,0.5805468371225518,0.8157779749590233
polynomial_degree_5,2.886252631578947,15.991756756756754,heldout,0.5730522001594701,0.8210579349004373
polynomial_degree_5,2.886252631578947,17.20797297297297,heldout,0.5978284958987542,0.8026582559042107
polynomial_degree_5,2.886252631578947,18.42418918918919,heldout,0.5221433327029181,0.8534203448814598
polynomial_degree_5,2.886252631578947,19.640405405405403,heldout,0.5757883881503594,0.8185845428319114
polynomial_degree_5,2.886252631578947,20.85662162162162,heldout,0.5547908244766127,0.8332826697791788
polynomial_degree_5,2.886252631578947,22.072837837837838,heldout,0.5774989910312496,0.8179990483665848
polynomial_degree_5,2.886252631578947,23.289054054054056,heldout,0.5371630477071957,0.8449338565114975
polynomial_degree_5,2.886252631578947,24.505270270270266,heldout,0.5447741545533531,0.8407234574734761
polynomial_degree_5,2.886252631578947,25.721486486486484,heldout,0.5394623815360098,0.8442517275851787
polynomial_degree_5,2.886252631578947,26.9377027027027,heldout,0.48395064785701003,0.8770644193368077
polynomial_degree_5,2.886252631578947,28.15391891891892,heldout,0.5084174888876163,0.8629109050028183
polynomial_degree_5,2.886252631578947,29.370135135135136,heldout,0.4373101562182354,0.8999095297570573
polynomial_degree_5,2.886252631578947,30.586351351351354,heldout,0.4875466223895706,0.8741652458074379
polynomial_degree_5,2.886252631578947,31.80256756756757,heldout,0.4029617827299401,0.916790785191698
polynomial_degree_5,2.886252631578947,33.01878378378379,heldout,0.2641414656706065,0.9649465902768486
polynomial_degree_5,2.886252631578947,34.23500000000001,heldout,0.36400449695481973,0.9356218408576614
polynomial_degree_5,3.033621052631579,-9.548783783783783,heldout,0.45448085284547685,0.8951982507757583
polynomial_degree_5,3.033621052631579,-8.332567567567567,heldout,0.40901491722144157,0.9125441723748847
polynomial_degree_5,3.033621052631579,-7.116351351351351,heldout,0.42031098761525754,0.907380985268399
polynomial_degree_5,3.033621052631579,-5.900135135135136,heldout,0.49800695390368804,0.8675512276426898
polynomial_degree_5,3.033621052631579,-4.683918918918918,heldout,0.43888911139299525,0.9026745184850448
polynomial_degree_5,3.033621052631579,-3.4677027027027023,heldout,0.44667991446192346,0.9012511692546163
polynomial_degree_5,3.033621052631579,-2.2514864864864865,heldout,0.516504014323317,0.860657150125646
polynomial_degree_5,3.033621052631579,-1.0352702702702707,heldout,0.6213862428442423,0.7837443349615528
polynomial_degree_5,3.033621052631579,0.18094594594594504,heldout,0.705584031874941,0.7114458873892822
polynomial_degree_5,3.033621052631579,1.3971621621621626,heldout,0.6232486581198928,0.7821406770536163
polynomial_degree_5,3.033621052631579,2.6133783783783784,heldout,0.5696877343703491,0.8232452801810181
polynomial_degree_5,3.033621052631579,3.829594594594594,heldout,0.5482867383736569,0.8383021208189544
polynomial_degree_5,3.033621052631579,5.045810810810812,heldout,0.5587883263693723,0.830862811294491
polynomial_degree_5,3.033621052631579,6.2620270270270275,heldout,0.5192695810738168,0.8551820396603063
polynomial_degree_5,3.033621052631579,7.478243243243245,heldout,0.5909947684927586,0.8071472851573622
polynomial_degree_5,3.033621052631579,8.694459459459459,heldout,0.6039923239792341,0.7978198179501332
polynomial_degree_5,3.033621052631579,9.910675675675673,heldout,0.6088818354919834,0.7943266267774851
polynomial_degree_5,3.033621052631579,11.12689189189189,heldout,0.6246553090470607,0.7817700227346979
polynomial_degree_5,3.033621052631579,12.343108108108105,heldout,0.5902775486250285,0.8076942337483543
polynomial_degree_5,3.033621052631579,13.559324324324322,heldout,0.6024344861844879,0.7989490425923412
polynomial_degree_5,3.033621052631579,14.77554054054054,heldout,0.6094618883740622,0.7940721300301018
polynomial_degree_5,3.033621052631579,15.991756756756754,heldout,0.5780091574844491,0.8172709488240769
polynomial_degree_5,3.033621052631579,17.20797297297297,heldout,0.6022929962517952,0.7992160636495366
polynomial_degree_5,3.033621052631579,18.42418918918919,heldout,0.5092036689887556,0.8609592947715873
polynomial_degree_5,3.033621052631579,19.640405405405403,heldout,0.592546707724996,0.8063095405738728
polynomial_degree_5,3.033621052631579,20.85662162162162,heldout,0.5571318500121736,0.8312780522752742
polynomial_degree_5,3.033621052631579,22.072837837837838,heldout,0.5940966020434197,0.805680720391771
polynomial_degree_5,3.033621052631579,23.289054054054056,heldout,0.5283698321119016,0.8499583419987314
polynomial_degree_5,3.033621052631579,24.505270270270266,heldout,0.5512737229961849,0.8360818232957312
polynomial_degree_5,3.033621052631579,25.721486486486484,heldout,0.5343975766539879,0.8472724434595894
polynomial_degree_5,3.033621052631579,26.9377027027027,heldout,0.4892451992957949,0.8740990309820611
polynomial_degree_5,3.033621052631579,28.15391891891892,heldout,0.5179832448916499,0.8575665851134847
polynomial_degree_5,3.033621052631579,29.370135135135136,heldout,0.4287710700104672,0.9041674724582016
polynomial_degree_5,3.033621052631579,30.586351351351354,heldout,0.5025524269947231,0.8658093902119768
polynomial_degree_5,3.033621052631579,31.80256756756757,heldout,0.4062521825111722,0.9154773570094754
polynomial_degree_5,3.033621052631579,33.01878378378379,heldout,0.25933160230520097,0.9662231620173408
polynomial_degree_5,3.033621052631579,34.23500000000001,heldout,0.34757889610373965,0.9407666402938892
polynomial_degree_5,3.1809894736842104,-9.548783783783783,heldout,0.5072665604946739,0.8673025765431085
polynomial_degree_5,3.1809894736842104,-8.332567567567567,heldout,0.428849102848562,0.903376312544963
polynomial_degree_5,3.1809894736842104,-7.116351351351351,heldout,0.4434892524431159,0.8963012187956318
polynomial_degree_5,3.1809894736842104,-5.900135135135136,heldout,0.46628520541886576,0.885054789208945
polynomial_degree_5,3.1809894736842104,-4.683918918918918,heldout,0.44816754333193193,0.8982663414443568
polynomial_degree_5,3.1809894736842104,-3.4677027027027023,heldout,0.4572997437854244,0.8959675174098655
polynomial_degree_5,3.1809894736842104,-2.2514864864864865,heldout,0.522288988382456,0.8571721915830167
polynomial_degree_5,3.1809894736842104,-1.0352702702702707,heldout,0.5940282803661793,0.8052575925729956
polynomial_degree_5,3.1809894736842104,0.18094594594594504,heldout,0.6641125830821043,0.7477575247999966
polynomial_degree_5,3.1809894736842104,1.3971621621621626,heldout,0.6271769061380535,0.7789187494311102
polynomial_degree_5,3.1809894736842104,2.6133783783783784,heldout,0.573144110801482,0.8206444926407855
polynomial_degree_5,3.1809894736842104,3.829594594594594,heldout,0.5521682153247026,0.8355737307170253
polynomial_degree_5,3.1809894736842104,5.045810810810812,heldout,0.5603783335197595,0.8297471208810226
polynomial_degree_5,3.1809894736842104,6.2620270270270275,heldout,0.590421640208269,0.8073282800650352
polynomial_degree_5,3.1809894736842104,7.478243243243245,heldout,0.5799516279625755,0.8149800003231567
polynomial_degree_5,3.1809894736842104,8.694459459459459,heldout,0.5875085158458775,0.8099599148701103
polynomial_degree_5,3.1809894736842104,9.910675675675673,heldout,0.6109299215159079,0.7927584909146111
polynomial_degree_5,3.1809894736842104,11.12689189189189,heldout,0.6327008474069764,0.7753995502716379
polynomial_degree_5,3.1809894736842104,12.343108108108105,heldout,0.625468559031289,0.7806415275747813
polynomial_degree_5,3.1809894736842104,13.559324324324322,heldout,0.6089038565309807,0.7938306992330266
polynomial_degree_5,3.1809894736842104,14.77554054054054,heldout,0.5924087972646535,0.8065052818085624
polynomial_degree_5,3.1809894736842104,15.991756756756754,heldout,0.5997564427872418,0.8010811769596103
polynomial_degree_5,3.1809894736842104,17.20797297297297,heldout,0.5845635061082743,0.8119437746860398
polynomial_degree_5,3.1809894736842104,18.42418918918919,heldout,0.5575238427323634,0.8303716564047222
polynomial_degree_5,3.1809894736842104,19.640405405405403,heldout,0.5670982391330266,0.8240088009824645
polynomial_degree_5,3.1809894736842104,20.85662162162162,heldout,0.5843827558405171,0.8121028929714834
polynomial_degree_5,3.1809894736842104,22.072837837837838,heldout,0.5887041431777208,0.8091285572873801
polynomial_degree_5,3.1809894736842104,23.289054054054056,heldout,0.5655667577518447,0.8254682354056267
polynomial_degree_5,3.1809894736842104,24.505270270270266,heldout,0.5638368507509998,0.827164982245144
polynomial_degree_5,3.1809894736842104,25.721486486486484,heldout,0.5616264483968424,0.8296695899144354
polynomial_degree_5,3.1809894736842104,26.9377027027027,heldout,0.5025323828275929,0.8668188191099188
polynomial_degree_5,3.1809894736842104,28.15391891891892,heldout,0.5038895308285246,0.8657369941232683
polynomial_degree_5,3.1809894736842104,29.370135135135136,heldout,0.4524835436930903,0.8926155145778119
polynomial_degree_5,3.1809894736842104,30.586351351351354,heldout,0.47665372817070295,0.8801452776797566
polynomial_degree_5,3.1809894736842104,31.80256756756757,heldout,0.411912853969076,0.9127507208400811
polynomial_degree_5,3.1809894736842104,33.01878378378379,heldout,0.2862306970742577,0.9590917674262461
polynomial_degree_5,3.1809894736842104,34.23500000000001,heldout,0.363459390435897,0.9338723240997594
polynomial_degree_5,3.328357894736842,-9.548783783783783,heldout,0.4984735177471152,0.8772392702908143
polynomial_degree_5,3.328357894736842,-8.332567567567567,heldout,0.3824957964362863,0.9239576701473842
polynomial_degree_5,3.328357894736842,-7.116351351351351,heldout,0.4470161999350299,0.8946405649852917
polynomial_degree_5,3.328357894736842,-5.900135135135136,heldout,0.47686131671700044,0.8794552830717416
polynomial_degree_5,3.328357894736842,-4.683918918918918,heldout,0.4670385177780414,0.8879736716933848
polynomial_degree_5,3.328357894736842,-3.4677027027027023,heldout,0.472708849168254,0.8869882643414062
polynomial_degree_5,3.328357894736842,-2.2514864864864865,heldout,0.518236510040645,0.859571457461795
polynomial_degree_5,3.328357894736842,-1.0352702702702707,heldout,0.5594810858735815,0.8299093370566415
polynomial_degree_5,3.328357894736842,0.18094594594594504,heldout,0.6174206536987342,0.7870298041351547
polynomial_degree_5,3.328357894736842,1.3971621621621626,heldout,0.6271714812449594,0.7788812174949215
polynomial_degree_5,3.328357894736842,2.6133783783783784,heldout,0.5840193714179863,0.8125415297265294
polynomial_degree_5,3.328357894736842,3.829594594594594,heldout,0.5599460708286546,0.8300970377423246
polynomial_degree_5,3.328357894736842,5.045810810810812,heldout,0.5626993194330834,0.82793252536445
polynomial_degree_5,3.328357894736842,6.2620270270270275,heldout,0.6175263451084315,0.7865911188967086
polynomial_degree_5,3.328357894736842,7.478243243243245,heldout,0.5916595382759802,0.8063605103504679
polynomial_degree_5,3.328357894736842,8.694459459459459,heldout,0.6125133351933918,0.7913081159070869
polynomial_degree_5,3.328357894736842,9.910675675675673,heldout,0.6135410652729186,0.7908866222784231
polynomial_degree_5,3.328357894736842,11.12689189189189,heldout,0.6130752966638369,0.7908785539437474
polynomial_degree_5,3.328357894736842,12.343108108108105,heldout,0.648787774040147,0.7613205117655744
polynomial_degree_5,3.328357894736842,13.559324324324322,heldout,0.6152500092902173,0.7886923410823211
polynomial_degree_5,3.328357894736842,14.77554054054054,heldout,0.6031066772465076,0.798286879203905
polynomial_degree_5,3.328357894736842,15.991756756756754,heldout,0.6184136636937995,0.7865863517096919
polynomial_degree_5,3.328357894736842,17.20797297297297,heldout,0.5659387022547239,0.82471737141457
polynomial_degree_5,3.328357894736842,18.42418918918919,heldout,0.6459964775758619,0.7635490283171891
polynomial_degree_5,3.328357894736842,19.640405405405403,heldout,0.5567100308909185,0.8307957120401506
polynomial_degree_5,3.328357894736842,20.85662162162162,heldout,0.6025569864458781,0.7984469782609891
polynomial_degree_5,3.328357894736842,22.072837837837838,heldout,0.587677259639926,0.8095917403002252
polynomial_degree_5,3.328357894736842,23.289054054054056,heldout,0.5831092995310964,0.8129771788230241
polynomial_degree_5,3.328357894736842,24.505270270270266,heldout,0.5580684161585834,0.8306975028168363
polynomial_degree_5,3.328357894736842,25.721486486486484,heldout,0.5489469825288171,0.8383543306248937
polynomial_degree_5,3.328357894736842,26.9377027027027,heldout,0.5417963634405686,0.8435833390648184
polynomial_degree_5,3.328357894736842,28.15391891891892,heldout,0.4635234672383107,0.8875394077200033
polynomial_degree_5,3.328357894736842,29.370135135135136,heldout,0.4900157624427527,0.8725639280108587
polynomial_degree_5,3.328357894736842,30.586351351351354,heldout,0.47026983975379055,0.8834947859198959
polynomial_degree_5,3.328357894736842,31.80256756756757,heldout,0.4151284089818327,0.9114258195717378
polynomial_degree_5,3.328357894736842,33.01878378378379,heldout,0.30669710744444206,0.9532853929402615
polynomial_degree_5,3.328357894736842,34.23500000000001,heldout,0.3689547309963321,0.931258420756778
polynomial_degree_5,3.4757263157894736,-9.548783783783783,heldout,0.5416786597550524,0.85695592219433
polynomial_degree_5,3.4757263157894736,-8.332567567567567,heldout,0.384750372589126,0.9231026525411891
polynomial_degree_5,3.4757263157894736,-7.116351351351351,heldout,0.4501465449200039,0.8935316264955936
polynomial_degree_5,3.4757263157894736,-5.900135135135136,heldout,0.5094431473794134,0.8610291481951405
polynomial_degree_5,3.4757263157894736,-4.683918918918918,heldout,0.4666413464231324,0.8866733857810892
polynomial_degree_5,3.4757263157894736,-3.4677027027027023,heldout,0.48751185423369003,0.8775399063662541
polynomial_degree_5,3.4757263157894736,-2.2514864864864865,heldout,0.4974447990396921,0.8720537634143103
polynomial_degree_5,3.4757263157894736,-1.0352702702702707,heldout,0.567320776192059,0.8257645769189284
polynomial_degree_5,3.4757263157894736,0.18094594594594504,heldout,0.5750538610554939,0.8199748291208809
polynomial_degree_5,3.4757263157894736,1.3971621621621626,heldout,0.6116498347508872,0.791340265605213
polynomial_degree_5,3.4757263157894736,2.6133783783783784,heldout,0.5905174993659855,0.8074507124020585
polynomial_degree_5,3.4757263157894736,3.829594594594594,heldout,0.571926148804856,0.8214772749735351
polynomial_degree_5,3.4757263157894736,5.045810810810812,heldout,0.5870397727717894,0.8098593205829315
polynomial_degree_5,3.4757263157894736,6.2620270270270275,heldout,0.6230972066302515,0.7821455948184204
polynomial_degree_5,3.4757263157894736,7.478243243243245,heldout,0.6174931468604772,0.7866997941122144
polynomial_degree_5,3.4757263157894736,8.694459459459459,heldout,0.5909103894217885,0.8075975335216212
polynomial_degree_5,3.4757263157894736,9.910675675675673,heldout,0.6090722864497278,0.7945255495167161
polynomial_degree_5,3.4757263157894736,11.12689189189189,heldout,0.612047216466745,0.791451439767229
polynomial_degree_5,3.4757263157894736,12.343108108108105,heldout,0.6432897299645703,0.7659255348655165
polynomial_degree_5,3.4757263157894736,13.559324324324322,heldout,0.6296929905697157,0.7770156100650528
polynomial_degree_5,3.4757263157894736,14.77554054054054,heldout,0.638289385004365,0.7702702281048556
polynomial_degree_5,3.4757263157894736,15.991756756756754,heldout,0.5972725358363368,0.8025839414166558
polynomial_degree_5,3.4757263157894736,17.20797297297297,heldout,0.5872808848405061,0.8095135166131054
polynomial_degree_5,3.4757263157894736,18.42418918918919,heldout,0.6200380013270748,0.7845745292661396
polynomial_degree_5,3.4757263157894736,19.640405405405403,heldout,0.5827778258592935,0.8126477418900145
polynomial_degree_5,3.4757263157894736,20.85662162162162,heldout,0.6170762549618233,0.7871556300149425
polynomial_degree_5,3.4757263157894736,22.072837837837838,heldout,0.578809090364185,0.8157761917013202
polynomial_degree_5,3.4757263157894736,23.289054054054056,heldout,0.6112952610399994,0.791992808316247
polynomial_degree_5,3.4757263157894736,24.505270270270266,heldout,0.5540049144748798,0.8332185125583318
polynomial_degree_5,3.4757263157894736,25.721486486486484,heldout,0.528813239687157,0.8508954755606254
polynomial_degree_5,3.4757263157894736,26.9377027027027,heldout,0.5401290812977546,0.84491835074379
polynomial_degree_5,3.4757263157894736,28.15391891891892,heldout,0.4639023548792066,0.8869746197912749
polynomial_degree_5,3.4757263157894736,29.370135135135136,heldout,0.5266511046142838,0.8509231386270695
polynomial_degree_5,3.4757263157894736,30.586351351351354,heldout,0.4564758261307695,0.890493385482051
polynomial_degree_5,3.4757263157894736,31.80256756756757,heldout,0.41509530017193386,0.9115693534426383
polynomial_degree_5,3.4757263157894736,33.01878378378379,heldout,0.2862703435362134,0.9597114566910575
polynomial_degree_5,3.4757263157894736,34.23500000000001,heldout,0.3647534362421989,0.9328291933655721
polynomial_degree_5,3.623094736842105,-9.548783783783783,heldout,0.5497204596009961,0.8649156919145581
polynomial_degree_5,3.623094736842105,-8.332567567567567,heldout,0.27487383745807165,0.9615910619940006
polynomial_degree_5,3.623094736842105,-7.116351351351351,heldout,0.44197391610185505,0.8986928998137081
polynomial_degree_5,3.623094736842105,-5.900135135135136,heldout,0.5164070951923686,0.8568010353150565
polynomial_degree_5,3.623094736842105,-4.683918918918918,heldout,0.5379511202293336,0.8435217982599105
polynomial_degree_5,3.623094736842105,-3.4677027027027023,heldout,0.5029498934770567,0.8673123660591295
polynomial_degree_5,3.623094736842105,-2.2514864864864865,heldout,0.45800022337929586,0.894147088541096
polynomial_degree_5,3.623094736842105,-1.0352702702702707,heldout,0.5300172276240865,0.8518490616374825
polynomial_degree_5,3.623094736842105,0.18094594594594504,heldout,0.5374038377772441,0.846870868554715
polynomial_degree_5,3.623094736842105,1.3971621621621626,heldout,0.5816497271387123,0.8145953163369523
polynomial_degree_5,3.623094736842105,2.6133783783783784,heldout,0.5915582714786825,0.8064892172229213
polynomial_degree_5,3.623094736842105,3.829594594594594,heldout,0.582615825370036,0.8135537537857838
polynomial_degree_5,3.623094736842105,5.045810810810812,heldout,0.6258579125414776,0.7799709029305696
polynomial_degree_5,3.623094736842105,6.2620270270270275,heldout,0.6417954096927027,0.7668959179318713
polynomial_degree_5,3.623094736842105,7.478243243243245,heldout,0.6339682696803096,0.7735341461174104
polynomial_degree_5,3.623094736842105,8.694459459459459,heldout,0.6186528447918632,0.7867368751491307
polynomial_degree_5,3.623094736842105,9.910675675675673,heldout,0.6213239697646846,0.7850290848056456
polynomial_degree_5,3.623094736842105,11.12689189189189,heldout,0.6481844297376617,0.7619215357786425
polynomial_degree_5,3.623094736842105,12.343108108108105,heldout,0.646806913088058,0.7628489916520369
polynomial_degree_5,3.623094736842105,13.559324324324322,heldout,0.6522318009401397,0.7581557221276339
polynomial_degree_5,3.623094736842105,14.77554054054054,heldout,0.6224129298361865,0.7830208337835964
polynomial_degree_5,3.623094736842105,15.991756756756754,heldout,0.5944729980423289,0.8044420857838774
polynomial_degree_5,3.623094736842105,17.20797297297297,heldout,0.6335584928528271,0.7737424078271967
polynomial_degree_5,3.623094736842105,18.42418918918919,heldout,0.6211325687678411,0.7837882217731196
polynomial_degree_5,3.623094736842105,19.640405405405403,heldout,0.6374196990992385,0.770517807372123
polynomial_degree_5,3.623094736842105,20.85662162162162,heldout,0.6022596001950432,0.798381592055047
polynomial_degree_5,3.623094736842105,22.072837837837838,heldout,0.5815883279172022,0.8136597795923446
polynomial_degree_5,3.623094736842105,23.289054054054056,heldout,0.6142111229188458,0.7896774026179153
polynomial_degree_5,3.623094736842105,24.505270270270266,heldout,0.5699909232372428,0.8224840516589481
polynomial_degree_5,3.623094736842105,25.721486486486484,heldout,0.5252459618754102,0.8531513907283189
polynomial_degree_5,3.623094736842105,26.9377027027027,heldout,0.5420149222833484,0.8433350459563597
polynomial_degree_5,3.623094736842105,28.15391891891892,heldout,0.49303984220080876,0.8710192884259168
polynomial_degree_5,3.623094736842105,29.370135135135136,heldout,0.5338710092469563,0.8461640313201154
polynomial_degree_5,3.623094736842105,30.586351351351354,heldout,0.4635103456016243,0.886631306275812
polynomial_degree_5,3.623094736842105,31.80256756756757,heldout,0.40981600589470835,0.9140405949581215
polynomial_degree_5,3.623094736842105,33.01878378378379,heldout,0.2774184302704718,0.962347054916715
polynomial_degree_5,3.623094736842105,34.23500000000001,heldout,0.36681197103925095,0.9339052829008073
polynomial_degree_5,3.7704631578947367,-9.548783783783783,heldout,0.5942438542591051,0.8546357897798363
polynomial_degree_5,3.7704631578947367,-8.332567567567567,heldout,0.270599974750886,0.9631387498478448
polynomial_degree_5,3.7704631578947367,-7.116351351351351,heldout,0.39134470419346473,0.9229578562426004
polynomial_degree_5,3.7704631578947367,-5.900135135135136,heldout,0.5230076319453241,0.8526936716425567
polynomial_degree_5,3.7704631578947367,-4.683918918918918,heldout,0.5965934153036322,0.8025545511922982
polynomial_degree_5,3.7704631578947367,-3.4677027027027023,heldout,0.5014529232163044,0.867893861552897
polynomial_degree_5,3.7704631578947367,-2.2514864864864865,heldout,0.5351155883334916,0.8467769305312016
polynomial_degree_5,3.7704631578947367,-1.0352702702702707,heldout,0.49923146960442166,0.8712894234930585
polynomial_degree_5,3.7704631578947367,0.18094594594594504,heldout,0.5052272812128061,0.867862732578331
polynomial_degree_5,3.7704631578947367,1.3971621621621626,heldout,0.5509014822680439,0.8369388589424577
polynomial_degree_5,3.7704631578947367,2.6133783783783784,heldout,0.6017110500624411,0.7990060891151378
polynomial_degree_5,3.7704631578947367,3.829594594594594,heldout,0.5792821409342066,0.8152179944884026
polynomial_degree_5,3.7704631578947367,5.045810810810812,heldout,0.6570685295527628,0.7543564691925946
polynomial_degree_5,3.7704631578947367,6.2620270270270275,heldout,0.6515050942795135,0.7586448611989518
polynomial_degree_5,3.7704631578947367,7.478243243243245,heldout,0.6315077311938238,0.775715096184218
polynomial_degree_5,3.7704631578947367,8.694459459459459,heldout,0.5877077660389843,0.8102606805927516
polynomial_degree_5,3.7704631578947367,9.910675675675673,heldout,0.5909962420669116,0.8076071338045973
polynomial_degree_5,3.7704631578947367,11.12689189189189,heldout,0.6314215746218115,0.7756259533829394
polynomial_degree_5,3.7704631578947367,12.343108108108105,heldout,0.6589026873609579,0.7523839368233286
polynomial_degree_5,3.7704631578947367,13.559324324324322,heldout,0.6555662555039808,0.7552812249169667
polynomial_degree_5,3.7704631578947367,14.77554054054054,heldout,0.611544717218088,0.7914102358032962
polynomial_degree_5,3.7704631578947367,15.991756756756754,heldout,0.6014995542392297,0.7989642390483536
polynomial_degree_5,3.7704631578947367,17.20797297297297,heldout,0.647791664169317,0.7618191126618031
polynomial_degree_5,3.7704631578947367,18.42418918918919,heldout,0.636717568981891,0.7712550578916298
polynomial_degree_5,3.7704631578947367,19.640405405405403,heldout,0.6641098462033557,0.7477448742639612
polynomial_degree_5,3.7704631578947367,20.85662162162162,heldout,0.6134142113001211,0.7897628104188985
polynomial_degree_5,3.7704631578947367,22.072837837837838,heldout,0.6014802003356216,0.7990488507260305
polynomial_degree_5,3.7704631578947367,23.289054054054056,heldout,0.600030493941964,0.8005561752719592
polynomial_degree_5,3.7704631578947367,24.505270270270266,heldout,0.5879565547773535,0.8100107509920095
polynomial_degree_5,3.7704631578947367,25.721486486486484,heldout,0.5445841933481127,0.8406021042469077
polynomial_degree_5,3.7704631578947367,26.9377027027027,heldout,0.489942437813881,0.8734345814098634
polynomial_degree_5,3.7704631578947367,28.15391891891892,heldout,0.527501213370951,0.8507027683588261
polynomial_degree_5,3.7704631578947367,29.370135135135136,heldout,0.5370593225636663,0.8439616116368985
polynomial_degree_5,3.7704631578947367,30.586351351351354,heldout,0.49950738396949085,0.8667550129210885
polynomial_degree_5,3.7704631578947367,31.80256756756757,heldout,0.39003605592380497,0.9226876058618241
polynomial_degree_5,3.7704631578947367,33.01878378378379,heldout,0.297614325635512,0.9570414670127234
polynomial_degree_5,3.7704631578947367,34.23500000000001,heldout,0.3904721469981452,0.9263892118417602
polynomial_degree_5,3.9178315789473688,-9.548783783783783,heldout,0.6681171934453217,0.8440682363006174
polynomial_degree_5,3.9178315789473688,-8.332567567567567,heldout,0.23873297043109962,0.9714291768124788
polynomial_degree_5,3.9178315789473688,-7.116351351351351,heldout,0.3782965867066233,0.9296648710528775
polynomial_degree_5,3.9178315789473688,-5.900135135135136,heldout,0.5472873686741923,0.8372404266734175
polynomial_degree_5,3.9178315789473688,-4.683918918918918,heldout,0.6298819160078598,0.7774626813630406
polynomial_degree_5,3.9178315789473688,-3.4677027027027023,heldout,0.48009490341362565,0.8782691852175242
polynomial_degree_5,3.9178315789473688,-2.2514864864864865,heldout,0.5218221136663684,0.8549870245059296
polynomial_degree_5,3.9178315789473688,-1.0352702702702707,heldout,0.47631568734613955,0.884150182539723
polynomial_degree_5,3.9178315789473688,0.18094594594594504,heldout,0.4798578278920399,0.8828419561084769
polynomial_degree_5,3.9178315789473688,1.3971621621621626,heldout,0.5252723200167206,0.8543713928478441
polynomial_degree_5,3.9178315789473688,2.6133783783783784,heldout,0.5966153174451378,0.8031529771749699
polynomial_degree_5,3.9178315789473688,3.829594594594594,heldout,0.6476010395958933,0.7629514415140707
polynomial_degree_5,3.9178315789473688,5.045810810810812,heldout,0.6734947160288042,0.7400669268161747
polynomial_degree_5,3.9178315789473688,6.2620270270270275,heldout,0.6470161203704643,0.7624767909740499
polynomial_degree_5,3.9178315789473688,7.478243243243245,heldout,0.6309400768159644,0.7764523590936928
polynomial_degree_5,3.9178315789473688,8.694459459459459,heldout,0.6217178711824906,0.7846342465078979
polynomial_degree_5,3.9178315789473688,9.910675675675673,heldout,0.619243988631576,0.785490323030472
polynomial_degree_5,3.9178315789473688,11.12689189189189,heldout,0.6487175248480878,0.7611330203267176
polynomial_degree_5,3.9178315789473688,12.343108108108105,heldout,0.6448710950843466,0.7644404866933355
polynomial_degree_5,3.9178315789473688,13.559324324324322,heldout,0.6505986864747385,0.7595621805921592
polynomial_degree_5,3.9178315789473688,14.77554054054054,heldout,0.6304168207052996,0.7763483670009924
polynomial_degree_5,3.9178315789473688,15.991756756756754,heldout,0.6261939513698419,0.7796678584307948
polynomial_degree_5,3.9178315789473688,17.20797297297297,heldout,0.628571132883486,0.7778531160601253
polynomial_degree_5,3.9178315789473688,18.42418918918919,heldout,0.6697066222709464,0.7427546477124526
polynomial_degree_5,3.9178315789473688,19.640405405405403,heldout,0.6577907888632971,0.7535098289513231
polynomial_degree_5,3.9178315789473688,20.85662162162162,heldout,0.6165952952264807,0.787321155673572
polynomial_degree_5,3.9178315789473688,22.072837837837838,heldout,0.6191071048445588,0.7854169890252498
polynomial_degree_5,3.9178315789473688,23.289054054054056,heldout,0.5840171923399855,0.8123869708025875
polynomial_degree_5,3.9178315789473688,24.505270270270266,heldout,0.597097852333823,0.8035800723393777
polynomial_degree_5,3.9178315789473688,25.721486486486484,heldout,0.5361940755757777,0.8452058069231545
polynomial_degree_5,3.9178315789473688,26.9377027027027,heldout,0.4632746400018658,0.8871027231814967
polynomial_degree_5,3.9178315789473688,28.15391891891892,heldout,0.5664774974613238,0.825289414141033
polynomial_degree_5,3.9178315789473688,29.370135135135136,heldout,0.5341933424815247,0.8455739878107833
polynomial_degree_5,3.9178315789473688,30.586351351351354,heldout,0.5054555522875231,0.8630860316143277
polynomial_degree_5,3.9178315789473688,31.80256756756757,heldout,0.3711992732629477,0.930525654335184
polynomial_degree_5,3.9178315789473688,33.01878378378379,heldout,0.31793754199208013,0.9513437697091484
polynomial_degree_5,3.9178315789473688,34.23500000000001,heldout,0.44948043119354336,0.9033607681865552
polynomial_degree_5,4.0652,-9.548783783783783,heldout,0.7481812424907116,0.828622122739416
polynomial_degree_5,4.0652,-8.332567567567567,heldout,0.24210736415918388,0.9702622185514371
polynomial_degree_5,4.0652,-7.116351351351351,heldout,0.35921269765497926,0.9381090790400305
polynomial_degree_5,4.0652,-5.900135135135136,heldout,0.5572190973261504,0.8306021013561451
polynomial_degree_5,4.0652,-4.683918918918918,heldout,0.6398915117209033,0.7696975740868962
polynomial_degree_5,4.0652,-3.4677027027027023,heldout,0.5874036341335421,0.8103183779101173
polynomial_degree_5,4.0652,-2.2514864864864865,heldout,0.5105312775080062,0.861243447043025
polynomial_degree_5,4.0652,-1.0352702702702707,heldout,0.46318071174701947,0.8902672597040182
polynomial_degree_5,4.0652,0.18094594594594504,heldout,0.4633254264061173,0.891395529421829
polynomial_degree_5,4.0652,1.3971621621621626,heldout,0.5065313376427009,0.8662348441041737
polynomial_degree_5,4.0652,2.6133783783783784,heldout,0.5783409154649758,0.817093923267054
polynomial_degree_5,4.0652,3.829594594594594,heldout,0.685199938813302,0.7314523705590033
polynomial_degree_5,4.0652,5.045810810810812,heldout,0.6820572676778408,0.7321871714465685
polynomial_degree_5,4.0652,6.2620270270270275,heldout,0.6513107172075164,0.758825650262846
polynomial_degree_5,4.0652,7.478243243243245,heldout,0.6277372054334295,0.7792914313592539
polynomial_degree_5,4.0652,8.694459459459459,heldout,0.6239094314508299,0.782791541650381
polynomial_degree_5,4.0652,9.910675675675673,heldout,0.6424630190858152,0.766327167603942
polynomial_degree_5,4.0652,11.12689189189189,heldout,0.6549366225065247,0.7556999596852554
polynomial_degree_5,4.0652,12.343108108108105,heldout,0.6386082743129069,0.7696364896578778
polynomial_degree_5,4.0652,13.559324324324322,heldout,0.6455968738918076,0.7637743177835762
polynomial_degree_5,4.0652,14.77554054054054,heldout,0.639680677688557,0.7686471285141238
polynomial_degree_5,4.0652,15.991756756756754,heldout,0.6348899511465425,0.7727015797414116
polynomial_degree_5,4.0652,17.20797297297297,heldout,0.6376327855528516,0.7706023911203872
polynomial_degree_5,4.0652,18.42418918918919,heldout,0.6805316326524979,0.7329312398121142
polynomial_degree_5,4.0652,19.640405405405403,heldout,0.6720071122926116,0.7411558163063653
polynomial_degree_5,4.0652,20.85662162162162,heldout,0.6386506937255529,0.7697097605692965
polynomial_degree_5,4.0652,22.072837837837838,heldout,0.6263307790818069,0.7796220652103037
polynomial_degree_5,4.0652,23.289054054054056,heldout,0.5771106792950176,0.8173541647470036
polynomial_degree_5,4.0652,24.505270270270266,heldout,0.5918677835094518,0.8073873356153835
polynomial_degree_5,4.0652,25.721486486486484,heldout,0.5360759719837993,0.8447186639995489
polynomial_degree_5,4.0652,26.9377027027027,heldout,0.47018955805046214,0.8828750180170455
polynomial_degree_5,4.0652,28.15391891891892,heldout,0.5775192712526391,0.8170729049721752
polynomial_degree_5,4.0652,29.370135135135136,heldout,0.5491064793218433,0.8357649889289379
polynomial_degree_5,4.0652,30.586351351351354,heldout,0.5244709507235032,0.8515204264946982
polynomial_degree_5,4.0652,31.80256756756757,heldout,0.37368332825144274,0.9296814468929112
polynomial_degree_5,4.0652,33.01878378378379,heldout,0.31990516818788584,0.9508967221797754
polynomial_degree_5,4.0652,34.23500000000001,heldout,0.4811995437604502,0.892884639177908
polynomial_degree_5,4.212568421052631,-9.548783783783783,heldout,0.8169477132113419,0.7990944851410213
polynomial_degree_5,4.212568421052631,-8.332567567567567,heldout,0.28692459920431335,0.9586028630242431
polynomial_degree_5,4.212568421052631,-7.116351351351351,heldout,0.3491847161910981,0.9421716243552941
polynomial_degree_5,4.212568421052631,-5.900135135135136,heldout,0.5480742342204146,0.8367171238813074
polynomial_degree_5,4.212568421052631,-4.683918918918918,heldout,0.6355619866383792,0.7736944081655873
polynomial_degree_5,4.212568421052631,-3.4677027027027023,heldout,0.7257605411890539,0.6996525717464639
polynomial_degree_5,4.212568421052631,-2.2514864864864865,heldout,0.5096984360229164,0.8608868656515238
polynomial_degree_5,4.212568421052631,-1.0352702702702707,heldout,0.46215548508780857,0.889230639004061
polynomial_degree_5,4.212568421052631,0.18094594594594504,heldout,0.45829286434763844,0.8927951222154495
polynomial_degree_5,4.212568421052631,1.3971621621621626,heldout,0.4972225703012489,0.87144310105966
polynomial_degree_5,4.212568421052631,2.6133783783783784,heldout,0.6116575359316074,0.7911640773030132
polynomial_degree_5,4.212568421052631,3.829594594594594,heldout,0.693002877086071,0.7244110166558252
polynomial_degree_5,4.212568421052631,5.045810810810812,heldout,0.6910604367086319,0.7237200114448528
polynomial_degree_5,4.212568421052631,6.2620270270270275,heldout,0.6609780887105758,0.7504797686334439
polynomial_degree_5,4.212568421052631,7.478243243243245,heldout,0.6252173036239114,0.7815570851219484
polynomial_degree_5,4.212568421052631,8.694459459459459,heldout,0.617439888371998,0.7869381602320972
polynomial_degree_5,4.212568421052631,9.910675675675673,heldout,0.6318793384340091,0.7750969889289918
polynomial_degree_5,4.212568421052631,11.12689189189189,heldout,0.6346954850236619,0.7727747734196801
polynomial_degree_5,4.212568421052631,12.343108108108105,heldout,0.6466052963905446,0.7628434531058446
polynomial_degree_5,4.212568421052631,13.559324324324322,heldout,0.6429041315342907,0.7659735146228746
polynomial_degree_5,4.212568421052631,14.77554054054054,heldout,0.629049795901913,0.7774376858104932
polynomial_degree_5,4.212568421052631,15.991756756756754,heldout,0.6390600994152058,0.7694787646615521
polynomial_degree_5,4.212568421052631,17.20797297297297,heldout,0.6700611932399846,0.7426249459285877
polynomial_degree_5,4.212568421052631,18.42418918918919,heldout,0.6676828417190886,0.745009294318211
polynomial_degree_5,4.212568421052631,19.640405405405403,heldout,0.6988982968526941,0.715899651406087
polynomial_degree_5,4.212568421052631,20.85662162162162,heldout,0.6629138069833581,0.7493248476106379
polynomial_degree_5,4.212568421052631,22.072837837837838,heldout,0.6261098862331557,0.7797621337255961
polynomial_degree_5,4.212568421052631,23.289054054054056,heldout,0.5962833995641854,0.8033566361916475
polynomial_degree_5,4.212568421052631,24.505270270270266,heldout,0.5779368157215912,0.8170303585023783
polynomial_degree_5,4.212568421052631,25.721486486486484,heldout,0.5579953083565137,0.8302077348667438
polynomial_degree_5,4.212568421052631,26.9377027027027,heldout,0.516101813819355,0.8566360405502805
polynomial_degree_5,4.212568421052631,28.15391891891892,heldout,0.5629060829149206,0.8265369235604014
polynomial_degree_5,4.212568421052631,29.370135135135136,heldout,0.585087576689075,0.8110521783235265
polynomial_degree_5,4.212568421052631,30.586351351351354,heldout,0.5524690701181483,0.8335448551166764
polynomial_degree_5,4.212568421052631,31.80256756756757,heldout,0.40138199104773126,0.9186833335340042
polynomial_degree_5,4.212568421052631,33.01878378378379,heldout,0.2786865145335399,0.9623681095298084
polynomial_degree_5,4.212568421052631,34.23500000000001,heldout,0.5313934300259328,0.8778306135363712
polynomial_degree_5,4.359936842105263,-9.548783783783783,heldout,0.918271691778344,0.7792819455992338
polynomial_degree_5,4.359936842105263,-8.332567567567567,heldout,0.33202673794480597,0.9495294720542036
polynomial_degree_5,4.359936842105263,-7.116351351351351,heldout,0.38365058300112703,0.9279030762145376
polynomial_degree_5,4.359936842105263,-5.900135135135136,heldout,0.5446899759257114,0.8393320136023775
polynomial_degree_5,4.359936842105263,-4.683918918918918,heldout,0.6519805472790586,0.7621599001286417
polynomial_degree_5,4.359936842105263,-3.4677027027027023,heldout,0.7611890318852808,0.6723144484653917
polynomial_degree_5,4.359936842105263,-2.2514864864864865,heldout,0.5956789551046707,0.8061312482565489
polynomial_degree_5,4.359936842105263,-1.0352702702702707,heldout,0.47574454887850004,0.8803104864297406
polynomial_degree_5,4.359936842105263,0.18094594594594504,heldout,0.46783646220151665,0.8859258684782909
polynomial_degree_5,4.359936842105263,1.3971621621621626,heldout,0.5006486900733719,0.868383712224714
polynomial_degree_5,4.359936842105263,2.6133783783783784,heldout,0.6485058582011445,0.7617714402459416
polynomial_degree_5,4.359936842105263,3.829594594594594,heldout,0.7234478493390688,0.693605947787126
polynomial_degree_5,4.359936842105263,5.045810810810812,heldout,0.6909207794147224,0.7236382055882032
polynomial_degree_5,4.359936842105263,6.2620270270270275,heldout,0.6483449551621799,0.7614793032490144
polynomial_degree_5,4.359936842105263,7.478243243243245,heldout,0.6234268999968455,0.7829656002725013
polynomial_degree_5,4.359936842105263,8.694459459459459,heldout,0.672982596587826,0.7397609774369844
polynomial_degree_5,4.359936842105263,9.910675675675673,heldout,0.6758720622825749,0.737324274719144
polynomial_degree_5,4.359936842105263,11.12689189189189,heldout,0.6585609255452003,0.7526512117260671
polynomial_degree_5,4.359936842105263,12.343108108108105,heldout,0.6411931134271666,0.7675196059119925
polynomial_degree_5,4.359936842105263,13.559324324324322,heldout,0.6448121765699757,0.7644737423365837
polynomial_degree_5,4.359936842105263,14.77554054054054,heldout,0.6419307706823989,0.7671320940884461
polynomial_degree_5,4.359936842105263,15.991756756756754,heldout,0.6414500168970135,0.7677600715352585
polynomial_degree_5,4.359936842105263,17.20797297297297,heldout,0.6794991848459273,0.7340624035068954
polynomial_degree_5,4.359936842105263,18.42418918918919,heldout,0.6709205471632271,0.7425199393638564
polynomial_degree_5,4.359936842105263,19.640405405405403,heldout,0.7081784427995665,0.7070265291423525
polynomial_degree_5,4.359936842105263,20.85662162162162,heldout,0.6829170134535401,0.7314470785919194
polynomial_degree_5,4.359936842105263,22.072837837837838,heldout,0.6210697925280596,0.7837720315751812
polynomial_degree_5,4.359936842105263,23.289054054054056,heldout,0.6146613603143557,0.7891283016702588
polynomial_degree_5,4.359936842105263,24.505270270270266,heldout,0.5689078479194463,0.82271620120798
polynomial_degree_5,4.359936842105263,25.721486486486484,heldout,0.5420724314869929,0.8404618286719683
polynomial_degree_5,4.359936842105263,26.9377027027027,heldout,0.5671971158791849,0.8236096135809259
polynomial_degree_5,4.359936842105263,28.15391891891892,heldout,0.5610353030281802,0.8283253689669557
polynomial_degree_5,4.359936842105263,29.370135135135136,heldout,0.6147790478081838,0.7894012434486825
polynomial_degree_5,4.359936842105263,30.586351351351354,heldout,0.5533258548526334,0.832994611528532
polynomial_degree_5,4.359936842105263,31.80256756756757,heldout,0.4220629393774368,0.9096526447574437
polynomial_degree_5,4.359936842105263,33.01878378378379,heldout,0.24875331636751238,0.9693836400040814
polynomial_degree_5,4.359936842105263,34.23500000000001,heldout,0.5872911396555821,0.8590206198333802
polynomial_degree_5,4.507305263157894,-9.548783783783783,heldout,1.0284463671969617,0.7352923629750188
polynomial_degree_5,4.507305263157894,-8.332567567567567,heldout,0.49294681234754173,0.888139528705047
polynomial_degree_5,4.507305263157894,-7.116351351351351,heldout,0.38855763708422153,0.9239505589144633
polynomial_degree_5,4.507305263157894,-5.900135135135136,heldout,0.5155459254231489,0.8580664570481438
polynomial_degree_5,4.507305263157894,-4.683918918918918,heldout,0.6970971715662488,0.7287796631268504
polynomial_degree_5,4.507305263157894,-3.4677027027027023,heldout,0.795515192495482,0.6461290273521868
polynomial_degree_5,4.507305263157894,-2.2514864864864865,heldout,0.7377394935025937,0.7007090541935672
polynomial_degree_5,4.507305263157894,-1.0352702702702707,heldout,0.5066849525985693,0.8621658254488405
polynomial_degree_5,4.507305263157894,0.18094594594594504,heldout,0.495399193982254,0.8689864992209988
polynomial_degree_5,4.507305263157894,1.3971621621621626,heldout,0.5209583110674914,0.8545877104286813
polynomial_degree_5,4.507305263157894,2.6133783783783784,heldout,0.6745363550739586,0.7396004170046314
polynomial_degree_5,4.507305263157894,3.829594594594594,heldout,0.7157148113971397,0.7007919662282514
polynomial_degree_5,4.507305263157894,5.045810810810812,heldout,0.6991160651042921,0.7156533159957502
polynomial_degree_5,4.507305263157894,6.2620270270270275,heldout,0.6430245118821695,0.7659853890328027
polynomial_degree_5,4.507305263157894,7.478243243243245,heldout,0.6403796167059905,0.7682744121413485
polynomial_degree_5,4.507305263157894,8.694459459459459,heldout,0.6798100516390444,0.7346635036205214
polynomial_degree_5,4.507305263157894,9.910675675675673,heldout,0.6731495397480203,0.7405504327095208
polynomial_degree_5,4.507305263157894,11.12689189189189,heldout,0.6437700338321108,0.7664475115505746
polynomial_degree_5,4.507305263157894,12.343108108108105,heldout,0.6540953650794898,0.7579308770909781
polynomial_degree_5,4.507305263157894,13.559324324324322,heldout,0.6459418220158049,0.7651811566979914
polynomial_degree_5,4.507305263157894,14.77554054054054,heldout,0.6711008020246015,0.7426014525388265
polynomial_degree_5,4.507305263157894,15.991756756756754,heldout,0.6564127466276809,0.755546043459353
polynomial_degree_5,4.507305263157894,17.20797297297297,heldout,0.6539152031210951,0.7575483374389065
polynomial_degree_5,4.507305263157894,18.42418918918919,heldout,0.6823312875031374,0.7322288636777118
polynomial_degree_5,4.507305263157894,19.640405405405403,heldout,0.6897736200199465,0.7258385357860355
polynomial_degree_5,4.507305263157894,20.85662162162162,heldout,0.7173587818964704,0.6982834204961573
polynomial_degree_5,4.507305263157894,22.072837837837838,heldout,0.6385677338505914,0.7697743316906673
polynomial_degree_5,4.507305263157894,23.289054054054056,heldout,0.6190517188306045,0.7854031614480423
polynomial_degree_5,4.507305263157894,24.505270270270266,heldout,0.5463931529644142,0.837538690369376
polynomial_degree_5,4.507305263157894,25.721486486486484,heldout,0.5449933803476343,0.8384444785957228
polynomial_degree_5,4.507305263157894,26.9377027027027,heldout,0.6024339640323302,0.7984329792331083
polynomial_degree_5,4.507305263157894,28.15391891891892,heldout,0.5791073733397379,0.8180351324859935
polynomial_degree_5,4.507305263157894,29.370135135135136,heldout,0.6469253367174339,0.7651925813160384
polynomial_degree_5,4.507305263157894,30.586351351351354,heldout,0.580290979736047,0.8146602191076964
polynomial_degree_5,4.507305263157894,31.80256756756757,heldout,0.42838003712185047,0.9063632816112833
polynomial_degree_5,4.507305263157894,33.01878378378379,heldout,0.2553841668698935,0.9670382500764133
polynomial_degree_5,4.507305263157894,34.23500000000001,heldout,0.6686143649906154,0.8263983029933651
polynomial_degree_5,1.8,-10.0,boundary,1.4833292782351297,0.6037625051519846
polynomial_degree_5,1.8,35.0,boundary,1.1413667122138913,0.710533034715993
polynomial_degree_5,4.6,-10.0,boundary,1.4007650180631839,0.6591133227654687
polynomial_degree_5,4.6,35.0,boundary,1.1342693652423752,0.6558674877150631
piecewise_edge_rule,1.8546736842105263,-9.548783783783783,heldout,0.01514793693113278,0.9998905639605182
piecewise_edge_rule,1.8546736842105263,-8.332567567567567,heldout,0.005307968190771015,0.9999859298021492
piecewise_edge_rule,1.8546736842105263,-7.116351351351351,heldout,0.004844027173997403,0.9999883868315934
piecewise_edge_rule,1.8546736842105263,-5.900135135135136,heldout,0.005771214195614484,0.9999838792633027
piecewise_edge_rule,1.8546736842105263,-4.683918918918918,heldout,0.010445152334910848,0.9999456361975251
piecewise_edge_rule,1.8546736842105263,-3.4677027027027023,heldout,0.00856152783593001,0.9999646546388725
piecewise_edge_rule,1.8546736842105263,-2.2514864864864865,heldout,0.0001399059073112284,0.9999999999958398
piecewise_edge_rule,1.8546736842105263,-1.0352702702702707,heldout,0.00014012081391367835,0.9999999999960828
piecewise_edge_rule,1.8546736842105263,0.18094594594594504,heldout,0.00014065035233259277,0.9999999999973282
piecewise_edge_rule,1.8546736842105263,1.3971621621621626,heldout,0.00013900934996240118,0.9999999999954113
piecewise_edge_rule,1.8546736842105263,2.6133783783783784,heldout,0.00616571651091307,0.9999815638924473
piecewise_edge_rule,1.8546736842105263,3.829594594594594,heldout,0.006602373552310705,0.9999797422125414
piecewise_edge_rule,1.8546736842105263,5.045810810810812,heldout,0.009267428994744042,0.9999578849561783
piecewise_edge_rule,1.8546736842105263,6.2620270270270275,heldout,0.009710133994175855,0.9999530205407259
piecewise_edge_rule,1.8546736842105263,7.478243243243245,heldout,0.00014054921831900774,0.9999999999939642
piecewise_edge_rule,1.8546736842105263,8.694459459459459,heldout,0.011024574903303714,0.9999411001195989
piecewise_edge_rule,1.8546736842105263,9.910675675675673,heldout,0.00696996925586911,0.9999757353114803
piecewise_edge_rule,1.8546736842105263,11.12689189189189,heldout,0.0010792200512277626,0.9999994307252663
piecewise_edge_rule,1.8546736842105263,12.343108108108105,heldout,0.004551967396481503,0.9999899653673546
piecewise_edge_rule,1.8546736842105263,13.559324324324322,heldout,0.0020100683374189555,0.9999980190556176
piecewise_edge_rule,1.8546736842105263,14.77554054054054,heldout,0.006621840949629901,0.999978225569991
piecewise_edge_rule,1.8546736842105263,15.991756756756754,heldout,0.01686835702046956,0.9998636644733361
piecewise_edge_rule,1.8546736842105263,17.20797297297297,heldout,0.0073993973359389245,0.9999727981139097
piecewise_edge_rule,1.8546736842105263,18.42418918918919,heldout,0.013905069071727425,0.9999036253418221
piecewise_edge_rule,1.8546736842105263,19.640405405405403,heldout,0.009021849829047008,0.9999594268220431
piecewise_edge_rule,1.8546736842105263,20.85662162162162,heldout,0.0001390038636948104,0.9999999999934636
piecewise_edge_rule,1.8546736842105263,22.072837837837838,heldout,0.01139245206698834,0.9999361017885838
piecewise_edge_rule,1.8546736842105263,23.289054054054056,heldout,0.005911938127071727,0.9999825817128792
piecewise_edge_rule,1.8546736842105263,24.505270270270266,heldout,0.009525510016954683,0.9999546873570168
piecewise_edge_rule,1.8546736842105263,25.721486486486484,heldout,0.004757370939697978,0.999988855001962
piecewise_edge_rule,1.8546736842105263,26.9377027027027,heldout,0.015331167245219249,0.999883345714189
piecewise_edge_rule,1.8546736842105263,28.15391891891892,heldout,0.008899032681525653,0.9999615163603891
piecewise_edge_rule,1.8546736842105263,29.370135135135136,heldout,0.006190669361003647,0.999980895882158
piecewise_edge_rule,1.8546736842105263,30.586351351351354,heldout,0.0017643909603132512,0.9999984552580105
piecewise_edge_rule,1.8546736842105263,31.80256756756757,heldout,0.002752304920040817,0.999996295986595
piecewise_edge_rule,1.8546736842105263,33.01878378378379,heldout,0.0036506368214076863,0.9999933384913612
piecewise_edge_rule,1.8546736842105263,34.23500000000001,heldout,0.019690160168602297,0.9998067775426962
piecewise_edge_rule,2.002042105263158,-9.548783783783783,heldout,0.01543444849559473,0.9998812720712394
piecewise_edge_rule,2.002042105263158,-8.332567567567567,heldout,0.005831945630255241,0.9999830376854318
piecewise_edge_rule,2.002042105263158,-7.116351351351351,heldout,0.0001395854884448137,0.9999999999864444
piecewise_edge_rule,2.002042105263158,-5.900135135135136,heldout,0.007391056096271275,0.9999727327165814
piecewise_edge_rule,2.002042105263158,-4.683918918918918,heldout,0.010853973965879978,0.9999411039418807
piecewise_edge_rule,2.002042105263158,-3.4677027027027023,heldout,0.012510294421003626,0.9999217939497592
piecewise_edge_rule,2.002042105263158,-2.2514864864864865,heldout,0.00013929153085591006,0.9999999999936632
piecewise_edge_rule,2.002042105263158,-1.0352702702702707,heldout,0.00014006819539438963,0.9999999999954378
piecewise_edge_rule,2.002042105263158,0.18094594594594504,heldout,0.00014061328872241535,0.999999999993013
piecewise_edge_rule,2.002042105263158,1.3971621621621626,heldout,0.00013968535721796502,0.999999999989618
piecewise_edge_rule,2.002042105263158,2.6133783783783784,heldout,0.00013973813100849294,0.9999999999945856
piecewise_edge_rule,2.002042105263158,3.829594594594594,heldout,0.0131504741489319,0.9999135575649042
piecewise_edge_rule,2.002042105263158,5.045810810810812,heldout,0.009323486153854029,0.9999567151417171
piecewise_edge_rule,2.002042105263158,6.2620270270270275,heldout,0.0010049517263820559,0.9999995298851873
piecewise_edge_rule,2.002042105263158,7.478243243243245,heldout,0.00014034795503197454,0.9999999999944623
piecewise_edge_rule,2.002042105263158,8.694459459459459,heldout,0.005596617398036202,0.9999843406027474
piecewise_edge_rule,2.002042105263158,9.910675675675673,heldout,0.015015785368058063,0.9998971626775235
piecewise_edge_rule,2.002042105263158,11.12689189189189,heldout,0.00015454601803292054,0.9999999983783713
piecewise_edge_rule,2.002042105263158,12.343108108108105,heldout,0.007906087570413535,0.9999689579176739
piecewise_edge_rule,2.002042105263158,13.559324324324322,heldout,0.010622342475250625,0.999943584737809
piecewise_edge_rule,2.002042105263158,14.77554054054054,heldout,0.011816766878227058,0.9999372711306722
piecewise_edge_rule,2.002042105263158,15.991756756756754,heldout,0.017464427800086734,0.9998537041736787
piecewise_edge_rule,2.002042105263158,17.20797297297297,heldout,0.00753581379486741,0.9999716102230667
piecewise_edge_rule,2.002042105263158,18.42418918918919,heldout,0.0001396066594820898,0.9999999999939251
piecewise_edge_rule,2.002042105263158,19.640405405405403,heldout,0.00014223307472031847,0.9999999999955674
piecewise_edge_rule,2.002042105263158,20.85662162162162,heldout,0.00013966848364830667,0.9999999999902672
piecewise_edge_rule,2.002042105263158,22.072837837837838,heldout,0.0020699037359473357,0.9999978577998649
piecewise_edge_rule,2.002042105263158,23.289054054054056,heldout,0.00013945857432171588,0.9999999999910462
piecewise_edge_rule,2.002042105263158,24.505270270270266,heldout,0.0006210261038513585,0.9999998168005673
piecewise_edge_rule,2.002042105263158,25.721486486486484,heldout,0.021223463362483843,0.9997887052391667
piecewise_edge_rule,2.002042105263158,26.9377027027027,heldout,0.00013977653886835276,0.9999999999956625
piecewise_edge_rule,2.002042105263158,28.15391891891892,heldout,0.016980292827634906,0.9998668571914356
piecewise_edge_rule,2.002042105263158,29.370135135135136,heldout,0.014339356237695024,0.9998972221526339
piecewise_edge_rule,2.002042105263158,30.586351351351354,heldout,0.0008437457296307789,0.9999996555200173
piecewise_edge_rule,2.002042105263158,31.80256756756757,heldout,0.007013124907330164,0.999975409504028
piecewise_edge_rule,2.002042105263158,33.01878378378379,heldout,0.009684863789061554,0.9999564115040986
piecewise_edge_rule,2.002042105263158,34.23500000000001,heldout,0.00014000763391658623,0.9999999999938394
piecewise_edge_rule,2.1494105263157897,-9.548783783783783,heldout,0.014008919364843782,0.9999103723378362
piecewise_edge_rule,2.1494105263157897,-8.332567567567567,heldout,0.010957425876666845,0.9999400187638897
piecewise_edge_rule,2.1494105263157897,-7.116351351351351,heldout,0.006969215727895557,0.9999757176755921
piecewise_edge_rule,2.1494105263157897,-5.900135135135136,heldout,0.0001403951464692289,0.9999999999968879
piecewise_edge_rule,2.1494105263157897,-4.683918918918918,heldout,0.00725070503765707,0.9999737170650816
piecewise_edge_rule,2.1494105263157897,-3.4677027027027023,heldout,0.01753850766213308,0.9998548314664223
piecewise_edge_rule,2.1494105263157897,-2.2514864864864865,heldout,0.00013891543292179838,0.9999999999928894
piecewise_edge_rule,2.1494105263157897,-1.0352702702702707,heldout,0.00014014870543234103,0.9999999999921741
piecewise_edge_rule,2.1494105263157897,0.18094594594594504,heldout,0.00013986686039268043,0.999999999993348
piecewise_edge_rule,2.1494105263157897,1.3971621621621626,heldout,0.00014022496337134737,0.9999999999941471
piecewise_edge_rule,2.1494105263157897,2.6133783783783784,heldout,0.002451461657975948,0.9999971366170736
piecewise_edge_rule,2.1494105263157897,3.829594594594594,heldout,0.01582590618984491,0.9998830336815956
piecewise_edge_rule,2.1494105263157897,5.045810810810812,heldout,0.0037309846134713598,0.9999932373494081
piecewise_edge_rule,2.1494105263157897,6.2620270270270275,heldout,0.001056042636128885,0.9999994445887287
piecewise_edge_rule,2.1494105263157897,7.478243243243245,heldout,0.00013943986709949604,0.9999999999896889
piecewise_edge_rule,2.1494105263157897,8.694459459459459,heldout,0.0056771815904895625,0.9999839269784803
piecewise_edge_rule,2.1494105263157897,9.910675675675673,heldout,0.015165531417353736,0.9998856817068967
piecewise_edge_rule,2.1494105263157897,11.12689189189189,heldout,0.00013923807147338398,0.9999999999908628
piecewise_edge_rule,2.1494105263157897,12.343108108108105,heldout,0.0001400690478242859,0.9999999999884794
piecewise_edge_rule,2.1494105263157897,13.559324324324322,heldout,0.01260748551634432,0.9999220396580211
piecewise_edge_rule,2.1494105263157897,14.77554054054054,heldout,0.012482306486287896,0.9999226838539574
piecewise_edge_rule,2.1494105263157897,15.991756756756754,heldout,0.010008919254444167,0.9999521046360965
piecewise_edge_rule,2.1494105263157897,17.20797297297297,heldout,0.00013956636746271942,0.9999999999906228
piecewise_edge_rule,2.1494105263157897,18.42418918918919,heldout,0.013695502690964406,0.9999079444369985
piecewise_edge_rule,2.1494105263157897,19.640405405405403,heldout,0.014798931680405686,0.9998912036853762
piecewise_edge_rule,2.1494105263157897,20.85662162162162,heldout,0.00013994092800704964,0.9999999999903599
piecewise_edge_rule,2.1494105263157897,22.072837837837838,heldout,0.003591387192278201,0.9999936122798163
piecewise_edge_rule,2.1494105263157897,23.289054054054056,heldout,0.0037473894443358627,0.999993079452934
piecewise_edge_rule,2.1494105263157897,24.505270270270266,heldout,0.012161189320587998,0.9999265981819472
piecewise_edge_rule,2.1494105263157897,25.721486486486484,heldout,0.009710084570005795,0.9999532806629239
piecewise_edge_rule,2.1494105263157897,26.9377027027027,heldout,0.008003220895410793,0.9999679740416205
piecewise_edge_rule,2.1494105263157897,28.15391891891892,heldout,0.007803924659161284,0.999970564841804
piecewise_edge_rule,2.1494105263157897,29.370135135135136,heldout,0.0024739248122311705,0.9999970013656384
piecewise_edge_rule,2.1494105263157897,30.586351351351354,heldout,0.00014052597359927416,0.9999999999947388
piecewise_edge_rule,2.1494105263157897,31.80256756756757,heldout,0.0001398528312882651,0.9999999999942706
piecewise_edge_rule,2.1494105263157897,33.01878378378379,heldout,0.00719910396705287,0.9999748107305859
piecewise_edge_rule,2.1494105263157897,34.23500000000001,heldout,0.013936643136948921,0.9999032913581958
piecewise_edge_rule,2.296778947368421,-9.548783783783783,heldout,0.013905744946125032,0.9999034701738162
piecewise_edge_rule,2.296778947368421,-8.332567567567567,heldout,0.011426773286934222,0.9999355327934525
piecewise_edge_rule,2.296778947368421,-7.116351351351351,heldout,0.00013920076928467613,0.9999999999921502
piecewise_edge_rule,2.296778947368421,-5.900135135135136,heldout,0.00965471871571157,0.9999540283937844
piecewise_edge_rule,2.296778947368421,-4.683918918918918,heldout,0.012950668259881679,0.9999161764963092
piecewise_edge_rule,2.296778947368421,-3.4677027027027023,heldout,0.0049905943297601256,0.9999876714977382
piecewise_edge_rule,2.296778947368421,-2.2514864864864865,heldout,0.004096625576630183,0.9999916092421453
piecewise_edge_rule,2.296778947368421,-1.0352702702702707,heldout,0.00014028172733739804,0.9999999999895657
piecewise_edge_rule,2.296778947368421,0.18094594594594504,heldout,0.00014069205641339003,0.9999999999914617
piecewise_edge_rule,2.296778947368421,1.3971621621621626,heldout,0.00013960663877356902,0.9999999999896919
piecewise_edge_rule,2.296778947368421,2.6133783783783784,heldout,0.006192955941677366,0.9999811458410154
piecewise_edge_rule,2.296778947368421,3.829594594594594,heldout,0.0017441882355905998,0.99999851045296
piecewise_edge_rule,2.296778947368421,5.045810810810812,heldout,0.01365859921975337,0.9999083977682135
piecewise_edge_rule,2.296778947368421,6.2620270270270275,heldout,0.009658275273293843,0.99995344766278
piecewise_edge_rule,2.296778947368421,7.478243243243245,heldout,0.0001404871924907703,0.9999999999944169
piecewise_edge_rule,2.296778947368421,8.694459459459459,heldout,0.013245222335531662,0.9999131089352079
piecewise_edge_rule,2.296778947368421,9.910675675675673,heldout,0.0024192546910237734,0.9999971141631422
piecewise_edge_rule,2.296778947368421,11.12689189189189,heldout,0.00014001916265621677,0.999999999989932
piecewise_edge_rule,2.296778947368421,12.343108108108105,heldout,0.012448093781625365,0.9999262422230136
piecewise_edge_rule,2.296778947368421,13.559324324324322,heldout,0.004097276449809555,0.9999916233722218
piecewise_edge_rule,2.296778947368421,14.77554054054054,heldout,0.006638876718768595,0.999978050245406
piecewise_edge_rule,2.296778947368421,15.991756756756754,heldout,0.006159809662941077,0.9999811336325006
piecewise_edge_rule,2.296778947368421,17.20797297297297,heldout,0.013816211114312669,0.9999080848390358
piecewise_edge_rule,2.296778947368421,18.42418918918919,heldout,0.00014041437864410847,0.9999999999920448
piecewise_edge_rule,2.296778947368421,19.640405405405403,heldout,0.006418304702732269,0.9999799612547596
piecewise_edge_rule,2.296778947368421,20.85662162162162,heldout,0.00014019466248115704,0.9999999999913528
piecewise_edge_rule,2.296778947368421,22.072837837837838,heldout,0.012585289348304999,0.999924288860614
piecewise_edge_rule,2.296778947368421,23.289054054054056,heldout,0.010329547161141631,0.9999466522859293
piecewise_edge_rule,2.296778947368421,24.505270270270266,heldout,0.00560446293354382,0.9999843059120087
piecewise_edge_rule,2.296778947368421,25.721486486486484,heldout,0.015759591664272585,0.9998759467260913
piecewise_edge_rule,2.296778947368421,26.9377027027027,heldout,0.009914234814535794,0.9999527037575537
piecewise_edge_rule,2.296778947368421,28.15391891891892,heldout,0.00013958267742661577,0.9999999999967967
piecewise_edge_rule,2.296778947368421,29.370135135135136,heldout,0.0001395038145335307,0.9999999999928985
piecewise_edge_rule,2.296778947368421,30.586351351351354,heldout,0.000140155053824095,0.9999999999961561
piecewise_edge_rule,2.296778947368421,31.80256756756757,heldout,0.008535744874091648,0.9999642989518117
piecewise_edge_rule,2.296778947368421,33.01878378378379,heldout,0.011448727630212938,0.999934478805448
piecewise_edge_rule,2.296778947368421,34.23500000000001,heldout,0.00014014440958715277,0.9999999999965207
piecewise_edge_rule,2.444147368421053,-9.548783783783783,heldout,0.011838768624709601,0.9999324369680578
piecewise_edge_rule,2.444147368421053,-8.332567567567567,heldout,0.012434344489144745,0.9999244735275756
piecewise_edge_rule,2.444147368421053,-7.116351351351351,heldout,0.00935361120896321,0.9999565826979037
piecewise_edge_rule,2.444147368421053,-5.900135135135136,heldout,0.004901107774493672,0.9999880049976929
piecewise_edge_rule,2.444147368421053,-4.683918918918918,heldout,0.0015374787357651408,0.9999988342690624
piecewise_edge_rule,2.444147368421053,-3.4677027027027023,heldout,0.006496064534735282,0.9999791439538885
piecewise_edge_rule,2.444147368421053,-2.2514864864864865,heldout,0.002288986363522295,0.9999973968651558
piecewise_edge_rule,2.444147368421053,-1.0352702702702707,heldout,0.00014041462316327286,0.9999999999869703
piecewise_edge_rule,2.444147368421053,0.18094594594594504,heldout,0.00013965819067560158,0.9999999999934522
piecewise_edge_rule,2.444147368421053,1.3971621621621626,heldout,0.0001414527964535974,0.9999999999874193
piecewise_edge_rule,2.444147368421053,2.6133783783783784,heldout,0.01029369046808181,0.9999470611467579
piecewise_edge_rule,2.444147368421053,3.829594594594594,heldout,0.006377568048124658,0.9999797029690692
piecewise_edge_rule,2.444147368421053,5.045810810810812,heldout,0.0074612458317910545,0.999972243381156
piecewise_edge_rule,2.444147368421053,6.2620270270270275,heldout,0.007129337750076719,0.9999747850099232
piecewise_edge_rule,2.444147368421053,7.478243243243245,heldout,0.00874541020472325,0.9999617710048572
piecewise_edge_rule,2.444147368421053,8.694459459459459,heldout,0.009910815276760757,0.9999510573706155
piecewise_edge_rule,2.444147368421053,9.910675675675673,heldout,0.009275792298803999,0.9999573782855862
piecewise_edge_rule,2.444147368421053,11.12689189189189,heldout,0.00013989683241249424,0.9999999999944398
piecewise_edge_rule,2.444147368421053,12.343108108108105,heldout,0.0076222922532111085,0.9999710417298204
piecewise_edge_rule,2.444147368421053,13.559324324324322,heldout,0.00013819159013911614,0.9999999999927931
piecewise_edge_rule,2.444147368421053,14.77554054054054,heldout,0.012423202766117275,0.9999240813398088
piecewise_edge_rule,2.444147368421053,15.991756756756754,heldout,0.0006759391140168587,0.9999997820858354
piecewise_edge_rule,2.444147368421053,17.20797297297297,heldout,0.006851909101531837,0.999976919542506
piecewise_edge_rule,2.444147368421053,18.42418918918919,heldout,0.015041522416751284,0.9998871000099203
piecewise_edge_rule,2.444147368421053,19.640405405405403,heldout,0.00013942020700068115,0.9999999999956399
piecewise_edge_rule,2.444147368421053,20.85662162162162,heldout,0.0025314205809642523,0.9999969975070953
piecewise_edge_rule,2.444147368421053,22.072837837837838,heldout,0.004676020281127574,0.9999892016553027
piecewise_edge_rule,2.444147368421053,23.289054054054056,heldout,0.0058343436106295605,0.9999830082265515
piecewise_edge_rule,2.444147368421053,24.505270270270266,heldout,0.007237923222602105,0.999973806355615
piecewise_edge_rule,2.444147368421053,25.721486486486484,heldout,0.002008078498981512,0.9999979983763067
piecewise_edge_rule,2.444147368421053,26.9377027027027,heldout,0.00014039101559386736,0.9999999999946861
piecewise_edge_rule,2.444147368421053,28.15391891891892,heldout,0.004870565059441282,0.9999881794205165
piecewise_edge_rule,2.444147368421053,29.370135135135136,heldout,0.00034022420405166096,0.999999961132672
piecewise_edge_rule,2.444147368421053,30.586351351351354,heldout,0.0001393129901056198,0.9999999999955772
piecewise_edge_rule,2.444147368421053,31.80256756756757,heldout,0.0003660274187572734,0.9999999386407388
piecewise_edge_rule,2.444147368421053,33.01878378378379,heldout,0.011276261960935051,0.9999364326643736
piecewise_edge_rule,2.444147368421053,34.23500000000001,heldout,0.015886679514354747,0.9998866679188406
piecewise_edge_rule,2.591515789473684,-9.548783783783783,heldout,0.01152522487943531,0.9999337868084917
piecewise_edge_rule,2.591515789473684,-8.332567567567567,heldout,0.01322566643746657,0.9999134594575266
piecewise_edge_rule,2.591515789473684,-7.116351351351351,heldout,0.01229415954457674,0.9999244708019563
piecewise_edge_rule,2.591515789473684,-5.900135135135136,heldout,0.0062103157480502096,0.9999810373415238
piecewise_edge_rule,2.591515789473684,-4.683918918918918,heldout,0.015519014586679883,0.9998795806349344
piecewise_edge_rule,2.591515789473684,-3.4677027027027023,heldout,0.0001403950442115869,0.9999999999944875
piecewise_edge_rule,2.591515789473684,-2.2514864864864865,heldout,0.002547444932284051,0.9999967899322459
piecewise_edge_rule,2.591515789473684,-1.0352702702702707,heldout,0.00013962173248994173,0.9999999999858709
piecewise_edge_rule,2.591515789473684,0.18094594594594504,heldout,0.00013991228318985526,0.9999999999899333
piecewise_edge_rule,2.591515789473684,1.3971621621621626,heldout,0.0001645364858848004,0.9999999980046074
piecewise_edge_rule,2.591515789473684,2.6133783783783784,heldout,0.006954190498577583,0.9999760422915586
piecewise_edge_rule,2.591515789473684,3.829594594594594,heldout,0.00013981865095859404,0.9999999999938435
piecewise_edge_rule,2.591515789473684,5.045810810810812,heldout,0.00957723558351412,0.9999541395954537
piecewise_edge_rule,2.591515789473684,6.2620270270270275,heldout,0.00014238831728968917,0.9999999999925002
piecewise_edge_rule,2.591515789473684,7.478243243243245,heldout,0.007378976599846259,0.9999729365289696
piecewise_edge_rule,2.591515789473684,8.694459459459459,heldout,0.00017615307047048133,0.9999999950713333
piecewise_edge_rule,2.591515789473684,9.910675675675673,heldout,0.002825763971725055,0.9999960078628595
piecewise_edge_rule,2.591515789473684,11.12689189189189,heldout,0.00013951594671170764,0.9999999999960548
piecewise_edge_rule,2.591515789473684,12.343108108108105,heldout,0.0043216224085582695,0.9999907858714934
piecewise_edge_rule,2.591515789473684,13.559324324324322,heldout,0.0009236810400614343,0.9999995926718518
piecewise_edge_rule,2.591515789473684,14.77554054054054,heldout,0.0014149218100278744,0.9999990054529638
piecewise_edge_rule,2.591515789473684,15.991756756756754,heldout,0.00014057582381538414,0.9999999999906158
piecewise_edge_rule,2.591515789473684,17.20797297297297,heldout,0.012530199922264833,0.9999214948038633
piecewise_edge_rule,2.591515789473684,18.42418918918919,heldout,0.0001414958834804506,0.9999999999928388
piecewise_edge_rule,2.591515789473684,19.640405405405403,heldout,0.009959878053960052,0.999950402660782
piecewise_edge_rule,2.591515789473684,20.85662162162162,heldout,0.012711488180001314,0.9999197482093424
piecewise_edge_rule,2.591515789473684,22.072837837837838,heldout,0.009549609852259333,0.9999544906662015
piecewise_edge_rule,2.591515789473684,23.289054054054056,heldout,0.00013936765149426215,0.9999999999946502
piecewise_edge_rule,2.591515789473684,24.505270270270266,heldout,0.015423289710701952,0.999882136488001
piecewise_edge_rule,2.591515789473684,25.721486486486484,heldout,0.00515509540522731,0.9999867865748907
piecewise_edge_rule,2.591515789473684,26.9377027027027,heldout,0.012937503265194676,0.9999184399791957
piecewise_edge_rule,2.591515789473684,28.15391891891892,heldout,0.015755842875555502,0.9998758758288462
piecewise_edge_rule,2.591515789473684,29.370135135135136,heldout,0.013782242276342978,0.9999083275228412
piecewise_edge_rule,2.591515789473684,30.586351351351354,heldout,0.00013986949671171775,0.9999999999952384
piecewise_edge_rule,2.591515789473684,31.80256756756757,heldout,0.016967917318160913,0.9998636694996617
piecewise_edge_rule,2.591515789473684,33.01878378378379,heldout,0.013191055371023148,0.9999165151820234
piecewise_edge_rule,2.591515789473684,34.23500000000001,heldout,0.00014013433156929612,0.9999999999918051
piecewise_edge_rule,2.738884210526316,-9.548783783783783,heldout,0.011096523425579012,0.9999392736216665
piecewise_edge_rule,2.738884210526316,-8.332567567567567,heldout,0.014329505936398533,0.9998992055662563
piecewise_edge_rule,2.738884210526316,-7.116351351351351,heldout,0.011612576781556498,0.9999326306304461
piecewise_edge_rule,2.738884210526316,-5.900135135135136,heldout,0.012345548873941006,0.9999265834364792
piecewise_edge_rule,2.738884210526316,-4.683918918918918,heldout,0.00279185229779937,0.9999961027913812
piecewise_edge_rule,2.738884210526316,-3.4677027027027023,heldout,0.003480953632452581,0.9999939554106475
piecewise_edge_rule,2.738884210526316,-2.2514864864864865,heldout,0.002318310824101239,0.9999973452544042
piecewise_edge_rule,2.738884210526316,-1.0352702702702707,heldout,0.010287811257654432,0.9999474518999492
piecewise_edge_rule,2.738884210526316,0.18094594594594504,heldout,0.0001380081942320145,0.9999999999999993
piecewise_edge_rule,2.738884210526316,1.3971621621621626,heldout,0.006679996126580554,0.9999778503010629
piecewise_edge_rule,2.738884210526316,2.6133783783783784,heldout,0.002021392747515499,0.9999979762726054
piecewise_edge_rule,2.738884210526316,3.829594594594594,heldout,0.00014046378689076355,0.9999999999943824
piecewise_edge_rule,2.738884210526316,5.045810810810812,heldout,0.01661625453231614,0.9998632336357841
piecewise_edge_rule,2.738884210526316,6.2620270270270275,heldout,0.006759670131922588,0.999977230026596
piecewise_edge_rule,2.738884210526316,7.478243243243245,heldout,0.0055589327093545264,0.9999853481098046
piecewise_edge_rule,2.738884210526316,8.694459459459459,heldout,0.0053148383647264475,0.999986320316096
piecewise_edge_rule,2.738884210526316,9.910675675675673,heldout,0.011122653606136373,0.9999395406569723
piecewise_edge_rule,2.738884210526316,11.12689189189189,heldout,0.0001396023944839709,0.9999999999922681
piecewise_edge_rule,2.738884210526316,12.343108108108105,heldout,0.006735637178558732,0.9999781749758082
piecewise_edge_rule,2.738884210526316,13.559324324324322,heldout,0.0073062991480670955,0.9999735321997586
piecewise_edge_rule,2.738884210526316,14.77554054054054,heldout,0.0076198135551039685,0.9999709727284704
piecewise_edge_rule,2.738884210526316,15.991756756756754,heldout,0.003978775658094722,0.9999921912317141
piecewise_edge_rule,2.738884210526316,17.20797297297297,heldout,0.005464679066217746,0.9999850700510977
piecewise_edge_rule,2.738884210526316,18.42418918918919,heldout,0.006537197271857966,0.9999796878441795
piecewise_edge_rule,2.738884210526316,19.640405405405403,heldout,0.011187158778234603,0.9999375282063194
piecewise_edge_rule,2.738884210526316,20.85662162162162,heldout,0.022910262162349076,0.999741918536652
piecewise_edge_rule,2.738884210526316,22.072837837837838,heldout,0.012842594362954901,0.9999193266919124
piecewise_edge_rule,2.738884210526316,23.289054054054056,heldout,0.016930069335077253,0.9998576090220921
piecewise_edge_rule,2.738884210526316,24.505270270270266,heldout,0.0018814882473065131,0.999998244504164
piecewise_edge_rule,2.738884210526316,25.721486486486484,heldout,0.013495622257971632,0.9999089448777039
piecewise_edge_rule,2.738884210526316,26.9377027027027,heldout,0.004131501146145662,0.999991472868903
piecewise_edge_rule,2.738884210526316,28.15391891891892,heldout,0.018017227709719915,0.9998431969187105
piecewise_edge_rule,2.738884210526316,29.370135135135136,heldout,0.011845490302761373,0.9999305651683905
piecewise_edge_rule,2.738884210526316,30.586351351351354,heldout,0.00014065824809312823,0.9999999999954003
piecewise_edge_rule,2.738884210526316,31.80256756756757,heldout,0.012830305938960647,0.9999252476982826
piecewise_edge_rule,2.738884210526316,33.01878378378379,heldout,0.017558325588481704,0.9998458971660491
piecewise_edge_rule,2.738884210526316,34.23500000000001,heldout,0.014309179871086607,0.9998981211307328
piecewise_edge_rule,2.886252631578947,-9.548783783783783,heldout,0.010608020287456292,0.9999440370620516
piecewise_edge_rule,2.886252631578947,-8.332567567567567,heldout,0.011618543013248996,0.999932971368032
piecewise_edge_rule,2.886252631578947,-7.116351351351351,heldout,0.0139055351289558,0.999908860151555
piecewise_edge_rule,2.886252631578947,-5.900135135135136,heldout,0.0012135868442527714,0.9999992859750069
piecewise_edge_rule,2.886252631578947,-4.683918918918918,heldout,0.0001402631093126933,0.9999999999914192
piecewise_edge_rule,2.886252631578947,-3.4677027027027023,heldout,0.00013945924678241626,0.9999999999892747
piecewise_edge_rule,2.886252631578947,-2.2514864864864865,heldout,0.0001405842477738754,0.9999999999900321
piecewise_edge_rule,2.886252631578947,-1.0352702702702707,heldout,0.0039361646661272565,0.9999922729666005
piecewise_edge_rule,2.886252631578947,0.18094594594594504,heldout,0.00013991228318985526,0.9999999999899333
piecewise_edge_rule,2.886252631578947,1.3971621621621626,heldout,0.0030507745310442294,0.9999953747166539
piecewise_edge_rule,2.886252631578947,2.6133783783783784,heldout,0.0001402868733164739,0.9999999999908792
piecewise_edge_rule,2.886252631578947,3.829594594594594,heldout,0.00013947029939981797,0.9999999999942681
piecewise_edge_rule,2.886252631578947,5.045810810810812,heldout,0.0001405264519865013,0.9999999999944716
piecewise_edge_rule,2.886252631578947,6.2620270270270275,heldout,0.016463768572589348,0.9998689847567087
piecewise_edge_rule,2.886252631578947,7.478243243243245,heldout,0.003942745589063534,0.9999922286214952
piecewise_edge_rule,2.886252631578947,8.694459459459459,heldout,0.010730870017587872,0.9999424426006158
piecewise_edge_rule,2.886252631578947,9.910675675675673,heldout,0.00403023973088126,0.9999920415304129
piecewise_edge_rule,2.886252631578947,11.12689189189189,heldout,0.00013921599940827195,0.999999999990182
piecewise_edge_rule,2.886252631578947,12.343108108108105,heldout,0.012085182797158403,0.9999303763697258
piecewise_edge_rule,2.886252631578947,13.559324324324322,heldout,0.013780521837610357,0.9999109291765245
piecewise_edge_rule,2.886252631578947,14.77554054054054,heldout,0.00013903912362255632,0.999999999994432
piecewise_edge_rule,2.886252631578947,15.991756756756754,heldout,0.011543666381385535,0.9999340269917844
piecewise_edge_rule,2.886252631578947,17.20797297297297,heldout,0.0031206779784518327,0.9999952106285244
piecewise_edge_rule,2.886252631578947,18.42418918918919,heldout,0.0055216380695918225,0.9999848779781355
piecewise_edge_rule,2.886252631578947,19.640405405405403,heldout,0.00014013054607874117,0.9999999999884038
piecewise_edge_rule,2.886252631578947,20.85662162162162,heldout,0.007179331493070918,0.9999746080137901
piecewise_edge_rule,2.886252631578947,22.072837837837838,heldout,0.011123124934415286,0.9999382613464364
piecewise_edge_rule,2.886252631578947,23.289054054054056,heldout,0.012437504672451433,0.9999241167055842
piecewise_edge_rule,2.886252631578947,24.505270270270266,heldout,0.00943891962404438,0.9999571302666196
piecewise_edge_rule,2.886252631578947,25.721486486486484,heldout,0.009778600849652604,0.9999528254313408
piecewise_edge_rule,2.886252631578947,26.9377027027027,heldout,0.003136212553188085,0.9999950823031934
piecewise_edge_rule,2.886252631578947,28.15391891891892,heldout,0.0069756783915276305,0.9999756968145408
piecewise_edge_rule,2.886252631578947,29.370135135135136,heldout,0.014700240632983426,0.9998928126877681
piecewise_edge_rule,2.886252631578947,30.586351351351354,heldout,0.00014101313998180314,0.9999999999944177
piecewise_edge_rule,2.886252631578947,31.80256756756757,heldout,0.017246301499852297,0.9998517900857251
piecewise_edge_rule,2.886252631578947,33.01878378378379,heldout,0.01667003930413101,0.9998617733318275
piecewise_edge_rule,2.886252631578947,34.23500000000001,heldout,0.006205607314481119,0.9999808136700736
piecewise_edge_rule,3.033621052631579,-9.548783783783783,heldout,0.010386252463533904,0.9999462647691765
piecewise_edge_rule,3.033621052631579,-8.332567567567567,heldout,0.00890435082625984,0.999960925055554
piecewise_edge_rule,3.033621052631579,-7.116351351351351,heldout,0.009245160354904403,0.9999574653720705
piecewise_edge_rule,3.033621052631579,-5.900135135135136,heldout,0.01878321515808652,0.9998236010587267
piecewise_edge_rule,3.033621052631579,-4.683918918918918,heldout,0.00014084666025536611,0.999999999991911
piecewise_edge_rule,3.033621052631579,-3.4677027027027023,heldout,0.00013899865743756209,0.9999999999902209
piecewise_edge_rule,3.033621052631579,-2.2514864864864865,heldout,0.00013999229530828962,0.9999999999916516
piecewise_edge_rule,3.033621052631579,-1.0352702702702707,heldout,0.00014063335707854103,0.9999999999909103
piecewise_edge_rule,3.033621052631579,0.18094594594594504,heldout,0.04751731241565601,0.9989121926833268
piecewise_edge_rule,3.033621052631579,1.3971621621621626,heldout,0.0001410238639306807,0.9999999999912543
piecewise_edge_rule,3.033621052631579,2.6133783783783784,heldout,0.00013947782938217244,0.9999999999927348
piecewise_edge_rule,3.033621052631579,3.829594594594594,heldout,0.000139262226970873,0.9999999999930429
piecewise_edge_rule,3.033621052631579,5.045810810810812,heldout,0.00014061939234576604,0.9999999999930798
piecewise_edge_rule,3.033621052631579,6.2620270270270275,heldout,0.01698988098414113,0.9998561837772261
piecewise_edge_rule,3.033621052631579,7.478243243243245,heldout,0.002139217501864932,0.9999977588786855
piecewise_edge_rule,3.033621052631579,8.694459459459459,heldout,0.007751805890717278,0.9999705389373941
piecewise_edge_rule,3.033621052631579,9.910675675675673,heldout,0.00013976614693019546,0.999999999991925
piecewise_edge_rule,3.033621052631579,11.12689189189189,heldout,0.0001382904698654363,0.9999999999913983
piecewise_edge_rule,3.033621052631579,12.343108108108105,heldout,0.015929841474708186,0.999874531373605
piecewise_edge_rule,3.033621052631579,13.559324324324322,heldout,0.012537054379574964,0.9999218704465316
piecewise_edge_rule,3.033621052631579,14.77554054054054,heldout,0.004155297510103475,0.9999917446421779
piecewise_edge_rule,3.033621052631579,15.991756756756754,heldout,0.0063867436753796475,0.9999796047109584
piecewise_edge_rule,3.033621052631579,17.20797297297297,heldout,0.009363619921052481,0.9999567218653005
piecewise_edge_rule,3.033621052631579,18.42418918918919,heldout,0.0001402455882550124,0.9999999999909325
piecewise_edge_rule,3.033621052631579,19.640405405405403,heldout,0.0037842271131605463,0.9999929135274949
piecewise_edge_rule,3.033621052631579,20.85662162162162,heldout,0.00013949352559836437,0.9999999999936743
piecewise_edge_rule,3.033621052631579,22.072837837837838,heldout,0.00212277137798674,0.9999977591678545
piecewise_edge_rule,3.033621052631579,23.289054054054056,heldout,0.00014202418135876861,0.9999999999908833
piecewise_edge_rule,3.033621052631579,24.505270270270266,heldout,0.0031506704181845056,0.9999950404198696
piecewise_edge_rule,3.033621052631579,25.721486486486484,heldout,0.006854406549688511,0.9999772093596534
piecewise_edge_rule,3.033621052631579,26.9377027027027,heldout,0.01630126908640983,0.9998681070516005
piecewise_edge_rule,3.033621052631579,28.15391891891892,heldout,0.0001408126651295978,0.9999999999926162
piecewise_edge_rule,3.033621052631579,29.370135135135136,heldout,0.0022044268723378333,0.9999975989484216
piecewise_edge_rule,3.033621052631579,30.586351351351354,heldout,0.0004073220157561294,0.9999999288604702
piecewise_edge_rule,3.033621052631579,31.80256756756757,heldout,0.01192494442106223,0.9999288970932728
piecewise_edge_rule,3.033621052631579,33.01878378378379,heldout,0.014455599247637417,0.9998971512146455
piecewise_edge_rule,3.033621052631579,34.23500000000001,heldout,0.014872337151313702,0.9998910414456706
piecewise_edge_rule,3.1809894736842104,-9.548783783783783,heldout,0.00976789064385557,0.9999533502425763
piecewise_edge_rule,3.1809894736842104,-8.332567567567567,heldout,0.006003227747888022,0.999982106016803
piecewise_edge_rule,3.1809894736842104,-7.116351351351351,heldout,0.014171277386563135,0.9998996083648807
piecewise_edge_rule,3.1809894736842104,-5.900135135135136,heldout,0.007797444225233523,0.999970073102974
piecewise_edge_rule,3.1809894736842104,-4.683918918918918,heldout,0.00014035860508407365,0.9999999999904174
piecewise_edge_rule,3.1809894736842104,-3.4677027027027023,heldout,0.00013956450790903228,0.9999999999847823
piecewise_edge_rule,3.1809894736842104,-2.2514864864864865,heldout,0.0008034735681911166,0.9999996835952034
piecewise_edge_rule,3.1809894736842104,-1.0352702702702707,heldout,0.0028149884488388893,0.9999960450658485
piecewise_edge_rule,3.1809894736842104,0.18094594594594504,heldout,0.00014036742256955893,0.9999999999998787
piecewise_edge_rule,3.1809894736842104,1.3971621621621626,heldout,0.004739756733674738,0.999988792735571
piecewise_edge_rule,3.1809894736842104,2.6133783783783784,heldout,0.0009517908690334342,0.9999995575121929
piecewise_edge_rule,3.1809894736842104,3.829594594594594,heldout,0.00022487462558964252,0.9999999840414302
piecewise_edge_rule,3.1809894736842104,5.045810810810812,heldout,0.00014001891645753088,0.9999999999951117
piecewise_edge_rule,3.1809894736842104,6.2620270270270275,heldout,0.011908884829979198,0.9999303084404905
piecewise_edge_rule,3.1809894736842104,7.478243243243245,heldout,0.001086197505817525,0.9999994101904678
piecewise_edge_rule,3.1809894736842104,8.694459459459459,heldout,0.0001405051985665369,0.9999999999910165
piecewise_edge_rule,3.1809894736842104,9.910675675675673,heldout,0.00019609546548979734,0.9999999914025326
piecewise_edge_rule,3.1809894736842104,11.12689189189189,heldout,0.00982821609876778,0.9999517101250966
piecewise_edge_rule,3.1809894736842104,12.343108108108105,heldout,0.012475104259631595,0.9999229257002654
piecewise_edge_rule,3.1809894736842104,13.559324324324322,heldout,0.0061803667537179904,0.9999815464605034
piecewise_edge_rule,3.1809894736842104,14.77554054054054,heldout,0.00013998678730806104,0.9999999999931442
piecewise_edge_rule,3.1809894736842104,15.991756756756754,heldout,0.004982509213598702,0.999987918143403
piecewise_edge_rule,3.1809894736842104,17.20797297297297,heldout,0.0034056944705913514,0.9999945259012764
piecewise_edge_rule,3.1809894736842104,18.42418918918919,heldout,0.01368276300567022,0.999909014794385
piecewise_edge_rule,3.1809894736842104,19.640405405405403,heldout,0.016038186328117935,0.9998752347329601
piecewise_edge_rule,3.1809894736842104,20.85662162162162,heldout,0.00014031179703194666,0.9999999999931648
piecewise_edge_rule,3.1809894736842104,22.072837837837838,heldout,0.008391202414022997,0.9999648738544952
piecewise_edge_rule,3.1809894736842104,23.289054054054056,heldout,0.0014309085444006717,0.9999990100228058
piecewise_edge_rule,3.1809894736842104,24.505270270270266,heldout,0.014365265059442947,0.9998973597946357
piecewise_edge_rule,3.1809894736842104,25.721486486486484,heldout,0.001152609362028185,0.999999360286171
piecewise_edge_rule,3.1809894736842104,26.9377027027027,heldout,0.009746190439243177,0.9999525161631543
piecewise_edge_rule,3.1809894736842104,28.15391891891892,heldout,0.007610129748155586,0.9999710937796937
piecewise_edge_rule,3.1809894736842104,29.370135135135136,heldout,0.0081677256027778,0.9999676151044049
piecewise_edge_rule,3.1809894736842104,30.586351351351354,heldout,0.001321992387386198,0.9999991407433045
piecewise_edge_rule,3.1809894736842104,31.80256756756757,heldout,0.01830373838363267,0.9998326295569007
piecewise_edge_rule,3.1809894736842104,33.01878378378379,heldout,0.018016863235541934,0.9998379510630311
piecewise_edge_rule,3.1809894736842104,34.23500000000001,heldout,0.005823439079468508,0.9999832239641623
piecewise_edge_rule,3.328357894736842,-9.548783783783783,heldout,0.00964855219721338,0.999953451648754
piecewise_edge_rule,3.328357894736842,-8.332567567567567,heldout,0.004085265205379959,0.9999917116020162
piecewise_edge_rule,3.328357894736842,-7.116351351351351,heldout,0.007565109021364832,0.9999723333928419
piecewise_edge_rule,3.328357894736842,-5.900135135135136,heldout,0.012523152386813636,0.9999216545405578
piecewise_edge_rule,3.328357894736842,-4.683918918918918,heldout,0.00014062667180812286,0.9999999999908447
piecewise_edge_rule,3.328357894736842,-3.4677027027027023,heldout,0.0025699726666262046,0.999996697668458
piecewise_edge_rule,3.328357894736842,-2.2514864864864865,heldout,0.003694200678488519,0.9999931764177705
piecewise_edge_rule,3.328357894736842,-1.0352702702702707,heldout,0.013850649730262251,0.9999042025566083
piecewise_edge_rule,3.328357894736842,0.18094594594594504,heldout,0.0001401502043709103,0.9999999999992285
piecewise_edge_rule,3.328357894736842,1.3971621621621626,heldout,0.00717558651422354,0.9999746745955529
piecewise_edge_rule,3.328357894736842,2.6133783783783784,heldout,0.005922718327299819,0.9999826860070413
piecewise_edge_rule,3.328357894736842,3.829594594594594,heldout,0.00014311212764968507,0.9999999996933853
piecewise_edge_rule,3.328357894736842,5.045810810810812,heldout,0.01637423469824836,0.9998734435190384
piecewise_edge_rule,3.328357894736842,6.2620270270270275,heldout,0.0033263725347864904,0.9999947339208994
piecewise_edge_rule,3.328357894736842,7.478243243243245,heldout,0.0026966055939226926,0.9999964221093028
piecewise_edge_rule,3.328357894736842,8.694459459459459,heldout,0.008330060749884932,0.9999664440013984
piecewise_edge_rule,3.328357894736842,9.910675675675673,heldout,0.010191979698847938,0.9999492782085876
piecewise_edge_rule,3.328357894736842,11.12689189189189,heldout,0.009740554711439496,0.9999541143930568
piecewise_edge_rule,3.328357894736842,12.343108108108105,heldout,0.0007630476402103456,0.9999997447816159
piecewise_edge_rule,3.328357894736842,13.559324324324322,heldout,0.012923923640536671,0.9999166147658851
piecewise_edge_rule,3.328357894736842,14.77554054054054,heldout,0.004368781112018461,0.9999904594870921
piecewise_edge_rule,3.328357894736842,15.991756756756754,heldout,0.01130637220638553,0.9999373770878923
piecewise_edge_rule,3.328357894736842,17.20797297297297,heldout,0.017545610079516927,0.9998473381087928
piecewise_edge_rule,3.328357894736842,18.42418918918919,heldout,0.00013947446219681985,0.9999999999957186
piecewise_edge_rule,3.328357894736842,19.640405405405403,heldout,0.002191537288754193,0.9999976218266164
piecewise_edge_rule,3.328357894736842,20.85662162162162,heldout,0.00014163733944008155,0.9999999999895743
piecewise_edge_rule,3.328357894736842,22.072837837837838,heldout,0.004608306369785221,0.9999896021182069
piecewise_edge_rule,3.328357894736842,23.289054054054056,heldout,0.011037172028975771,0.9999393004802822
piecewise_edge_rule,3.328357894736842,24.505270270270266,heldout,0.008593943407574434,0.9999635976282052
piecewise_edge_rule,3.328357894736842,25.721486486486484,heldout,0.004774758654327563,0.9999886017272349
piecewise_edge_rule,3.328357894736842,26.9377027027027,heldout,0.00014008631386958442,0.9999999999899847
piecewise_edge_rule,3.328357894736842,28.15391891891892,heldout,0.019415958867495586,0.9998147756840778
piecewise_edge_rule,3.328357894736842,29.370135135135136,heldout,0.015738393472928915,0.9998817700103997
piecewise_edge_rule,3.328357894736842,30.586351351351354,heldout,0.002258778745650346,0.9999974615268843
piecewise_edge_rule,3.328357894736842,31.80256756756757,heldout,0.010808733216144579,0.9999459783896611
piecewise_edge_rule,3.328357894736842,33.01878378378379,heldout,0.010685160017352488,0.999944463777589
piecewise_edge_rule,3.328357894736842,34.23500000000001,heldout,0.0048629657234520165,0.9999886587439448
piecewise_edge_rule,3.4757263157894736,-9.548783783783783,heldout,0.008478167880711691,0.9999651728935993
piecewise_edge_rule,3.4757263157894736,-8.332567567567567,heldout,0.005260617304114368,0.9999869108166535
piecewise_edge_rule,3.4757263157894736,-7.116351351351351,heldout,0.006331758607307457,0.9999799629063508
piecewise_edge_rule,3.4757263157894736,-5.900135135135136,heldout,0.00013976096394056875,0.9999999999775692
piecewise_edge_rule,3.4757263157894736,-4.683918918918918,heldout,0.008341380629803188,0.9999658697946919
piecewise_edge_rule,3.4757263157894736,-3.4677027027027023,heldout,0.0023114071447953703,0.9999973469430081
piecewise_edge_rule,3.4757263157894736,-2.2514864864864865,heldout,0.004013082614616216,0.9999919507727018
piecewise_edge_rule,3.4757263157894736,-1.0352702702702707,heldout,0.00014016556723757276,0.9999999999976663
piecewise_edge_rule,3.4757263157894736,0.18094594594594504,heldout,0.0001402417226297669,0.9999999999984374
piecewise_edge_rule,3.4757263157894736,1.3971621621621626,heldout,0.00021739309499103977,0.9999999869821753
piecewise_edge_rule,3.4757263157894736,2.6133783783783784,heldout,0.008117243367715741,0.9999671962700691
piecewise_edge_rule,3.4757263157894736,3.829594594594594,heldout,0.0003044733152425904,0.9999999675726496
piecewise_edge_rule,3.4757263157894736,5.045810810810812,heldout,0.005093301716679215,0.9999874290364283
piecewise_edge_rule,3.4757263157894736,6.2620270270270275,heldout,0.002226819013997644,0.9999975227251203
piecewise_edge_rule,3.4757263157894736,7.478243243243245,heldout,0.004290303427973677,0.9999911659929631
piecewise_edge_rule,3.4757263157894736,8.694459459459459,heldout,0.014596985822907286,0.9998936605978452
piecewise_edge_rule,3.4757263157894736,9.910675675675673,heldout,0.006738912951272299,0.9999773286607213
piecewise_edge_rule,3.4757263157894736,11.12689189189189,heldout,0.009512034598318928,0.9999548504325189
piecewise_edge_rule,3.4757263157894736,12.343108108108105,heldout,0.010042499372418029,0.9999504365452418
piecewise_edge_rule,3.4757263157894736,13.559324324324322,heldout,0.01568619618662859,0.9998792281207287
piecewise_edge_rule,3.4757263157894736,14.77554054054054,heldout,0.00014012707536635032,0.999999999990792
piecewise_edge_rule,3.4757263157894736,15.991756756756754,heldout,0.0032992164135101304,0.9999946172263171
piecewise_edge_rule,3.4757263157894736,17.20797297297297,heldout,0.005414239974328208,0.9999853925943751
piecewise_edge_rule,3.4757263157894736,18.42418918918919,heldout,0.0211601043203213,0.9997796525493229
piecewise_edge_rule,3.4757263157894736,19.640405405405403,heldout,0.006597693549419191,0.9999784612488374
piecewise_edge_rule,3.4757263157894736,20.85662162162162,heldout,0.00014080736299623958,0.9999999999934385
piecewise_edge_rule,3.4757263157894736,22.072837837837838,heldout,0.013863362739922907,0.9999047816394293
piecewise_edge_rule,3.4757263157894736,23.289054054054056,heldout,0.017938555389179642,0.9998407721337655
piecewise_edge_rule,3.4757263157894736,24.505270270270266,heldout,0.004492074688385711,0.9999899458456138
piecewise_edge_rule,3.4757263157894736,25.721486486486484,heldout,0.009752215847453033,0.9999536087566113
piecewise_edge_rule,3.4757263157894736,26.9377027027027,heldout,0.014317570023609187,0.9999042225236252
piecewise_edge_rule,3.4757263157894736,28.15391891891892,heldout,0.014679897273114884,0.9998926376136296
piecewise_edge_rule,3.4757263157894736,29.370135135135136,heldout,0.014501207650378238,0.999897246531579
piecewise_edge_rule,3.4757263157894736,30.586351351351354,heldout,0.0032435626949628878,0.9999947459622159
piecewise_edge_rule,3.4757263157894736,31.80256756756757,heldout,0.004833250190712962,0.9999883556760352
piecewise_edge_rule,3.4757263157894736,33.01878378378379,heldout,0.009330348635959525,0.9999565968593832
piecewise_edge_rule,3.4757263157894736,34.23500000000001,heldout,0.015643710098537784,0.9998805150482253
piecewise_edge_rule,3.623094736842105,-9.548783783783783,heldout,0.007799104861643327,0.9999697369546158
piecewise_edge_rule,3.623094736842105,-8.332567567567567,heldout,0.00821082385245724,0.9999663106971051
piecewise_edge_rule,3.623094736842105,-7.116351351351351,heldout,0.0013999047360905945,0.9999990258838457
piecewise_edge_rule,3.623094736842105,-5.900135135135136,heldout,0.009825934433711516,0.9999527697836725
piecewise_edge_rule,3.623094736842105,-4.683918918918918,heldout,0.014254108937424481,0.9999018113092984
piecewise_edge_rule,3.623094736842105,-3.4677027027027023,heldout,0.0056523221960533224,0.9999840730234855
piecewise_edge_rule,3.623094736842105,-2.2514864864864865,heldout,0.0054814296330301165,0.9999850354342842
piecewise_edge_rule,3.623094736842105,-1.0352702702702707,heldout,0.00014017020332325624,0.9999999999975493
piecewise_edge_rule,3.623094736842105,0.18094594594594504,heldout,0.00014059807018222936,0.9999999999973691
piecewise_edge_rule,3.623094736842105,1.3971621621621626,heldout,0.00013909434604015544,0.9999999999967835
piecewise_edge_rule,3.623094736842105,2.6133783783783784,heldout,0.005157611684975995,0.9999867425691145
piecewise_edge_rule,3.623094736842105,3.829594594594594,heldout,0.007889708316627723,0.9999691545803643
piecewise_edge_rule,3.623094736842105,5.045810810810812,heldout,0.010105375899215683,0.999948982150361
piecewise_edge_rule,3.623094736842105,6.2620270270270275,heldout,0.008834882214368674,0.99996121366963
piecewise_edge_rule,3.623094736842105,7.478243243243245,heldout,0.0001408936965173224,0.9999999999918806
piecewise_edge_rule,3.623094736842105,8.694459459459459,heldout,0.004908645280908344,0.9999884577155406
piecewise_edge_rule,3.623094736842105,9.910675675675673,heldout,0.012505421811921491,0.9999218258672508
piecewise_edge_rule,3.623094736842105,11.12689189189189,heldout,0.009031216082698223,0.9999604351573715
piecewise_edge_rule,3.623094736842105,12.343108108108105,heldout,0.012049827746573346,0.9999288861643831
piecewise_edge_rule,3.623094736842105,13.559324324324322,heldout,0.008939073850077322,0.9999601766409798
piecewise_edge_rule,3.623094736842105,14.77554054054054,heldout,0.008910729212690205,0.9999609404217538
piecewise_edge_rule,3.623094736842105,15.991756756756754,heldout,0.00014109599995093097,0.999999999990053
piecewise_edge_rule,3.623094736842105,17.20797297297297,heldout,0.007921600782907571,0.9999698698301338
piecewise_edge_rule,3.623094736842105,18.42418918918919,heldout,0.000140653633072719,0.9999999999884713
piecewise_edge_rule,3.623094736842105,19.640405405405403,heldout,0.018723428396509863,0.9998343621945608
piecewise_edge_rule,3.623094736842105,20.85662162162162,heldout,0.0001394335921769998,0.9999999999946159
piecewise_edge_rule,3.623094736842105,22.072837837837838,heldout,0.014580193120210368,0.9998940181390391
piecewise_edge_rule,3.623094736842105,23.289054054054056,heldout,0.00014059990078926982,0.9999999999921514
piecewise_edge_rule,3.623094736842105,24.505270270270266,heldout,0.012400025464104254,0.9999233893517943
piecewise_edge_rule,3.623094736842105,25.721486486486484,heldout,0.014461906235260932,0.9998985742799711
piecewise_edge_rule,3.623094736842105,26.9377027027027,heldout,0.0041016660241565426,0.9999916701586689
piecewise_edge_rule,3.623094736842105,28.15391891891892,heldout,0.004072960436494302,0.9999917273292643
piecewise_edge_rule,3.623094736842105,29.370135135135136,heldout,0.005902443048737412,0.999983040612208
piecewise_edge_rule,3.623094736842105,30.586351351351354,heldout,0.004213592786315414,0.9999911231725448
piecewise_edge_rule,3.623094736842105,31.80256756756757,heldout,0.0039522641047702286,0.9999923236609858
piecewise_edge_rule,3.623094736842105,33.01878378378379,heldout,0.009911709165313554,0.9999509414137746
piecewise_edge_rule,3.623094736842105,34.23500000000001,heldout,0.005341729658991671,0.9999861351984322
piecewise_edge_rule,3.7704631578947367,-9.548783783783783,heldout,0.01570249656224895,0.9998767649756563
piecewise_edge_rule,3.7704631578947367,-8.332567567567567,heldout,0.010788031737124377,0.9999452201386401
piecewise_edge_rule,3.7704631578947367,-7.116351351351351,heldout,0.0014934739842483629,0.9999988953570983
piecewise_edge_rule,3.7704631578947367,-5.900135135135136,heldout,0.0038414650957562867,0.9999926556811242
piecewise_edge_rule,3.7704631578947367,-4.683918918918918,heldout,0.005396022584097371,0.9999865648661103
piecewise_edge_rule,3.7704631578947367,-3.4677027027027023,heldout,0.008140009621284456,0.9999672777893269
piecewise_edge_rule,3.7704631578947367,-2.2514864864864865,heldout,0.009163980172934585,0.9999581352243078
piecewise_edge_rule,3.7704631578947367,-1.0352702702702707,heldout,0.00013994369868628137,0.9999999999968446
piecewise_edge_rule,3.7704631578947367,0.18094594594594504,heldout,0.00013969376264031175,0.9999999999964788
piecewise_edge_rule,3.7704631578947367,1.3971621621621626,heldout,0.00014020452456406601,0.9999999999918981
piecewise_edge_rule,3.7704631578947367,2.6133783783783784,heldout,0.0010885574118638009,0.9999994694358509
piecewise_edge_rule,3.7704631578947367,3.829594594594594,heldout,0.0035185647826700625,0.9999938638277783
piecewise_edge_rule,3.7704631578947367,5.045810810810812,heldout,0.010702709379192533,0.9999427661537985
piecewise_edge_rule,3.7704631578947367,6.2620270270270275,heldout,0.006222787427468528,0.999981109416319
piecewise_edge_rule,3.7704631578947367,7.478243243243245,heldout,0.0001400577625024997,0.9999999999950502
piecewise_edge_rule,3.7704631578947367,8.694459459459459,heldout,0.0004423726156680774,0.9999999115954006
piecewise_edge_rule,3.7704631578947367,9.910675675675673,heldout,0.0003383235103404794,0.9999999475696931
piecewise_edge_rule,3.7704631578947367,11.12689189189189,heldout,0.009281692285248342,0.999957240607989
piecewise_edge_rule,3.7704631578947367,12.343108108108105,heldout,0.00014022934782851766,0.9999999999938434
piecewise_edge_rule,3.7704631578947367,13.559324324324322,heldout,0.00014038009404140496,0.9999999999902794
piecewise_edge_rule,3.7704631578947367,14.77554054054054,heldout,0.004198773819852358,0.999991185462539
piecewise_edge_rule,3.7704631578947367,15.991756756756754,heldout,0.0020903947073360133,0.9999978200386692
piecewise_edge_rule,3.7704631578947367,17.20797297297297,heldout,0.005243434163784045,0.9999862569039719
piecewise_edge_rule,3.7704631578947367,18.42418918918919,heldout,0.013823680613176325,0.999904450278968
piecewise_edge_rule,3.7704631578947367,19.640405405405403,heldout,0.0001409397629270869,0.9999999999917104
piecewise_edge_rule,3.7704631578947367,20.85662162162162,heldout,0.00013956381912745883,0.9999999999924174
piecewise_edge_rule,3.7704631578947367,22.072837837837838,heldout,0.01064175233569876,0.9999443294058604
piecewise_edge_rule,3.7704631578947367,23.289054054054056,heldout,0.005944427024456751,0.9999826345994105
piecewise_edge_rule,3.7704631578947367,24.505270270270266,heldout,0.0001401661763304638,0.9999999999935891
piecewise_edge_rule,3.7704631578947367,25.721486486486484,heldout,0.006895569094722657,0.9999762252823234
piecewise_edge_rule,3.7704631578947367,26.9377027027027,heldout,0.0031291422612302216,0.99999528099208
piecewise_edge_rule,3.7704631578947367,28.15391891891892,heldout,0.00013944800365902143,0.9999999999921212
piecewise_edge_rule,3.7704631578947367,29.370135135135136,heldout,0.00014047948119384618,0.9999999999929651
piecewise_edge_rule,3.7704631578947367,30.586351351351354,heldout,0.004374860512720884,0.9999904737965652
piecewise_edge_rule,3.7704631578947367,31.80256756756757,heldout,0.0048601039606958685,0.9999882714928382
piecewise_edge_rule,3.7704631578947367,33.01878378378379,heldout,0.005407611616448526,0.9999856272145211
piecewise_edge_rule,3.7704631578947367,34.23500000000001,heldout,0.02150818440974143,0.9997687880847894
piecewise_edge_rule,3.9178315789473688,-9.548783783783783,heldout,0.015475361880081627,0.9998802807920426
piecewise_edge_rule,3.9178315789473688,-8.332567567567567,heldout,0.0001395438086769262,0.999999999993805
piecewise_edge_rule,3.9178315789473688,-7.116351351351351,heldout,0.002925646944659855,0.9999957779058525
piecewise_edge_rule,3.9178315789473688,-5.900135135135136,heldout,0.0022140566231289988,0.999997549020448
piecewise_edge_rule,3.9178315789473688,-4.683918918918918,heldout,0.011563935718619064,0.999936349481322
piecewise_edge_rule,3.9178315789473688,-3.4677027027027023,heldout,0.007085856386018271,0.9999753080659821
piecewise_edge_rule,3.9178315789473688,-2.2514864864864865,heldout,0.0001391434682098575,0.9999999999945685
piecewise_edge_rule,3.9178315789473688,-1.0352702702702707,heldout,0.0001402538622784609,0.9999999999934742
piecewise_edge_rule,3.9178315789473688,0.18094594594594504,heldout,0.00014055359485007148,0.9999999999963127
piecewise_edge_rule,3.9178315789473688,1.3971621621621626,heldout,0.00013972729548374286,0.9999999999957456
piecewise_edge_rule,3.9178315789473688,2.6133783783783784,heldout,0.0001391997776561175,0.9999999999941429
piecewise_edge_rule,3.9178315789473688,3.829594594594594,heldout,0.01543279367917241,0.9998813983635966
piecewise_edge_rule,3.9178315789473688,5.045810810810812,heldout,0.002045289030537373,0.9999979435227745
piecewise_edge_rule,3.9178315789473688,6.2620270270270275,heldout,0.0001387675501861793,0.9999999999956836
piecewise_edge_rule,3.9178315789473688,7.478243243243245,heldout,0.0001404111420581668,0.9999999999917488
piecewise_edge_rule,3.9178315789473688,8.694459459459459,heldout,0.011958747754066952,0.9999292018591347
piecewise_edge_rule,3.9178315789473688,9.910675675675673,heldout,0.011772722248457552,0.9999325534177428
piecewise_edge_rule,3.9178315789473688,11.12689189189189,heldout,0.009162509805610947,0.9999590768424207
piecewise_edge_rule,3.9178315789473688,12.343108108108105,heldout,0.004313739320510285,0.999990769723147
piecewise_edge_rule,3.9178315789473688,13.559324324324322,heldout,0.00026989646389503154,0.9999999728261691
piecewise_edge_rule,3.9178315789473688,14.77554054054054,heldout,0.014519273953679811,0.9998951470904983
piecewise_edge_rule,3.9178315789473688,15.991756756756754,heldout,0.006132406823476833,0.999981203762082
piecewise_edge_rule,3.9178315789473688,17.20797297297297,heldout,0.0005672178280323965,0.9999998495782036
piecewise_edge_rule,3.9178315789473688,18.42418918918919,heldout,0.00013974990559554565,0.9999999999943376
piecewise_edge_rule,3.9178315789473688,19.640405405405403,heldout,0.00014185449296804818,0.9999999999953312
piecewise_edge_rule,3.9178315789473688,20.85662162162162,heldout,0.00013915279173117004,0.9999999999922627
piecewise_edge_rule,3.9178315789473688,22.072837837837838,heldout,0.014389825876813556,0.9999036475717844
piecewise_edge_rule,3.9178315789473688,23.289054054054056,heldout,0.011467114469964793,0.9999347134467952
piecewise_edge_rule,3.9178315789473688,24.505270270270266,heldout,0.018321350588032515,0.9998346171322797
piecewise_edge_rule,3.9178315789473688,25.721486486486484,heldout,0.00236366977892773,0.9999972293823998
piecewise_edge_rule,3.9178315789473688,26.9377027027027,heldout,0.015522040560969699,0.9998804098943853
piecewise_edge_rule,3.9178315789473688,28.15391891891892,heldout,0.007406570170483539,0.999973477484008
piecewise_edge_rule,3.9178315789473688,29.370135135135136,heldout,0.01577700246128167,0.9998772988198005
piecewise_edge_rule,3.9178315789473688,30.586351351351354,heldout,0.004033922218655278,0.9999919182043046
piecewise_edge_rule,3.9178315789473688,31.80256756756757,heldout,0.0011628718831587746,0.9999993300276473
piecewise_edge_rule,3.9178315789473688,33.01878378378379,heldout,0.008032147694338408,0.9999682274178608
piecewise_edge_rule,3.9178315789473688,34.23500000000001,heldout,0.0001405925835904626,0.9999999999946049
piecewise_edge_rule,4.0652,-9.548783783783783,heldout,0.014999222478548185,0.9998888051463731
piecewise_edge_rule,4.0652,-8.332567567567567,heldout,0.00014203469117745682,0.999999999995862
piecewise_edge_rule,4.0652,-7.116351351351351,heldout,0.00013862790820884057,0.9999999999926457
piecewise_edge_rule,4.0652,-5.900135135135136,heldout,0.009569757400742365,0.9999542525460484
piecewise_edge_rule,4.0652,-4.683918918918918,heldout,0.005905767610314359,0.9999830381602143
piecewise_edge_rule,4.0652,-3.4677027027027023,heldout,0.0178966435559845,0.9998400267572539
piecewise_edge_rule,4.0652,-2.2514864864864865,heldout,0.00013889155352147405,0.9999999999936555
piecewise_edge_rule,4.0652,-1.0352702702702707,heldout,0.00014044624115927957,0.999999999990563
piecewise_edge_rule,4.0652,0.18094594594594504,heldout,0.0001405883730354942,0.999999999991424
piecewise_edge_rule,4.0652,1.3971621621621626,heldout,0.00013926642240326515,0.9999999999922095
piecewise_edge_rule,4.0652,2.6133783783783784,heldout,0.00013847500115068335,0.9999999999936902
piecewise_edge_rule,4.0652,3.829594594594594,heldout,0.014501355289356036,0.9998948725486683
piecewise_edge_rule,4.0652,5.045810810810812,heldout,0.012014329298023938,0.9999279384697257
piecewise_edge_rule,4.0652,6.2620270270270275,heldout,0.004355440480718546,0.9999905697045343
piecewise_edge_rule,4.0652,7.478243243243245,heldout,0.00014042385983374753,0.9999999999877912
piecewise_edge_rule,4.0652,8.694459459459459,heldout,0.016285265800061753,0.999867653724714
piecewise_edge_rule,4.0652,9.910675675675673,heldout,0.014078455690792392,0.9999010771474209
piecewise_edge_rule,4.0652,11.12689189189189,heldout,0.009369550483937788,0.9999581786081407
piecewise_edge_rule,4.0652,12.343108108108105,heldout,0.001020749441672434,0.9999994790351554
piecewise_edge_rule,4.0652,13.559324324324322,heldout,0.002505970899696902,0.9999968605105378
piecewise_edge_rule,4.0652,14.77554054054054,heldout,0.010826762257385592,0.9999416093137928
piecewise_edge_rule,4.0652,15.991756756756754,heldout,0.010785298621150885,0.9999429855129817
piecewise_edge_rule,4.0652,17.20797297297297,heldout,0.013429827088284902,0.9999098594639717
piecewise_edge_rule,4.0652,18.42418918918919,heldout,0.01483108591818249,0.9998906437025377
piecewise_edge_rule,4.0652,19.640405405405403,heldout,0.017851977794130176,0.9998406687444921
piecewise_edge_rule,4.0652,20.85662162162162,heldout,0.008605654627918123,0.9999629707546819
piecewise_edge_rule,4.0652,22.072837837837838,heldout,0.0073817038703644896,0.9999734872734272
piecewise_edge_rule,4.0652,23.289054054054056,heldout,0.002102220895154715,0.9999977907915042
piecewise_edge_rule,4.0652,24.505270270270266,heldout,0.005482664614883858,0.999984973154677
piecewise_edge_rule,4.0652,25.721486486486484,heldout,0.01476378034901466,0.999894535862285
piecewise_edge_rule,4.0652,26.9377027027027,heldout,0.00014052345222434788,0.9999999999914492
piecewise_edge_rule,4.0652,28.15391891891892,heldout,0.016769539541577377,0.9998712431594309
piecewise_edge_rule,4.0652,29.370135135135136,heldout,0.012985523559927444,0.999915739794656
piecewise_edge_rule,4.0652,30.586351351351354,heldout,0.0038684160406826807,0.9999925599820463
piecewise_edge_rule,4.0652,31.80256756756757,heldout,0.007402649474894638,0.9999732821457938
piecewise_edge_rule,4.0652,33.01878378378379,heldout,0.003089544088572402,0.9999953058833255
piecewise_edge_rule,4.0652,34.23500000000001,heldout,0.014330539757129626,0.9998974422088752
piecewise_edge_rule,4.212568421052631,-9.548783783783783,heldout,0.01392002255645044,0.9999038496634541
piecewise_edge_rule,4.212568421052631,-8.332567567567567,heldout,0.008065625490115667,0.9999677291588094
piecewise_edge_rule,4.212568421052631,-7.116351351351351,heldout,0.0050481352054915505,0.9999873068498126
piecewise_edge_rule,4.212568421052631,-5.900135135135136,heldout,0.0008541510798755206,0.9999996518570861
piecewise_edge_rule,4.212568421052631,-4.683918918918918,heldout,0.011450617466841447,0.9999362500146998
piecewise_edge_rule,4.212568421052631,-3.4677027027027023,heldout,0.005611457254573365,0.9999851353799725
piecewise_edge_rule,4.212568421052631,-2.2514864864864865,heldout,0.00013955752951597762,0.9999999999927961
piecewise_edge_rule,4.212568421052631,-1.0352702702702707,heldout,0.000140130967076322,0.9999999999866435
piecewise_edge_rule,4.212568421052631,0.18094594594594504,heldout,0.00013976256449962132,0.9999999999933946
piecewise_edge_rule,4.212568421052631,1.3971621621621626,heldout,0.0001414695242832964,0.9999999999880234
piecewise_edge_rule,4.212568421052631,2.6133783783783784,heldout,0.00043365985643208424,0.9999999072124411
piecewise_edge_rule,4.212568421052631,3.829594594594594,heldout,0.004961119067596049,0.9999877049588058
piecewise_edge_rule,4.212568421052631,5.045810810810812,heldout,0.006281062871877019,0.9999806445120853
piecewise_edge_rule,4.212568421052631,6.2620270270270275,heldout,0.008288916617223295,0.9999668290347987
piecewise_edge_rule,4.212568421052631,7.478243243243245,heldout,0.00013992447292342306,0.99999999999428
piecewise_edge_rule,4.212568421052631,8.694459459459459,heldout,0.006372544061434124,0.9999797200363076
piecewise_edge_rule,4.212568421052631,9.910675675675673,heldout,0.010894874620502796,0.9999406991782599
piecewise_edge_rule,4.212568421052631,11.12689189189189,heldout,0.00987007382845458,0.9999513300365623
piecewise_edge_rule,4.212568421052631,12.343108108108105,heldout,0.010777021499768061,0.9999430328540692
piecewise_edge_rule,4.212568421052631,13.559324324324322,heldout,0.011927139042161904,0.9999289841613591
piecewise_edge_rule,4.212568421052631,14.77554054054054,heldout,0.01042317997772752,0.9999457502293908
piecewise_edge_rule,4.212568421052631,15.991756756756754,heldout,0.018170882478119075,0.9998369365042714
piecewise_edge_rule,4.212568421052631,17.20797297297297,heldout,0.005061557919807413,0.9999873611295225
piecewise_edge_rule,4.212568421052631,18.42418918918919,heldout,0.00014081053216545287,0.9999999999883454
piecewise_edge_rule,4.212568421052631,19.640405405405403,heldout,0.006004896131081219,0.9999819738093142
piecewise_edge_rule,4.212568421052631,20.85662162162162,heldout,0.025468499222605807,0.9996794886212387
piecewise_edge_rule,4.212568421052631,22.072837837837838,heldout,0.006509930194605928,0.9999788327282311
piecewise_edge_rule,4.212568421052631,23.289054054054056,heldout,0.0001398714420764582,0.9999999999916006
piecewise_edge_rule,4.212568421052631,24.505270270270266,heldout,0.011280626640446097,0.9999366082500117
piecewise_edge_rule,4.212568421052631,25.721486486486484,heldout,0.009964178925588733,0.9999503924348976
piecewise_edge_rule,4.212568421052631,26.9377027027027,heldout,0.008669430369985017,0.9999624608600057
piecewise_edge_rule,4.212568421052631,28.15391891891892,heldout,0.008326038739723873,0.9999657870125153
piecewise_edge_rule,4.212568421052631,29.370135135135136,heldout,0.013695203712781904,0.9999073293378353
piecewise_edge_rule,4.212568421052631,30.586351351351354,heldout,0.003968851836329144,0.9999921828951592
piecewise_edge_rule,4.212568421052631,31.80256756756757,heldout,0.0023338312765526868,0.9999973065050981
piecewise_edge_rule,4.212568421052631,33.01878378378379,heldout,0.00939314884042852,0.9999560538947605
piecewise_edge_rule,4.212568421052631,34.23500000000001,heldout,0.00013998850346002482,0.9999999999937393
piecewise_edge_rule,4.359936842105263,-9.548783783783783,heldout,0.012335368355794872,0.9999243602638763
piecewise_edge_rule,4.359936842105263,-8.332567567567567,heldout,0.005493159062253194,0.9999849145602506
piecewise_edge_rule,4.359936842105263,-7.116351351351351,heldout,0.00014114584931186765,0.9999999999958218
piecewise_edge_rule,4.359936842105263,-5.900135135135136,heldout,0.0074323041971421176,0.999972900406773
piecewise_edge_rule,4.359936842105263,-4.683918918918918,heldout,0.011597394150037599,0.9999337769707489
piecewise_edge_rule,4.359936842105263,-3.4677027027027023,heldout,0.009600882160647537,0.9999541504209954
piecewise_edge_rule,4.359936842105263,-2.2514864864864865,heldout,0.007222327642341152,0.9999740522930213
piecewise_edge_rule,4.359936842105263,-1.0352702702702707,heldout,0.00013951852199160748,0.9999999999857763
piecewise_edge_rule,4.359936842105263,0.18094594594594504,heldout,0.00014001646750289433,0.9999999999898994
piecewise_edge_rule,4.359936842105263,1.3971621621621626,heldout,0.00014010303867495217,0.9999999999871871
piecewise_edge_rule,4.359936842105263,2.6133783783783784,heldout,0.004557450951990888,0.9999896203297558
piecewise_edge_rule,4.359936842105263,3.829594594594594,heldout,0.008631955621508045,0.9999628883034484
piecewise_edge_rule,4.359936842105263,5.045810810810812,heldout,0.007704686920881096,0.9999708531825027
piecewise_edge_rule,4.359936842105263,6.2620270270270275,heldout,0.0015341016071821415,0.99999885119316
piecewise_edge_rule,4.359936842105263,7.478243243243245,heldout,0.00013989339172740156,0.999999999993475
piecewise_edge_rule,4.359936842105263,8.694459459459459,heldout,0.0033024092418160933,0.9999945470564505
piecewise_edge_rule,4.359936842105263,9.910675675675673,heldout,0.002325963522931821,0.9999973200977698
piecewise_edge_rule,4.359936842105263,11.12689189189189,heldout,0.00999063002096262,0.9999505831840485
piecewise_edge_rule,4.359936842105263,12.343108108108105,heldout,0.01027793167331795,0.9999471807746648
piecewise_edge_rule,4.359936842105263,13.559324324324322,heldout,0.011602247521514324,0.9999332406605905
piecewise_edge_rule,4.359936842105263,14.77554054054054,heldout,0.0006943275838828982,0.9999997816642331
piecewise_edge_rule,4.359936842105263,15.991756756756754,heldout,0.01663994852422728,0.9998647178555512
piecewise_edge_rule,4.359936842105263,17.20797297297297,heldout,0.012535109579807018,0.999924357302441
piecewise_edge_rule,4.359936842105263,18.42418918918919,heldout,0.007793656533344077,0.9999696374516531
piecewise_edge_rule,4.359936842105263,19.640405405405403,heldout,0.0023051347335490426,0.9999973470942699
piecewise_edge_rule,4.359936842105263,20.85662162162162,heldout,0.021391952061985124,0.9997733741023762
piecewise_edge_rule,4.359936842105263,22.072837837837838,heldout,0.007303473373940813,0.999973715924842
piecewise_edge_rule,4.359936842105263,23.289054054054056,heldout,0.006096486976712698,0.9999817852926548
piecewise_edge_rule,4.359936842105263,24.505270270270266,heldout,0.011869847429844264,0.9999325742136734
piecewise_edge_rule,4.359936842105263,25.721486486486484,heldout,0.020307489327522573,0.9997939444843559
piecewise_edge_rule,4.359936842105263,26.9377027027027,heldout,0.008833311509729897,0.9999629065569969
piecewise_edge_rule,4.359936842105263,28.15391891891892,heldout,0.0008865032104326623,0.99999962485871
piecewise_edge_rule,4.359936842105263,29.370135135135136,heldout,0.00117406225186842,0.999999314781152
piecewise_edge_rule,4.359936842105263,30.586351351351354,heldout,0.004445136968210726,0.9999902643830014
piecewise_edge_rule,4.359936842105263,31.80256756756757,heldout,0.014743770336805066,0.9998921821901228
piecewise_edge_rule,4.359936842105263,33.01878378378379,heldout,0.007648357612193574,0.9999707611846063
piecewise_edge_rule,4.359936842105263,34.23500000000001,heldout,0.015141747478225465,0.9998963194896588
piecewise_edge_rule,4.507305263157894,-9.548783783783783,heldout,0.011520611819721565,0.9999355067530565
piecewise_edge_rule,4.507305263157894,-8.332567567567567,heldout,0.003957876418511732,0.9999922652523933
piecewise_edge_rule,4.507305263157894,-7.116351351351351,heldout,0.008410387591663633,0.9999646324758033
piecewise_edge_rule,4.507305263157894,-5.900135135135136,heldout,0.008397932638413062,0.9999651453737711
piecewise_edge_rule,4.507305263157894,-4.683918918918918,heldout,0.0077905276622827965,0.9999700376776104
piecewise_edge_rule,4.507305263157894,-3.4677027027027023,heldout,0.0003308215422768568,0.9999999554425479
piecewise_edge_rule,4.507305263157894,-2.2514864864864865,heldout,0.005337185010425199,0.9999859237061158
piecewise_edge_rule,4.507305263157894,-1.0352702702702707,heldout,0.00013996608246511676,0.999999999985705
piecewise_edge_rule,4.507305263157894,0.18094594594594504,heldout,0.0001380081942320145,0.9999999999999993
piecewise_edge_rule,4.507305263157894,1.3971621621621626,heldout,0.0001407093046171448,0.9999999999903881
piecewise_edge_rule,4.507305263157894,2.6133783783783784,heldout,0.008119760778226012,0.9999675320939304
piecewise_edge_rule,4.507305263157894,3.829594594594594,heldout,0.0001408384942063906,0.9999999999950993
piecewise_edge_rule,4.507305263157894,5.045810810810812,heldout,0.014086934052675498,0.9999067173510177
piecewise_edge_rule,4.507305263157894,6.2620270270270275,heldout,0.001421287477255211,0.9999990152113202
piecewise_edge_rule,4.507305263157894,7.478243243243245,heldout,0.0031987653505329543,0.999995137878143
piecewise_edge_rule,4.507305263157894,8.694459459459459,heldout,0.011424576938232728,0.9999350165516863
piecewise_edge_rule,4.507305263157894,9.910675675675673,heldout,0.00013925764613108724,0.999999999996762
piecewise_edge_rule,4.507305263157894,11.12689189189189,heldout,0.010808443641536866,0.9999423166644882
piecewise_edge_rule,4.507305263157894,12.343108108108105,heldout,0.00014078494688948113,0.999999999994435
piecewise_edge_rule,4.507305263157894,13.559324324324322,heldout,0.004006140351133754,0.9999921233532
piecewise_edge_rule,4.507305263157894,14.77554054054054,heldout,0.0048804332723098864,0.9999882791411872
piecewise_edge_rule,4.507305263157894,15.991756756756754,heldout,0.008919415170603419,0.9999605773182967
piecewise_edge_rule,4.507305263157894,17.20797297297297,heldout,0.003326861112491024,0.9999946118306532
piecewise_edge_rule,4.507305263157894,18.42418918918919,heldout,0.00014096634538953462,0.9999999999935112
piecewise_edge_rule,4.507305263157894,19.640405405405403,heldout,0.017751278515789556,0.999845601813372
piecewise_edge_rule,4.507305263157894,20.85662162162162,heldout,0.006509904296644569,0.9999792213560527
piecewise_edge_rule,4.507305263157894,22.072837837837838,heldout,0.00013929807322194974,0.9999999999899888
piecewise_edge_rule,4.507305263157894,23.289054054054056,heldout,0.017190633326448265,0.9998557945759824
piecewise_edge_rule,4.507305263157894,24.505270270270266,heldout,0.0019135207687958776,0.9999981924430261
piecewise_edge_rule,4.507305263157894,25.721486486486484,heldout,0.006766895663808448,0.999977349197721
piecewise_edge_rule,4.507305263157894,26.9377027027027,heldout,0.00014000246686342028,0.9999999999948478
piecewise_edge_rule,4.507305263157894,28.15391891891892,heldout,0.00014023271234977848,0.9999999999948268
piecewise_edge_rule,4.507305263157894,29.370135135135136,heldout,0.0001405806202156968,0.9999999999910086
piecewise_edge_rule,4.507305263157894,30.586351351351354,heldout,0.004995858657813438,0.9999876839487385
piecewise_edge_rule,4.507305263157894,31.80256756756757,heldout,0.0145194204820326,0.9998975342168117
piecewise_edge_rule,4.507305263157894,33.01878378378379,heldout,0.007303831870188609,0.9999745439220868
piecewise_edge_rule,4.507305263157894,34.23500000000001,heldout,0.0001400592446731852,0.9999999999933535
piecewise_edge_rule,1.8,-10.0,boundary,0.00952326812442467,0.9999549195643792
piecewise_edge_rule,1.8,35.0,boundary,0.001903499934330543,0.9999983072156526
piecewise_edge_rule,4.6,-10.0,boundary,6.47725071543173e-05,0.9999999999780722
piecewise_edge_rule,4.6,35.0,boundary,0.0074161863847508995,0.9999725148190596
