model,cx,cy,height,width,lean,relative_arrow_error,direction_cosine
polynomial_degree_1,14.049036981636736,14.406357587649067,19.934442649416017,4.412306335569563,-6.073850924022667,0.8781046179147214,0.5175187892379656
polynomial_degree_1,14.950600016619408,14.255915606077838,20.43457158769494,4.539273133176363,31.620476098709638,0.851484696835606,0.5295267186546341
polynomial_degree_1,14.008078855085387,14.0876197150333,19.678192960080672,2.45148234251169,-7.88602362828924,0.9594968379169674,0.4167701193248123
polynomial_degree_1,14.838213460028115,14.887645307191463,19.158764924244288,2.0450844677740214,30.14512027481402,0.8842784226442567,0.4798861384568454
polynomial_degree_1,14.724982652476276,14.756278623617904,19.85548085536333,2.976638964461241,-3.2276471280388535,0.7694055410812431,0.6414964723886774
polynomial_degree_1,14.651574939405862,14.766532510491885,20.194280075415858,3.873205184168964,29.21619180041145,0.7757671024117112,0.6358518733581259
polynomial_degree_1,14.15146417424112,14.976032243263049,19.292417369370924,1.909955870092023,-6.4166997999400675,0.9368471875847093,0.43794569019321383
polynomial_degree_1,14.083020143899821,14.818202853062438,20.433759292957273,2.452702928027689,29.449053037837132,0.7978461876073266,0.6079823909054923
polynomial_degree_1,14.18528731906694,14.028198685677129,20.029076150037298,2.3909124624179685,-6.296300675518628,0.8827540272369235,0.494059883678376
polynomial_degree_1,14.449320232106652,14.912903345162109,20.378786083341442,4.257794471797101,13.121181738923376,0.8970597722844476,0.44973267470105155
polynomial_degree_1,14.89904205385233,14.967465381952369,19.54523055904428,3.6456146838706442,-2.4296047799365468,0.7871819273148452,0.6171197895429414
polynomial_degree_1,14.829741827895699,14.02707864209815,19.381131092466358,2.350418576947532,-2.5309039912847373,0.8212088900894879,0.5707283512344038
polynomial_degree_1,14.984736717567062,14.259145246717921,19.593935089326735,3.3992595892237554,16.1564620219289,0.9123717990659441,0.41300601313884766
polynomial_degree_1,14.571637705934952,14.027565359928364,19.459373647893592,3.54563636623484,-7.994223298896561,0.8979513134103242,0.5096702929885331
polynomial_degree_1,14.180487784177538,14.357902645368208,19.398935995428293,4.489289453024101,21.855717803978667,0.8255956919680122,0.5678655540806647
polynomial_degree_1,14.571360005270213,14.397718799826658,19.252398723074847,3.7317249769191445,1.0890208231152023,0.7682321515351571,0.6568664942463612
polynomial_degree_1,14.915194672536636,14.33013371527607,20.023809921691694,1.9370876076160815,6.57020955219744,0.9360781081065457,0.3520062473215151
polynomial_degree_1,14.80459499791461,14.889848613464698,19.4835237467087,3.671440171525946,11.988344767847114,0.9031708446639891,0.43721926169205366
polynomial_degree_1,14.791364453979494,14.765836395414443,19.340933759029138,3.888672500851337,11.204558766613268,0.8924937263742011,0.45956038588454357
polynomial_degree_1,14.245920754829802,14.439467726746546,20.244333444618654,4.2848531272284465,9.540353201296874,0.8883879104786294,0.4668478103872537
polynomial_degree_1,14.150633250006987,14.247761913498183,20.45448236537983,3.5276789132286432,1.1641656989874267,0.8193145327297867,0.5878967823019756
polynomial_degree_1,14.504079430361093,14.06019194883322,19.295856906054453,2.9125292609411826,16.304347903731884,0.9355232247710257,0.3534957908646554
polynomial_degree_1,14.014829633156324,14.667650480010732,19.85479815830223,1.907242180496867,23.774527533589733,0.8932480487735125,0.44956854389755696
polynomial_degree_1,14.117468428838135,14.13194208394615,19.721549958828128,3.4099291762137196,26.760336681697424,0.8081043764888803,0.5955353047997823
polynomial_degree_1,14.138089720689358,14.141928480435904,19.39096433645753,4.260080680883457,34.94013148314971,1.0054401641774977,0.3317480496267912
polynomial_degree_1,14.102848000151067,14.960817761993612,19.29140314565201,4.4844446683277965,23.040015090698702,0.8070610894294734,0.5935991741011439
polynomial_degree_1,14.360008168458949,14.062021480844706,20.376929281735322,2.8893414265650663,-5.148708837512924,0.7850426925180846,0.6195485960742336
polynomial_degree_1,14.42593074104433,14.156539629431812,20.493814924012565,2.586489405012255,19.11347783931282,0.9299999942382827,0.36839788718771427
polynomial_degree_1,14.9117800998226,14.380716382272151,19.805868732867506,2.3870059754941657,24.782597407297786,0.8318240864549034,0.5635891669158344
polynomial_degree_1,14.902502855253939,14.57976605948387,19.60672515738733,2.3414486964107675,17.37426106627707,0.9613301551496436,0.2815837541731257
polynomial_degree_1,14.604221099018206,14.058108789335636,19.621282298386305,2.6755755881358407,25.74588221078217,0.7846065679659111,0.6372675860040752
polynomial_degree_1,14.853370640107716,14.943955286979602,19.417792782920973,3.6674591664831904,-4.745900243197029,0.8105908889007623,0.5911098839788395
polynomial_degree_1,14.082425027595157,14.768590395257263,19.950876300472732,3.946578835660854,2.3609123466372868,0.8292534434395791,0.5672568467359753
polynomial_degree_1,14.708723694260136,14.055008980182182,20.107072257394428,3.621052291884947,-5.6813539116538605,0.8367920301935997,0.55405685670779
polynomial_degree_1,14.014098900109882,14.804765772981298,19.161745138402942,1.8656153762966676,33.364984690059025,0.9755180804585479,0.35888171193758495
polynomial_degree_1,14.631434005960122,14.591859211127527,19.47884007413238,3.7107537778226685,5.9164720029436175,0.8457592242620869,0.5529341706413444
polynomial_degree_1,14.278079454376352,14.393288312183351,19.941375087056286,2.4664270674514674,17.46795471553698,0.9545578185490405,0.2997146339773682
polynomial_degree_1,14.494261083762321,14.338119886541277,20.247110394714465,2.6204295880790838,18.538460546452328,0.9343958004476426,0.3565119474006764
polynomial_degree_1,14.453186114644236,14.796447123665358,19.522376175496092,3.32300662754234,16.71581904531873,0.913902921676571,0.4088690654941445
polynomial_degree_1,14.14010117074129,14.94950602340034,19.882453051816825,2.4827897386920323,32.67700332895025,0.8855998558959529,0.4763648389094556
polynomial_degree_1,14.820222340384293,14.768602840584435,20.379435330797516,2.2598496897440334,23.850843190560973,0.877584940393753,0.48314618359885864
polynomial_degree_1,14.92467917319875,14.561988157944988,20.27175435315676,1.9477554392733605,29.895187524292254,0.8702881531879194,0.4943512960709615
polynomial_degree_1,14.021814241817237,14.375024123747119,19.686396276146073,2.6689643601672266,1.3433631866029714,0.8017645899587617,0.6173631350584351
polynomial_degree_1,14.254521857830708,14.413977508312643,19.856699186366303,4.362392528743438,34.89825361177917,0.9869188019743113,0.3518721520979396
polynomial_degree_1,14.425550748166371,14.103012281295623,19.923842156027444,2.744606682286686,28.83789201088468,0.7825336435129577,0.6301435660096965
polynomial_degree_1,14.9453461421287,14.794282311010742,19.00012938882351,2.825842854135626,6.7748367693659155,0.8924489670192726,0.4603147632086153
polynomial_degree_1,14.220786448339643,14.103488621714254,19.711143532971196,3.820471773833459,4.13742213350613,0.8336623777147046,0.567870552108021
polynomial_degree_1,14.465540540019898,14.203052887246141,20.241872313318844,3.55683373168779,-8.9625638528374,0.9477757086669357,0.4369266031521026
polynomial_degree_1,14.449086980776867,14.302314228335788,19.162735606215474,3.949543181969113,6.191237885274624,0.8484758907008547,0.5420483475535972
polynomial_degree_1,14.465665482340569,14.631103038353126,19.96797418509607,3.562592663968031,32.372845394844525,0.8226327164282083,0.570057557093856
polynomial_degree_1,14.272750796698908,14.93979039289033,19.410366715474275,4.196372491436029,23.2430922752727,0.7990149215836744,0.6094496503471708
polynomial_degree_1,14.454147419830923,14.06697918855579,20.040901513827755,3.156961606154767,17.24663493952796,0.9170277919242653,0.40260871920841806
polynomial_degree_1,14.83312797725868,14.565167905675194,19.756628877826138,2.0756904368249685,1.5304301872612633,0.8520092620449204,0.5285433790815129
polynomial_degree_1,14.511118992042984,14.46875519474303,19.6919933502133,3.262205087996752,20.424249718687093,0.8552228215861871,0.5330069649025311
polynomial_degree_1,14.658004549146622,14.574979565373873,20.115198088574402,4.381706823915963,33.499946084547155,0.9042502077263498,0.4655386546666172
polynomial_degree_1,14.511469417348845,14.469800356452248,19.182493745188676,3.670258704355083,-3.1843981625908144,0.7585756299016002,0.6520554535492545
polynomial_degree_1,14.908406340227327,14.880915637456441,19.894643442994347,2.62234641289164,-5.294312756875738,0.8660378191754815,0.5147480311827736
polynomial_degree_1,14.9347677528758,14.636158251080953,19.327271197931644,2.7452935447886446,27.44985027149128,0.7980226350736342,0.6072675649663776
polynomial_degree_1,14.350867224427772,14.137482735602939,20.490533436815507,2.1185204821820145,34.503697756345936,1.0214484941137127,0.26282706510906584
polynomial_degree_1,14.04047820910629,14.530433029687089,20.489971274005182,4.565539839491769,21.414873902215856,0.8502168214857039,0.531203721620041
polynomial_degree_1,14.254692719750654,14.749540807221022,20.39009911392488,2.6739783456839232,1.2515618765933532,0.8349909590033527,0.5650305378247854
polynomial_degree_1,14.478648512541671,14.541231777787686,20.276683368664116,3.9520715996399858,15.280732762252473,0.889946770910622,0.465237767443392
polynomial_degree_1,14.83665413647601,14.871112070688437,19.777237157351966,3.096037191015497,11.658399672153497,0.9388160008250762,0.3465141175389333
polynomial_degree_1,14.541269878826391,14.91615494626189,19.062443082254415,3.1330355228231523,21.475392593557288,0.8371054618447136,0.5577216561145869
polynomial_degree_1,14.591955981638986,14.583831964207569,19.674767520863774,3.9580407408283556,27.707779576130555,0.7387734132025755,0.6836003910563138
polynomial_degree_1,14.725189613541303,14.142055181354033,20.071021443031025,3.064752075476613,-9.031141751227763,0.9824934996115162,0.3909694472347732
polynomial_degree_1,14.17063429375739,14.220505005939815,20.19159127134456,3.3870634809020155,33.30625689048933,0.9236437791076447,0.42204451677212884
polynomial_degree_1,14.337600625727244,14.274975424623594,20.485807649766556,2.0045852839416147,20.190568415545002,0.9524766167907025,0.30911885017857266
polynomial_degree_1,14.679660964470942,14.532930644817299,20.150228665632028,3.2574328485370936,6.213149842206796,0.8606814601671479,0.5366824898278535
polynomial_degree_1,14.840572987551937,14.376742014657392,19.175149613624516,4.519343408039583,15.489279179903168,0.8644266653394216,0.5075992996938105
polynomial_degree_1,14.414289379551438,14.936591525011703,20.485889893292594,2.073435307859423,-0.07929760038046751,0.8224556245055528,0.5804949181956041
polynomial_degree_1,14.51364023977546,14.531877252721106,20.18799735367745,4.2311617874477605,-7.446280798113591,0.8932089817606834,0.4996452667201449
polynomial_degree_1,14.693980248159653,14.752514193034461,19.636621794104443,4.442969716190247,18.553306343555445,0.8500830981001779,0.5324686088681744
polynomial_degree_1,14.665713780739114,14.174027770476876,19.098514489983998,3.1679466935488585,-8.191877384697184,0.9361951688274054,0.4770095694821891
polynomial_degree_1,14.863542090775185,14.656330767063833,20.368038346187404,1.8263851121710908,17.249504513087825,0.993964560037044,0.17546373674895052
polynomial_degree_1,14.475731641656616,14.29994510822664,20.01172943663262,3.4492481974722846,34.720319953375906,0.970005906689569,0.3641845206609063
polynomial_degree_1,14.744412367901868,14.16398473761571,20.381051496076875,3.6293406146209435,4.6998651355368075,0.8502806423101255,0.5494718348548933
polynomial_degree_1,14.30992747690675,14.219718112725614,20.408738728553065,3.4846074868902543,28.961720906060876,0.7760220900107543,0.6386252225093196
polynomial_degree_1,14.570983842482045,14.69056631365304,20.42026346596437,3.173304726784666,0.49394073116577353,0.8094669515609496,0.6029704848593882
polynomial_degree_1,14.492507780480551,14.261965197904619,20.344378528107754,2.8697352570925854,13.30988080028559,0.9538628490049718,0.3003390334629485
polynomial_degree_1,14.890067115032826,14.192718415842496,19.91524079301699,2.44389637144127,9.995656609368254,0.955305341900719,0.29562388871672624
polynomial_degree_1,14.00480619782815,14.016445527347853,20.085657793657514,3.883083233976402,13.013000650519956,0.9153733949883509,0.407144711649474
polynomial_degree_1,14.7967342620547,14.1329709069415,19.909835540815244,2.762885152434312,0.6430313975368414,0.8103513488055998,0.6010765617916373
polynomial_degree_1,14.933676235974593,14.835487949706561,20.195830029764483,4.434738549189278,21.06552458480998,0.8548646981319729,0.5231175258808378
polynomial_degree_1,14.052996413396018,14.751542275613465,19.045424007373747,2.105524509907022,22.60863104095374,0.896513457393175,0.4430274908375021
polynomial_degree_1,14.725687730632092,14.518633231486527,19.087518400810506,4.177196888513585,26.566107920477776,0.7680230936106329,0.646403325200554
polynomial_degree_1,14.571752967961544,14.053859410908013,20.01488452144963,3.9729841616188004,6.5676757513063535,0.870421953643324,0.5068808920863836
polynomial_degree_1,14.765832458386406,14.563328253834651,19.24877817930381,2.4720766753275845,-3.609553216132457,0.8076653248721166,0.5900341181697952
polynomial_degree_1,14.750149870256447,14.51987956904453,20.002308243063915,3.7512215042493757,2.097864998794055,0.8045720291400265,0.6103113128051418
polynomial_degree_1,14.64383905718916,14.969425274683271,19.145145804937833,4.439421000985968,17.570751893621193,0.8573628470085141,0.5189018676053478
polynomial_degree_1,14.27118265428295,14.064787547204686,19.084993211536972,2.922610792213626,4.2139452490840466,0.825396119847409,0.5885915265981091
polynomial_degree_1,14.315011891436333,14.466497653534073,20.107545064040053,3.7707493966193946,10.473483257672235,0.9033220939740977,0.4390605035882671
polynomial_degree_1,14.91687755767704,14.87210033758735,19.26959209755131,3.044382383070725,11.35603702474485,0.9360854721983485,0.3531894239405388
polynomial_degree_1,14.51007251681456,14.046093324181813,19.905741456300387,2.388546049601141,32.3059744972064,0.8927220163968191,0.46283512724006903
polynomial_degree_1,14.133611787897,14.200201590534697,19.483961163088345,3.9080988494394306,16.09202746734962,0.8938416391977229,0.4538232645122923
polynomial_degree_1,14.641581655377696,14.872847203939672,20.038375806011818,3.67804222956258,8.954853301438149,0.8920775961887352,0.4660423370955271
polynomial_degree_1,14.112368265939823,14.071335559716061,19.820717333769785,4.09029240767433,-2.1039654363426843,0.8265088156490797,0.5631458077561595
polynomial_degree_1,14.112874124955036,14.846407100170515,19.670567269235665,3.7049124874021833,24.31811194314423,0.7884303423046789,0.6309594539151926
polynomial_degree_1,14.662791271409121,14.807543370392855,19.118577573469167,3.2984532709541754,12.503911582527031,0.9163209613509243,0.4053138251788993
polynomial_degree_1,14.72262603481053,14.357909280927716,19.01683819488032,2.311176716218018,9.649787491448862,0.9524408460655486,0.3049515736802109
polynomial_degree_1,14.538798731207367,14.161088039984756,19.261851092292318,1.979900014832868,10.750950343480618,0.9731390820300433,0.2403055659554979
polynomial_degree_1,14.977977234927286,14.462804277660501,19.02538544926891,2.8599917950171236,17.12264363670729,0.9316583464821329,0.3634149656166315
polynomial_degree_1,14.137575448362593,14.128838131471756,19.32889387569523,4.462716736862778,31.974691183057033,0.8934706351830843,0.4814704711729776
polynomial_degree_1,14.001683007857123,14.658161410622704,19.117587159290856,2.836077910734807,19.864844078292293,0.8999962385043548,0.43801536045700395
polynomial_degree_1,14.54664241126267,14.080159691129081,19.618628062408124,2.9995478624815295,31.39610881190213,0.8110039387132033,0.5850415211738255
polynomial_degree_1,14.02870549858922,14.417901846445721,19.708826245529384,2.501090201015792,26.867766361207273,0.8306885564411735,0.5612466274371124
polynomial_degree_1,14.037461053946794,14.794048590297384,20.38275848668971,4.247516427631372,27.22773886560242,0.7795748204113775,0.6330393755264319
polynomial_degree_1,14.915117262928115,14.986368428068403,19.07565110652753,2.7571408040123835,20.238223208801855,0.9072171511067415,0.4208152089995644
polynomial_degree_1,14.017164763425162,14.677643105648572,19.6256893712711,1.999021369146178,32.149943919010724,0.9086463477256401,0.4462763951371009
polynomial_degree_1,14.10152229098503,14.807404194379389,20.359708749910677,2.3149846256808235,5.640342019708193,0.9013513197743295,0.44493749559699236
polynomial_degree_1,14.276012744529,14.486691863258354,19.298030811802462,3.914422242263436,-1.282701454060053,0.7532160343188433,0.663326608580679
polynomial_degree_1,14.385726281273136,14.955677070313408,20.364355735857615,3.433201191429128,21.0996468539456,0.8547972828098718,0.5354908365120709
polynomial_degree_1,14.852405657990515,14.011285184102812,20.084011195722017,4.089293632964892,10.63308973239236,0.8987984099724453,0.4469982349971465
polynomial_degree_1,14.88541666988252,14.293527435724009,19.77038412132334,4.31636960959127,26.923928652274775,0.7616543009044289,0.6529496213355066
polynomial_degree_1,14.803780603911962,14.426387308886678,20.257579688168033,4.302528872031275,27.638637817453976,0.7792917857707571,0.6322034340521759
polynomial_degree_1,14.094538636601275,14.141951845885185,19.505033616909845,2.108143354961369,-1.4556228307691388,0.8340031923571356,0.5518727983031544
polynomial_degree_1,14.391627915347572,14.838733629811479,20.39584060320847,3.483877511901155,27.004542604361383,0.7792913774039422,0.6457499204890509
polynomial_degree_1,14.291023979832463,14.91694135429975,19.868622624782386,4.4549053279693505,6.851243275857787,0.8682893811009954,0.5021321067264053
polynomial_degree_1,14.966856867296643,14.638978739058901,19.132742919886475,4.381627622418084,2.056656648328916,0.8320988230478703,0.5551143261493005
polynomial_degree_1,14.717740602519884,14.114592740285774,19.79444647472276,4.4020843907418,-7.982470370855085,0.9405942128373099,0.45204863472175877
polynomial_degree_1,14.244026804000272,14.733200671658818,20.000623571470555,3.710743983768926,-4.109546424607922,0.8029704613684147,0.5967519314046127
polynomial_degree_1,14.546611890769153,14.333364316839297,19.83757003163587,4.361329227322033,3.9892177164741476,0.8104891735404006,0.5983009585473549
polynomial_degree_1,14.706458444120656,14.619059076104522,19.67602668994658,2.3155522114896976,13.379536086918534,0.9765847389961336,0.22643080425337575
polynomial_degree_1,14.940685379907691,14.606663706099289,19.52195475428724,2.423441228425841,20.277925736725408,0.9208820978859198,0.38985652572148033
polynomial_degree_1,14.720827379064291,14.817691612980166,20.07854856197364,2.26353577402335,15.881479450706195,0.9779032846329924,0.22318443570455404
polynomial_degree_1,14.191742381710437,14.683144805101385,19.25523205962381,4.014880008529447,-2.4970058279501792,0.8119299873993079,0.5847563148481111
polynomial_degree_1,14.353756565792041,14.3052517978002,19.959807382177654,3.687372011702772,9.972754330730158,0.9018884191474562,0.4423576859060711
polynomial_degree_1,14.705409049258176,14.924009237994678,20.121270544051583,3.186395409120786,18.02330735963931,0.9124529022652595,0.41419594445234464
polynomial_degree_1,14.260099350355995,14.924290621811982,20.34510007671931,3.759322516871002,9.747474524810631,0.9035245984837209,0.4396628700656391
polynomial_degree_1,14.210443082517589,14.759301551600418,19.37371193190957,3.232243037920457,-2.6483258399230953,0.7548852404493037,0.6583034890451247
polynomial_degree_1,14.653897475439566,14.361981929438144,19.60752432526467,3.8434722942637265,13.96732750366089,0.8940788509494492,0.4567028990709869
polynomial_degree_1,14.051844459382426,14.83978060888088,20.2491278912792,2.9987305681311414,0.6719016699264824,0.8176716460190264,0.5903026602402243
polynomial_degree_1,14.359392417184704,14.234731993510152,19.566289956767633,3.015960625785012,4.6660303844469,0.8349363113944873,0.5827856018374525
polynomial_degree_1,14.435962450959735,14.989174049054213,19.229941804735855,4.060918880281205,-7.324367652207158,0.8981194632584465,0.5087157494407294
polynomial_degree_1,14.423844560955938,14.158016602142222,19.542585940917654,2.029851822199908,14.608611989272159,0.9907073222297422,0.18161320386279592
polynomial_degree_1,14.019322413884076,14.98845285698662,19.60798386022818,4.553561018159836,11.63384936660217,0.8772069663321874,0.4849772515536647
polynomial_degree_1,14.44433672631116,14.7428290997027,19.415441270036524,4.226814283210702,-5.155639688408128,0.8443574882337045,0.5548999780364425
polynomial_degree_1,14.50949719083644,14.608403303456964,19.081559464461463,3.7229206373424137,0.28994187661181847,0.7609507433322924,0.6607251450066075
polynomial_degree_1,14.937419500378315,14.860029936282638,19.026089865043573,2.5423336466150652,22.606711017952023,0.875951409364791,0.48290432191059895
polynomial_degree_1,14.996477428341224,14.131250405298939,19.75767913222674,3.8178519977633325,12.404387851562422,0.9070106037663661,0.4266293121174094
polynomial_degree_1,14.24800016542289,14.45230899414911,19.064372263780466,3.6063965772342823,-1.4578827142568827,0.7688266949503493,0.6432148778336219
polynomial_degree_1,14.28530980849621,14.245210248517111,19.84592187292151,4.490037180248842,30.577669208569347,0.8241913336222576,0.5679785588657058
polynomial_degree_1,14.08041705078562,14.536317336777987,20.160638861192894,2.1076141811027407,21.383560758380806,0.9294587222386359,0.3692618615673392
polynomial_degree_1,14.504076819462359,14.219397697325801,19.10792801773272,2.3898338845595015,32.93937985508765,0.9065821897490386,0.45549094282093994
polynomial_degree_1,14.71454340059274,14.520389841488816,19.944067545388446,2.8212770629952084,23.596279100526623,0.822923882251098,0.5849894860360716
polynomial_degree_1,14.817232148607777,14.156179695946623,19.21302874885915,3.9847525660116956,11.730874136813501,0.8926357176253303,0.4570839646864119
polynomial_degree_1,14.588894207636361,14.96638023413683,19.83246594088636,3.8220600505625164,5.945373333931126,0.8588749756902242,0.5290368302081436
polynomial_degree_1,14.064959626190321,14.209953843031307,19.031021420744512,2.1958577276201416,33.097565502400585,0.9717009929534887,0.3649731937927047
polynomial_degree_1,14.51953223999758,14.43058347267923,19.544890217026307,2.2199471557491193,-8.77105437586819,0.9936015121896284,0.3933878496560683
polynomial_degree_1,14.187202666487376,14.326621779941288,20.475298157163714,2.082533308534946,-0.8038103846363462,0.8194074522607296,0.5817215275114919
polynomial_degree_1,14.071850907778487,14.396888210668928,19.088260532213525,4.298802176477527,30.21756530947966,0.815426008015616,0.5815153058592358
polynomial_degree_1,14.563192168053316,14.4314060354926,19.46461469176581,3.0267356403586003,33.52204082333302,0.895282517282938,0.4763379581136639
polynomial_degree_1,14.424323809714519,14.553154763952852,19.469592800223836,4.448304386132525,24.87912069305839,0.7609721437618905,0.6544645438489428
polynomial_degree_1,14.528778946474963,14.760727620919283,20.45823111358232,3.6117293994424666,-2.781485515338902,0.7802592287498384,0.6293290604880869
polynomial_degree_1,14.294437476655553,14.877198343618819,19.269982005025398,2.7180671453559198,30.223930450219335,0.766633294076317,0.6440506615298531
polynomial_degree_1,14.614648627491936,14.855986256374218,20.222532521009718,2.885792958577198,-3.368446966176048,0.7814359314349478,0.6275263748916557
polynomial_degree_1,14.989559741522209,14.750924876803767,20.082892997340764,4.5293943776817835,-2.3823803557179595,0.8394436256142965,0.5471841940479568
polynomial_degree_1,14.665152854410914,14.980522517099697,19.02560266084829,2.834252341974273,8.631900791060222,0.913096308964323,0.41379023234828866
polynomial_degree_1,14.090166243963814,14.305254821290184,19.10630914085434,2.5573290002302453,4.156496130303468,0.8745412397172119,0.4906165609325726
polynomial_degree_1,14.427312252840334,14.674861340332535,19.89996821277692,3.6749601271016905,-7.305842208937236,0.8575962922575328,0.5416686429203548
polynomial_degree_1,14.16257140676867,14.457236947676524,19.50535836961717,2.571016231551788,21.87710228449906,0.8734396932443491,0.4917506257251625
polynomial_degree_1,14.370356438038472,14.18399302578935,19.562355084669797,3.056777105894927,19.662580091969087,0.87736935200958,0.48850341658276564
polynomial_degree_1,14.935032496355468,14.221423840749868,19.62116198785313,2.5012696686788627,-2.4309208401330578,0.8282471920025157,0.5603879092465495
polynomial_degree_1,14.526321301604678,14.810040856214858,20.102249478922598,2.1932714439759993,4.6972093432524975,0.9116901344779483,0.4134279792783397
polynomial_degree_1,14.715639300522643,14.897928570001268,19.916285744332182,2.4215895895545048,18.22255335912604,0.9471842551641102,0.32149624663362386
polynomial_degree_1,14.9581664203369,14.534541949735717,19.663039726385573,2.734709466078007,5.1292996855522475,0.8892659819940408,0.4656933531186204
polynomial_degree_1,14.082335136948387,14.238926500538339,19.997121408893747,2.203919586421483,26.66771109290731,0.8515185660037343,0.5251671574269954
polynomial_degree_1,14.806915892377464,14.468820640146545,19.432467695321915,3.1771587513411164,13.077285724332533,0.931764528754199,0.36533707749773736
polynomial_degree_1,14.704101048653497,14.448731442739572,20.0053882663821,1.8657386271833454,32.58182623167909,0.9289084409150455,0.4116668301817437
polynomial_degree_1,14.630616985144593,14.24576549864017,19.9180068877993,4.410180114244449,25.194031296024036,0.7642917932448045,0.6524022167827538
polynomial_degree_1,14.686040673126284,14.257081066556248,20.05232767662386,1.8016014519822239,-0.5426024673800427,0.8070058934634654,0.5999581479371162
polynomial_degree_1,14.462044309140854,14.092058133733685,19.271324090539544,4.523336816571231,-2.7500722712207084,0.8117455650202439,0.5880369267173685
polynomial_degree_1,14.526350507161865,14.118586402204846,19.02690674849092,2.120160506234999,5.98656717646559,0.9374575346007861,0.34893749186622874
polynomial_degree_1,14.985022473976036,14.734037942820418,20.146639912701467,2.783689515759883,10.456775597001723,0.9488456747400794,0.31631206416556296
polynomial_degree_1,14.724659447733053,14.686657585739937,20.38421425477242,2.538236378508775,19.317373036458513,0.928130674009119,0.37286284136076336
polynomial_degree_1,14.307659190716869,14.772276995573911,20.466846425894374,3.280636944575714,-4.384234692802821,0.7931529827925791,0.6094122594228859
polynomial_degree_1,14.02973126367687,14.025538107463502,20.14144097448916,3.2477806815015775,-7.7459003060657885,0.9249737966889783,0.44849031701388264
polynomial_degree_1,14.53794914779161,14.93291302154701,19.912676895864333,3.7528380058511273,-6.484659887021643,0.8554216528621309,0.5358405875745471
polynomial_degree_1,14.634718991437285,14.466044377714338,19.0655936509228,4.2653259823752565,12.876511950586842,0.8869360842518054,0.46830006917728717
polynomial_degree_1,14.0568739108334,14.787368712001092,20.303765664728836,3.2676591639346855,8.233222756860407,0.900711843526925,0.449962693754939
polynomial_degree_1,14.624819063970907,14.825695185308469,19.03431669850782,2.543972382224111,16.224987453348884,0.9536120365553593,0.30332666606764624
polynomial_degree_1,14.765452634374183,14.125969460113064,19.170806585197482,2.7571110964864456,23.539278848161402,0.8085005407481363,0.6019440307449975
polynomial_degree_1,14.81570629868894,14.900065226520603,20.20674194910611,2.9232363381399376,-3.929430075152627,0.7788008112717657,0.6287362094426259
polynomial_degree_1,14.468720639638638,14.136643629156396,19.800327419088603,3.1693396568174887,0.5265970704226266,0.7972772458288478,0.6182794712302168
polynomial_degree_1,14.371091007336146,14.369541753260268,20.184312114755596,2.297877312523565,18.08646195311554,0.9612754563276126,0.27949655739760787
polynomial_degree_1,14.267474634679786,14.545140488964275,20.165103041679178,3.1348197947947245,-6.329112268248105,0.8481486461298793,0.5427286740292538
polynomial_degree_1,14.990626229659135,14.362303110181731,20.04599750926905,2.272529133680457,19.423179167393172,0.9426208701052251,0.33517036563107977
polynomial_degree_1,14.253433217963563,14.236488074999425,19.863799337937646,4.4034043603123445,-1.4036368701460091,0.8086099544809723,0.5883811883419985
polynomial_degree_1,14.006675587219501,14.157223851332557,19.552309325527702,3.810818423645875,30.64685972376507,0.8674779805423659,0.5068103633498219
polynomial_degree_1,14.019009914813212,14.922967118248252,19.285174461495004,2.481761170784985,16.11030825165099,0.9631693506490318,0.27455631767521765
polynomial_degree_1,14.630072704899797,14.35510310338421,20.07863529169156,3.7898419777848744,-0.46766933498888186,0.768027096564854,0.6526795419291425
polynomial_degree_1,14.475369825946046,14.427375911858904,19.885866218548237,3.4547362189853112,-0.798292567147147,0.7612050895993179,0.6612495756869196
polynomial_degree_1,14.586125507710383,14.713613944065363,19.853751359012385,4.567497541861392,-5.98716059150903,0.8640363095025935,0.5358878091826186
polynomial_degree_1,14.455520428188159,14.538753926183912,20.227084973278068,3.803001953275862,34.81589911236905,0.969739437517595,0.36391781840826154
polynomial_degree_1,14.10511949725171,14.576886875217188,19.924473123393284,3.952446426398284,26.28822105080735,0.7793290472389174,0.6365102099817365
polynomial_degree_1,14.226256839271652,14.267874697312594,20.241426712639065,2.67811249869869,-1.6230277342572421,0.8024146230827705,0.6027275002410069
polynomial_degree_1,14.096950131432788,14.161433573290278,19.31056634637625,4.141913286870115,-0.3561472616742396,0.7924357300102921,0.6112657565535147
polynomial_degree_1,14.522334365765797,14.346013588491308,20.124010385294806,1.880201356209478,-4.668507138538844,0.9040477466804571,0.4563983950042549
polynomial_degree_1,14.69110769695438,14.370575675994976,20.050231602393563,4.098368456090469,28.472537901321346,0.7551390785684075,0.6627239343189141
polynomial_degree_1,14.815294440626145,14.99461841695354,19.062787587520237,4.061467669397374,7.147855361520097,0.8562196006158709,0.524998802602352
polynomial_degree_1,14.977275980490646,14.280036319256332,19.231682426250853,3.3171933578278283,5.12318878953239,0.8555613336390212,0.5303294697510607
polynomial_degree_1,14.857310982339735,14.101641160431306,19.07403991117405,4.465003843091514,28.64859842121787,0.7641015932884991,0.6452983824291392
polynomial_degree_1,14.361339747844484,14.91107155122219,19.329695490150694,2.6805161790222263,29.442235110703315,0.7624424865692447,0.6514376903895321
polynomial_degree_1,14.14312983916808,14.934074439755468,19.882841287624586,4.487414886767675,5.252719342180951,0.8465342197699667,0.5403252925064267
polynomial_degree_1,14.642443763390819,14.078061675537946,19.97330051618749,2.2851857277359673,2.008740276685547,0.8277738294023986,0.5835470960543628
polynomial_degree_1,14.244550391981232,14.634697246008527,20.49281015886474,3.651700088625284,0.5566654060813949,0.7969600229270617,0.62007515793327
polynomial_degree_1,14.972755085150498,14.75290064246854,19.35708170867327,2.0710316233246013,10.023637121029054,0.9792144814724344,0.2183218069797922
polynomial_degree_1,14.449530338117672,14.326730954540468,19.99688873197189,3.620193420570061,20.78919174372522,0.8433908539170019,0.5521857853223581
polynomial_degree_1,14.870967300947763,14.902732434131641,20.257762013973682,1.8696422489594726,-3.304864688620394,0.8809615863750657,0.4789790467734802
polynomial_degree_1,14.449155107788703,14.83066125912863,19.10884961015797,2.2919853863465143,-0.9173464707335768,0.8022436283392091,0.5995828212063147
polynomial_degree_1,14.463803323687966,14.074869976341768,19.873761498733842,4.417515226031871,2.714230187327688,0.8062948263986339,0.6025650467799686
polynomial_degree_1,14.439456775802226,14.219335754782668,19.194510869943894,4.02422121160881,21.412551140014468,0.8190420851247676,0.582613211382157
polynomial_degree_1,14.689770596353085,14.99610528159287,20.254976299437615,3.721743683429393,19.042811230616906,0.8820386106115892,0.4804548292365291
polynomial_degree_1,14.79397480531431,14.03564881043127,20.278866557484413,2.9840771509593242,1.2238088042656692,0.822421530340337,0.5860608598825178
polynomial_degree_1,14.59317390262493,14.185225511918485,19.783990414086205,2.874227680450927,22.175438304612307,0.8474787816202166,0.5459160756375218
polynomial_degree_1,14.52569847102448,14.039351698786668,19.73232418446687,4.527593884310391,31.885911796544185,0.852679297419733,0.5330176118325844
polynomial_degree_1,14.994905226578199,14.682603861559711,19.72093542596564,2.739591472416003,20.718902618391645,0.8989396443399187,0.4395092560760905
polynomial_degree_1,14.166237056774163,14.035659739334672,19.732472862473035,4.449551006375868,9.925457874607016,0.8928914175986519,0.45367401460774337
polynomial_degree_1,14.726940238834567,14.494937980505423,20.409768545012945,2.006818442480582,-7.8357892720208655,0.9710806542473807,0.3879137162606771
polynomial_degree_1,14.708087254887339,14.872008649559849,19.777959000949558,2.810069712851396,13.566993015607515,0.9544641454072565,0.29834787656142886
polynomial_degree_1,14.835453729330442,14.020173786825806,20.413014676163456,2.8743923367730737,-7.10942122691374,0.9277026594050378,0.43469206236187313
polynomial_degree_1,14.378572200715107,14.389338686046816,20.233991135359755,3.4137575356334198,-8.733844522167747,0.9428412797494293,0.44070135722248344
polynomial_degree_1,14.135729267744065,14.844541340249107,19.368277779556998,3.245755735890513,19.65619333703928,0.8730648957492539,0.49609869901417175
polynomial_degree_1,14.441017648088767,14.812716885333108,19.194548682620752,3.8521939160076784,19.438627119686785,0.8508191587845335,0.5348639668415126
polynomial_degree_1,14.038888166793686,14.882516098568235,19.03991997345934,4.416977810163686,14.6385302288679,0.8654211629265925,0.5055337947830345
polynomial_degree_1,14.732579850190298,14.107539001215354,20.154944504282337,2.811852880495544,5.632811830647727,0.8775772598678648,0.5013683689695455
polynomial_degree_1,14.944538732444673,14.281318746796966,19.55330900791305,3.1653117052123454,-2.7420820743259693,0.7766324072833228,0.6314540445617371
polynomial_degree_1,14.536167030036355,14.557463724518637,19.768128682931444,4.5811287752662295,27.73217494479747,0.7558014887905059,0.6571020509584518
polynomial_degree_1,14.07838836611526,14.082722381240686,20.010586480011963,4.056837500288647,8.957090762687116,0.8908577887921149,0.4644296071071097
polynomial_degree_1,14.810538104186685,14.458026322930683,19.533355149645683,4.572004916955695,25.890544695356063,0.7718050170154753,0.638276871870811
polynomial_degree_1,14.32860653456607,14.589154046066728,20.124089614287374,3.3813729042257896,30.431911241985745,0.7631804674244843,0.6510010615760202
polynomial_degree_1,14.9003091701653,14.205613551753908,19.64230035865102,2.3974438633954778,6.063576909561743,0.8963264872189834,0.4551065433400513
polynomial_degree_1,14.327239500003364,14.070779843946564,19.36414985619835,3.6694022749702686,-7.906110438494601,0.893592752548307,0.5144165956906207
polynomial_degree_1,14.783931252349653,14.322438721732977,20.232582445554577,1.9713398012741374,-4.616733876172722,0.8865376463764904,0.4800768011581846
polynomial_degree_1,14.445778386921809,14.585646106455586,20.219155582248586,3.4399518670733964,9.188348310816316,0.9043333539431014,0.4400577773701921
polynomial_degree_1,14.555188523410576,14.45440845517557,19.464792243193507,4.054356567637496,-3.4342075900099918,0.746015769119462,0.6659438548463626
polynomial_degree_1,14.394495019796047,14.17096019177556,20.202160863082412,2.8086463099673975,8.817460754669575,0.9297017321303593,0.37413613038966914
polynomial_degree_1,14.115632902457232,14.824601148040133,19.57195948421196,2.911972615363675,27.09969755892643,0.7708132455419758,0.6526619155090251
polynomial_degree_1,14.043971297778754,14.74909826278084,19.196424496709607,4.260783934588208,-2.7579071558328287,0.8342135713114093,0.5577588293363247
polynomial_degree_1,14.876779016177252,14.938235941239604,20.299373350827928,3.223624544255318,28.502203249382532,0.8231002139524193,0.5698778883921436
polynomial_degree_1,14.03311642089264,14.875996201468878,20.063802354992298,2.26457628631341,28.840529857967276,0.8051387186979331,0.5977581894395574
polynomial_degree_1,14.701857608580971,14.821068908928634,19.3777902540835,3.076856878870137,28.53878235309105,0.7704749184756797,0.6429276653328627
polynomial_degree_1,14.616810998409195,14.068692109822154,19.659083160813026,3.7403387558320773,27.44064186370919,0.7466716481631092,0.67694617388914
polynomial_degree_1,14.480308853684722,14.953574517339648,19.98012844143949,4.5856102447838145,30.75816612663443,0.8313499323660221,0.5575786004308616
polynomial_degree_1,14.263637087635376,14.927743336850643,19.575297344282287,2.924192107397123,7.671799350313599,0.9000641432474761,0.44854399630372194
polynomial_degree_1,14.718750206190926,14.831143700081888,20.186670963181616,4.0116001496168785,25.432345942596548,0.788605687078678,0.6262567875759246
polynomial_degree_1,14.711617526605849,14.876623160682225,19.144619430518244,2.33086345368624,9.600392380572544,0.9529458200479617,0.30342736732381453
polynomial_degree_1,14.90301950907455,14.62772170696358,20.28518031971783,2.0463745605976325,30.001492896507017,0.8692479975269033,0.4958746778776842
polynomial_degree_1,14.194089435210188,14.802081856057287,19.033255336727418,4.502200142313536,20.01814426919975,0.8367236427227857,0.5503216579075336
polynomial_degree_1,14.891900291599194,14.23733132600623,19.17257358343831,2.9156937148822233,-0.30205709331203323,0.7932182495457061,0.6149415808372771
polynomial_degree_1,14.873624037705454,14.437032845702106,20.223061290760672,3.5902999504853117,2.3277218258604258,0.8098673857972676,0.6062834756105628
polynomial_degree_1,14.835650416644219,14.634919014334843,19.563880373413628,4.367279802369681,34.60965417052444,0.9779375673186983,0.36981004678181884
polynomial_degree_1,14.735561843065776,14.457499375608014,20.053729592028123,2.8606698893750626,30.76273427742484,0.7875630894003157,0.6179611366861695
polynomial_degree_1,14.950804917439969,14.524560757683156,19.4330053134058,2.569784406735811,17.150510681402825,0.9500583932763013,0.31333217586026785
polynomial_degree_1,14.910606193614015,14.71218275726322,19.785016803457207,2.110332647866741,10.327817369912218,0.9800494856812503,0.21244687645703067
polynomial_degree_1,14.090081597434471,14.265941708526679,20.043900357749113,3.3436656814818004,12.470569807193911,0.9320439773848105,0.3655723166360787
polynomial_degree_3,14.049036981636736,14.406357587649067,19.934442649416017,4.412306335569563,-6.073850924022667,0.7553815596779972,0.6698402392060107
polynomial_degree_3,14.950600016619408,14.255915606077838,20.43457158769494,4.539273133176363,31.620476098709638,0.6366044541998579,0.7713900648949781
polynomial_degree_3,14.008078855085387,14.0876197150333,19.678192960080672,2.45148234251169,-7.88602362828924,0.7831267034081905,0.6670094902129406
polynomial_degree_3,14.838213460028115,14.887645307191463,19.158764924244288,2.0450844677740214,30.14512027481402,0.7838099056488231,0.6267304631952606
polynomial_degree_3,14.724982652476276,14.756278623617904,19.85548085536333,2.976638964461241,-3.2276471280388535,0.6658905020044718,0.748327513944982
polynomial_degree_3,14.651574939405862,14.766532510491885,20.194280075415858,3.873205184168964,29.21619180041145,0.6835564608086865,0.7330277201435355
polynomial_degree_3,14.15146417424112,14.976032243263049,19.292417369370924,1.909955870092023,-6.4166997999400675,0.7112696800191669,0.7193448068460582
polynomial_degree_3,14.083020143899821,14.818202853062438,20.433759292957273,2.452702928027689,29.449053037837132,0.6621192624222229,0.7621369365653816
polynomial_degree_3,14.18528731906694,14.028198685677129,20.029076150037298,2.3909124624179685,-6.296300675518628,0.6365289321814882,0.7716695687178837
polynomial_degree_3,14.449320232106652,14.912903345162109,20.378786083341442,4.257794471797101,13.121181738923376,0.7672710333942404,0.6413735436662901
polynomial_degree_3,14.89904205385233,14.967465381952369,19.54523055904428,3.6456146838706442,-2.4296047799365468,0.7498579794051821,0.6653252244891522
polynomial_degree_3,14.829741827895699,14.02707864209815,19.381131092466358,2.350418576947532,-2.5309039912847373,0.7612232526819958,0.6504306012713696
polynomial_degree_3,14.984736717567062,14.259145246717921,19.593935089326735,3.3992595892237554,16.1564620219289,0.7307089475101693,0.6834157123245147
polynomial_degree_3,14.571637705934952,14.027565359928364,19.459373647893592,3.54563636623484,-7.994223298896561,0.6030696024670366,0.8029546740926102
polynomial_degree_3,14.180487784177538,14.357902645368208,19.398935995428293,4.489289453024101,21.855717803978667,0.7864214554716524,0.63039529173522
polynomial_degree_3,14.571360005270213,14.397718799826658,19.252398723074847,3.7317249769191445,1.0890208231152023,0.7239144346556516,0.6928283441581249
polynomial_degree_3,14.915194672536636,14.33013371527607,20.023809921691694,1.9370876076160815,6.57020955219744,0.8160271651502081,0.5798389590643984
polynomial_degree_3,14.80459499791461,14.889848613464698,19.4835237467087,3.671440171525946,11.988344767847114,0.7562900407250296,0.654414014463738
polynomial_degree_3,14.791364453979494,14.765836395414443,19.340933759029138,3.888672500851337,11.204558766613268,0.7576852234554585,0.6526440447780602
polynomial_degree_3,14.245920754829802,14.439467726746546,20.244333444618654,4.2848531272284465,9.540353201296874,0.769250309748415,0.6391201573112577
polynomial_degree_3,14.150633250006987,14.247761913498183,20.45448236537983,3.5276789132286432,1.1641656989874267,0.7437071128981982,0.6687860490898191
polynomial_degree_3,14.504079430361093,14.06019194883322,19.295856906054453,2.9125292609411826,16.304347903731884,0.7081993846885419,0.7094855185601563
polynomial_degree_3,14.014829633156324,14.667650480010732,19.85479815830223,1.907242180496867,23.774527533589733,0.837261655335044,0.5507382721820215
polynomial_degree_3,14.117468428838135,14.13194208394615,19.721549958828128,3.4099291762137196,26.760336681697424,0.7830824556121315,0.6224926579750341
polynomial_degree_3,14.138089720689358,14.141928480435904,19.39096433645753,4.260080680883457,34.94013148314971,1.0397255559026815,0.5501810484712663
polynomial_degree_3,14.102848000151067,14.960817761993612,19.29140314565201,4.4844446683277965,23.040015090698702,0.7835056062013482,0.6349521805579099
polynomial_degree_3,14.360008168458949,14.062021480844706,20.376929281735322,2.8893414265650663,-5.148708837512924,0.6110017550718637,0.802094869263342
polynomial_degree_3,14.42593074104433,14.156539629431812,20.493814924012565,2.586489405012255,19.11347783931282,0.7193218951665328,0.7005355679746196
polynomial_degree_3,14.9117800998226,14.380716382272151,19.805868732867506,2.3870059754941657,24.782597407297786,0.7581911433991837,0.6524518456330848
polynomial_degree_3,14.902502855253939,14.57976605948387,19.60672515738733,2.3414486964107675,17.37426106627707,0.7756550621035808,0.6312008244230095
polynomial_degree_3,14.604221099018206,14.058108789335636,19.621282298386305,2.6755755881358407,25.74588221078217,0.7021204987720258,0.7157356504098528
polynomial_degree_3,14.853370640107716,14.943955286979602,19.417792782920973,3.6674591664831904,-4.745900243197029,0.6962760831296949,0.7183219002272888
polynomial_degree_3,14.082425027595157,14.768590395257263,19.950876300472732,3.946578835660854,2.3609123466372868,0.7884019137774136,0.6235194310045482
polynomial_degree_3,14.708723694260136,14.055008980182182,20.107072257394428,3.621052291884947,-5.6813539116538605,0.6583394076444404,0.7548947865722504
polynomial_degree_3,14.014098900109882,14.804765772981298,19.161745138402942,1.8656153762966676,33.364984690059025,0.7825603054621636,0.7064262937949611
polynomial_degree_3,14.631434005960122,14.591859211127527,19.47884007413238,3.7107537778226685,5.9164720029436175,0.7057200991823803,0.7085018037975713
polynomial_degree_3,14.278079454376352,14.393288312183351,19.941375087056286,2.4664270674514674,17.46795471553698,0.7387783023569523,0.6763917893133754
polynomial_degree_3,14.494261083762321,14.338119886541277,20.247110394714465,2.6204295880790838,18.538460546452328,0.7050189398507704,0.7157477836762832
polynomial_degree_3,14.453186114644236,14.796447123665358,19.522376175496092,3.32300662754234,16.71581904531873,0.69036698535659,0.7270900672863906
polynomial_degree_3,14.14010117074129,14.94950602340034,19.882453051816825,2.4827897386920323,32.67700332895025,0.5372706136690191,0.8436175479927274
polynomial_degree_3,14.820222340384293,14.768602840584435,20.379435330797516,2.2598496897440334,23.850843190560973,0.8012605379766172,0.5983248027672932
polynomial_degree_3,14.92467917319875,14.561988157944988,20.27175435315676,1.9477554392733605,29.895187524292254,0.7485845069766865,0.6634369600399468
polynomial_degree_3,14.021814241817237,14.375024123747119,19.686396276146073,2.6689643601672266,1.3433631866029714,0.7828517179176363,0.6263550545570759
polynomial_degree_3,14.254521857830708,14.413977508312643,19.856699186366303,4.362392528743438,34.89825361177917,0.9240772033702742,0.6368067908784877
polynomial_degree_3,14.425550748166371,14.103012281295623,19.923842156027444,2.744606682286686,28.83789201088468,0.6914535062320947,0.7288008197049425
polynomial_degree_3,14.9453461421287,14.794282311010742,19.00012938882351,2.825842854135626,6.7748367693659155,0.7494175531619814,0.6622693447471714
polynomial_degree_3,14.220786448339643,14.103488621714254,19.711143532971196,3.820471773833459,4.13742213350613,0.7798989250781654,0.6318214988574721
polynomial_degree_3,14.465540540019898,14.203052887246141,20.241872313318844,3.55683373168779,-8.9625638528374,0.6506030531821357,0.7743371487282723
polynomial_degree_3,14.449086980776867,14.302314228335788,19.162735606215474,3.949543181969113,6.191237885274624,0.7383563435742528,0.6760859375050221
polynomial_degree_3,14.465665482340569,14.631103038353126,19.96797418509607,3.562592663968031,32.372845394844525,0.4554760790640139,0.8935326493385886
polynomial_degree_3,14.272750796698908,14.93979039289033,19.410366715474275,4.196372491436029,23.2430922752727,0.7358889796250998,0.6797099586670033
polynomial_degree_3,14.454147419830923,14.06697918855579,20.040901513827755,3.156961606154767,17.24663493952796,0.6967566944826588,0.7228076549111229
polynomial_degree_3,14.83312797725868,14.565167905675194,19.756628877826138,2.0756904368249685,1.5304301872612633,0.7653117745350456,0.6441677672098163
polynomial_degree_3,14.511118992042984,14.46875519474303,19.6919933502133,3.262205087996752,20.424249718687093,0.6447936784708312,0.7686355155164583
polynomial_degree_3,14.658004549146622,14.574979565373873,20.115198088574402,4.381706823915963,33.499946084547155,0.6534003993138271,0.7821648970801809
polynomial_degree_3,14.511469417348845,14.469800356452248,19.182493745188676,3.670258704355083,-3.1843981625908144,0.6863145701932812,0.7275038093858645
polynomial_degree_3,14.908406340227327,14.880915637456441,19.894643442994347,2.62234641289164,-5.294312756875738,0.6906210874088361,0.7233354415083635
polynomial_degree_3,14.9347677528758,14.636158251080953,19.327271197931644,2.7452935447886446,27.44985027149128,0.7565409478939328,0.6539506156836861
polynomial_degree_3,14.350867224427772,14.137482735602939,20.490533436815507,2.1185204821820145,34.503697756345936,0.9374713718387421,0.5865090658146337
polynomial_degree_3,14.04047820910629,14.530433029687089,20.489971274005182,4.565539839491769,21.414873902215856,0.8159323381272354,0.5884739606769736
polynomial_degree_3,14.254692719750654,14.749540807221022,20.39009911392488,2.6739783456839232,1.2515618765933532,0.7605146825899128,0.6493583559411457
polynomial_degree_3,14.478648512541671,14.541231777787686,20.276683368664116,3.9520715996399858,15.280732762252473,0.7247714521638735,0.6898394300516499
polynomial_degree_3,14.83665413647601,14.871112070688437,19.777237157351966,3.096037191015497,11.658399672153497,0.7646834736524435,0.6475119163712179
polynomial_degree_3,14.541269878826391,14.91615494626189,19.062443082254415,3.1330355228231523,21.475392593557288,0.6508554917436614,0.7597399598420153
polynomial_degree_3,14.591955981638986,14.583831964207569,19.674767520863774,3.9580407408283556,27.707779576130555,0.6781016614556319,0.7360918200272146
polynomial_degree_3,14.725189613541303,14.142055181354033,20.071021443031025,3.064752075476613,-9.031141751227763,0.7176536474805423,0.7291081772109018
polynomial_degree_3,14.17063429375739,14.220505005939815,20.19159127134456,3.3870634809020155,33.30625689048933,0.749763304394768,0.6856502710919332
polynomial_degree_3,14.337600625727244,14.274975424623594,20.485807649766556,2.0045852839416147,20.190568415545002,0.7732696935992553,0.6346774757432447
polynomial_degree_3,14.679660964470942,14.532930644817299,20.150228665632028,3.2574328485370936,6.213149842206796,0.6907308199568865,0.7266328011026328
polynomial_degree_3,14.840572987551937,14.376742014657392,19.175149613624516,4.519343408039583,15.489279179903168,0.8088514983783827,0.6041369418561556
polynomial_degree_3,14.414289379551438,14.936591525011703,20.485889893292594,2.073435307859423,-0.07929760038046751,0.778467954923618,0.6276888371884046
polynomial_degree_3,14.51364023977546,14.531877252721106,20.18799735367745,4.2311617874477605,-7.446280798113591,0.5050696307179947,0.8633112171741653
polynomial_degree_3,14.693980248159653,14.752514193034461,19.636621794104443,4.442969716190247,18.553306343555445,0.7748853711344786,0.6407226660946987
polynomial_degree_3,14.665713780739114,14.174027770476876,19.098514489983998,3.1679466935488585,-8.191877384697184,0.6522803368331271,0.7779350349548826
polynomial_degree_3,14.863542090775185,14.656330767063833,20.368038346187404,1.8263851121710908,17.249504513087825,0.8587491492634575,0.5181004509137185
polynomial_degree_3,14.475731641656616,14.29994510822664,20.01172943663262,3.4492481974722846,34.720319953375906,0.7108771918865345,0.7612726949744558
polynomial_degree_3,14.744412367901868,14.16398473761571,20.381051496076875,3.6293406146209435,4.6998651355368075,0.7391409916355622,0.6736283460255197
polynomial_degree_3,14.30992747690675,14.219718112725614,20.408738728553065,3.4846074868902543,28.961720906060876,0.7011043921644651,0.7165846259530881
polynomial_degree_3,14.570983842482045,14.69056631365304,20.42026346596437,3.173304726784666,0.49394073116577353,0.7303947546715837,0.6830272167921569
polynomial_degree_3,14.492507780480551,14.261965197904619,20.344378528107754,2.8697352570925854,13.30988080028559,0.746616347439352,0.6741790125509611
polynomial_degree_3,14.890067115032826,14.192718415842496,19.91524079301699,2.44389637144127,9.995656609368254,0.7700683974521381,0.6403484890937886
polynomial_degree_3,14.00480619782815,14.016445527347853,20.085657793657514,3.883083233976402,13.013000650519956,0.8186863632679774,0.5755821484018812
polynomial_degree_3,14.7967342620547,14.1329709069415,19.909835540815244,2.762885152434312,0.6430313975368414,0.7831181817855771,0.6245780023201618
polynomial_degree_3,14.933676235974593,14.835487949706561,20.195830029764483,4.434738549189278,21.06552458480998,0.8196771461598786,0.5851999089309771
polynomial_degree_3,14.052996413396018,14.751542275613465,19.045424007373747,2.105524509907022,22.60863104095374,0.7915259092511655,0.612552491956863
polynomial_degree_3,14.725687730632092,14.518633231486527,19.087518400810506,4.177196888513585,26.566107920477776,0.7350068231317921,0.6785544562216921
polynomial_degree_3,14.571752967961544,14.053859410908013,20.01488452144963,3.9729841616188004,6.5676757513063535,0.7531350191209397,0.657869816725338
polynomial_degree_3,14.765832458386406,14.563328253834651,19.24877817930381,2.4720766753275845,-3.609553216132457,0.6951601717691888,0.7189541829362124
polynomial_degree_3,14.750149870256447,14.51987956904453,20.002308243063915,3.7512215042493757,2.097864998794055,0.7046941977157838,0.7097140246577728
polynomial_degree_3,14.64383905718916,14.969425274683271,19.145145804937833,4.439421000985968,17.570751893621193,0.8142843157446377,0.6008670850188769
polynomial_degree_3,14.27118265428295,14.064787547204686,19.084993211536972,2.922610792213626,4.2139452490840466,0.6662586118987218,0.7460878423292175
polynomial_degree_3,14.315011891436333,14.466497653534073,20.107545064040053,3.7707493966193946,10.473483257672235,0.7363657486826988,0.6794792686499299
polynomial_degree_3,14.91687755767704,14.87210033758735,19.26959209755131,3.044382383070725,11.35603702474485,0.7770984181879342,0.6296467791923851
polynomial_degree_3,14.51007251681456,14.046093324181813,19.905741456300387,2.388546049601141,32.3059744972064,0.6206248110607515,0.7841076736647482
polynomial_degree_3,14.133611787897,14.200201590534697,19.483961163088345,3.9080988494394306,16.09202746734962,0.7739251436096871,0.6344347932423019
polynomial_degree_3,14.641581655377696,14.872847203939672,20.038375806011818,3.67804222956258,8.954853301438149,0.7268113798812921,0.6894228964602999
polynomial_degree_3,14.112368265939823,14.071335559716061,19.820717333769785,4.09029240767433,-2.1039654363426843,0.7810735725865534,0.6303982873926303
polynomial_degree_3,14.112874124955036,14.846407100170515,19.670567269235665,3.7049124874021833,24.31811194314423,0.7059680177406337,0.7083413395533074
polynomial_degree_3,14.662791271409121,14.807543370392855,19.118577573469167,3.2984532709541754,12.503911582527031,0.719790995587041,0.6966517891592615
polynomial_degree_3,14.72262603481053,14.357909280927716,19.01683819488032,2.311176716218018,9.649787491448862,0.7319314939136257,0.6838278152739736
polynomial_degree_3,14.538798731207367,14.161088039984756,19.261851092292318,1.979900014832868,10.750950343480618,0.79410156953256,0.608323063785152
polynomial_degree_3,14.977977234927286,14.462804277660501,19.02538544926891,2.8599917950171236,17.12264363670729,0.7487328548544733,0.6628759808404884
polynomial_degree_3,14.137575448362593,14.128838131471756,19.32889387569523,4.462716736862778,31.974691183057033,0.837238837942552,0.6076689074394465
polynomial_degree_3,14.001683007857123,14.658161410622704,19.117587159290856,2.836077910734807,19.864844078292293,0.732185122552749,0.6811096099749867
polynomial_degree_3,14.54664241126267,14.080159691129081,19.618628062408124,2.9995478624815295,31.39610881190213,0.5672212072917736,0.828535167346392
polynomial_degree_3,14.02870549858922,14.417901846445721,19.708826245529384,2.501090201015792,26.867766361207273,0.7948049822206783,0.606874278331408
polynomial_degree_3,14.037461053946794,14.794048590297384,20.38275848668971,4.247516427631372,27.22773886560242,0.7367442024408735,0.6762656073641715
polynomial_degree_3,14.915117262928115,14.986368428068403,19.07565110652753,2.7571408040123835,20.238223208801855,0.7921861551823423,0.6159801704286266
polynomial_degree_3,14.017164763425162,14.677643105648572,19.6256893712711,1.999021369146178,32.149943919010724,0.6682515352767656,0.7504301085928087
polynomial_degree_3,14.10152229098503,14.807404194379389,20.359708749910677,2.3149846256808235,5.640342019708193,0.7691090557370828,0.639687544878798
polynomial_degree_3,14.276012744529,14.486691863258354,19.298030811802462,3.914422242263436,-1.282701454060053,0.70836762568601,0.7073489751954272
polynomial_degree_3,14.385726281273136,14.955677070313408,20.364355735857615,3.433201191429128,21.0996468539456,0.675354230698727,0.7420363471304338
polynomial_degree_3,14.852405657990515,14.011285184102812,20.084011195722017,4.089293632964892,10.63308973239236,0.7702485527323395,0.637843116321889
polynomial_degree_3,14.88541666988252,14.293527435724009,19.77038412132334,4.31636960959127,26.923928652274775,0.7235755759614444,0.6905015443008091
polynomial_degree_3,14.803780603911962,14.426387308886678,20.257579688168033,4.302528872031275,27.638637817453976,0.7281279400897496,0.6857329544572174
polynomial_degree_3,14.094538636601275,14.141951845885185,19.505033616909845,2.108143354961369,-1.4556228307691388,0.8107205232589363,0.5917776054550634
polynomial_degree_3,14.391627915347572,14.838733629811479,20.39584060320847,3.483877511901155,27.004542604361383,0.723586179720701,0.6942467459371368
polynomial_degree_3,14.291023979832463,14.91694135429975,19.868622624782386,4.4549053279693505,6.851243275857787,0.7805768199126705,0.6290278194136245
polynomial_degree_3,14.966856867296643,14.638978739058901,19.132742919886475,4.381627622418084,2.056656648328916,0.8183527716071938,0.6021606258546089
polynomial_degree_3,14.717740602519884,14.114592740285774,19.79444647472276,4.4020843907418,-7.982470370855085,0.7440951058540283,0.7057257465215933
polynomial_degree_3,14.244026804000272,14.733200671658818,20.000623571470555,3.710743983768926,-4.109546424607922,0.712499536886194,0.7017442078549103
polynomial_degree_3,14.546611890769153,14.333364316839297,19.83757003163587,4.361329227322033,3.9892177164741476,0.8398925552672111,0.5706831379883426
polynomial_degree_3,14.706458444120656,14.619059076104522,19.67602668994658,2.3155522114896976,13.379536086918534,0.7760804534271565,0.6315206051474859
polynomial_degree_3,14.940685379907691,14.606663706099289,19.52195475428724,2.423441228425841,20.277925736725408,0.7716877426285308,0.6363010814720046
polynomial_degree_3,14.720827379064291,14.817691612980166,20.07854856197364,2.26353577402335,15.881479450706195,0.7978133182619722,0.6030886951745261
polynomial_degree_3,14.191742381710437,14.683144805101385,19.25523205962381,4.014880008529447,-2.4970058279501792,0.7539502723969426,0.6631432284113103
polynomial_degree_3,14.353756565792041,14.3052517978002,19.959807382177654,3.687372011702772,9.972754330730158,0.7264760198994875,0.6904933459459991
polynomial_degree_3,14.705409049258176,14.924009237994678,20.121270544051583,3.186395409120786,18.02330735963931,0.7287467916777627,0.6873132369827458
polynomial_degree_3,14.260099350355995,14.924290621811982,20.34510007671931,3.759322516871002,9.747474524810631,0.7396464060525212,0.6763763842342865
polynomial_degree_3,14.210443082517589,14.759301551600418,19.37371193190957,3.232243037920457,-2.6483258399230953,0.7077613489746528,0.707101875227774
polynomial_degree_3,14.653897475439566,14.361981929438144,19.60752432526467,3.8434722942637265,13.96732750366089,0.7265612595937723,0.6879686569572989
polynomial_degree_3,14.051844459382426,14.83978060888088,20.2491278912792,2.9987305681311414,0.6719016699264824,0.7889221761439947,0.6174276624177301
polynomial_degree_3,14.359392417184704,14.234731993510152,19.566289956767633,3.015960625785012,4.6660303844469,0.6667887403040632,0.748544886064451
polynomial_degree_3,14.435962450959735,14.989174049054213,19.229941804735855,4.060918880281205,-7.324367652207158,0.5548307248199714,0.8332168508253329
polynomial_degree_3,14.423844560955938,14.158016602142222,19.542585940917654,2.029851822199908,14.608611989272159,0.8092886274060702,0.5878819434499237
polynomial_degree_3,14.019322413884076,14.98845285698662,19.60798386022818,4.553561018159836,11.63384936660217,0.8074100159806783,0.5999243607101139
polynomial_degree_3,14.44433672631116,14.7428290997027,19.415441270036524,4.226814283210702,-5.155639688408128,0.5554877958856037,0.8334780115263172
polynomial_degree_3,14.50949719083644,14.608403303456964,19.081559464461463,3.7229206373424137,0.28994187661181847,0.7177443815363712,0.6994704249402443
polynomial_degree_3,14.937419500378315,14.860029936282638,19.026089865043573,2.5423336466150652,22.606711017952023,0.7963625077047602,0.6121344554304465
polynomial_degree_3,14.996477428341224,14.131250405298939,19.75767913222674,3.8178519977633325,12.404387851562422,0.7612416821551118,0.6485412595379405
polynomial_degree_3,14.24800016542289,14.45230899414911,19.064372263780466,3.6063965772342823,-1.4578827142568827,0.7490538844549449,0.6676213276993171
polynomial_degree_3,14.28530980849621,14.245210248517111,19.84592187292151,4.490037180248842,30.577669208569347,0.6616155729333134,0.7498576914569903
polynomial_degree_3,14.08041705078562,14.536317336777987,20.160638861192894,2.1076141811027407,21.383560758380806,0.797946566767593,0.6027951002796905
polynomial_degree_3,14.504076819462359,14.219397697325801,19.10792801773272,2.3898338845595015,32.93937985508765,0.5710186012000311,0.8259137920964641
polynomial_degree_3,14.71454340059274,14.520389841488816,19.944067545388446,2.8212770629952084,23.596279100526623,0.687756084421454,0.7294075796148936
polynomial_degree_3,14.817232148607777,14.156179695946623,19.21302874885915,3.9847525660116956,11.730874136813501,0.7438149032532182,0.6683916538945882
polynomial_degree_3,14.588894207636361,14.96638023413683,19.83246594088636,3.8220600505625164,5.945373333931126,0.7370495527338404,0.675849508303816
polynomial_degree_3,14.064959626190321,14.209953843031307,19.031021420744512,2.1958577276201416,33.097565502400585,0.9131512732604887,0.5715227227612115
polynomial_degree_3,14.51953223999758,14.43058347267923,19.544890217026307,2.2199471557491193,-8.77105437586819,0.6656781234440282,0.7995815677918541
polynomial_degree_3,14.187202666487376,14.326621779941288,20.475298157163714,2.082533308534946,-0.8038103846363462,0.764854008879537,0.6445003492880981
polynomial_degree_3,14.071850907778487,14.396888210668928,19.088260532213525,4.298802176477527,30.21756530947966,0.7098181771812028,0.7072445029915695
polynomial_degree_3,14.563192168053316,14.4314060354926,19.46461469176581,3.0267356403586003,33.52204082333302,0.5015243951963123,0.8698274974483718
polynomial_degree_3,14.424323809714519,14.553154763952852,19.469592800223836,4.448304386132525,24.87912069305839,0.7242093345104663,0.6927431560142184
polynomial_degree_3,14.528778946474963,14.760727620919283,20.45823111358232,3.6117293994424666,-2.781485515338902,0.7264578220466928,0.6872584155869655
polynomial_degree_3,14.294437476655553,14.877198343618819,19.269982005025398,2.7180671453559198,30.223930450219335,0.557927052786485,0.8391670368488493
polynomial_degree_3,14.614648627491936,14.855986256374218,20.222532521009718,2.885792958577198,-3.368446966176048,0.6730239234424624,0.7445299100272724
polynomial_degree_3,14.989559741522209,14.750924876803767,20.082892997340764,4.5293943776817835,-2.3823803557179595,0.7909156202645089,0.6218414636850508
polynomial_degree_3,14.665152854410914,14.980522517099697,19.02560266084829,2.834252341974273,8.631900791060222,0.705398918238061,0.7114775876263473
polynomial_degree_3,14.090166243963814,14.305254821290184,19.10630914085434,2.5573290002302453,4.156496130303468,0.7836198945896903,0.6266283366046395
polynomial_degree_3,14.427312252840334,14.674861340332535,19.89996821277692,3.6749601271016905,-7.305842208937236,0.5397376944944074,0.842850859220972
polynomial_degree_3,14.16257140676867,14.457236947676524,19.50535836961717,2.571016231551788,21.87710228449906,0.714231051185447,0.7004588175438988
polynomial_degree_3,14.370356438038472,14.18399302578935,19.562355084669797,3.056777105894927,19.662580091969087,0.6636707309274591,0.750640981729192
polynomial_degree_3,14.935032496355468,14.221423840749868,19.62116198785313,2.5012696686788627,-2.4309208401330578,0.7841399356882044,0.6239853123522032
polynomial_degree_3,14.526321301604678,14.810040856214858,20.102249478922598,2.1932714439759993,4.6972093432524975,0.7274559920697397,0.6884696032584116
polynomial_degree_3,14.715639300522643,14.897928570001268,19.916285744332182,2.4215895895545048,18.22255335912604,0.7493266954718474,0.6630528805039763
polynomial_degree_3,14.9581664203369,14.534541949735717,19.663039726385573,2.734709466078007,5.1292996855522475,0.7513765922203494,0.6599087340639835
polynomial_degree_3,14.082335136948387,14.238926500538339,19.997121408893747,2.203919586421483,26.66771109290731,0.8222406067726116,0.569882667840309
polynomial_degree_3,14.806915892377464,14.468820640146545,19.432467695321915,3.1771587513411164,13.077285724332533,0.7410176171772673,0.6745142394048635
polynomial_degree_3,14.704101048653497,14.448731442739572,20.0053882663821,1.8657386271833454,32.58182623167909,0.6006813729969582,0.8033682982681395
polynomial_degree_3,14.630616985144593,14.24576549864017,19.9180068877993,4.410180114244449,25.194031296024036,0.7225533844308024,0.6923696078830788
polynomial_degree_3,14.686040673126284,14.257081066556248,20.05232767662386,1.8016014519822239,-0.5426024673800427,0.764309100586952,0.6448900703484783
polynomial_degree_3,14.462044309140854,14.092058133733685,19.271324090539544,4.523336816571231,-2.7500722712207084,0.6677384548211481,0.7450461114562505
polynomial_degree_3,14.526350507161865,14.118586402204846,19.02690674849092,2.120160506234999,5.98656717646559,0.7279945985720556,0.6856991291044924
polynomial_degree_3,14.985022473976036,14.734037942820418,20.146639912701467,2.783689515759883,10.456775597001723,0.8041432693074777,0.5947731080181483
polynomial_degree_3,14.724659447733053,14.686657585739937,20.38421425477242,2.538236378508775,19.317373036458513,0.7240906507077278,0.6936184324485711
polynomial_degree_3,14.307659190716869,14.772276995573911,20.466846425894374,3.280636944575714,-4.384234692802821,0.6531868478299355,0.7640685119846727
polynomial_degree_3,14.02973126367687,14.025538107463502,20.14144097448916,3.2477806815015775,-7.7459003060657885,0.7315458363183516,0.6894744662965495
polynomial_degree_3,14.53794914779161,14.93291302154701,19.912676895864333,3.7528380058511273,-6.484659887021643,0.5617605607239914,0.8324306359740468
polynomial_degree_3,14.634718991437285,14.466044377714338,19.0655936509228,4.2653259823752565,12.876511950586842,0.7654753813478061,0.6442499145835275
polynomial_degree_3,14.0568739108334,14.787368712001092,20.303765664728836,3.2676591639346855,8.233222756860407,0.740184042993809,0.6755369060367162
polynomial_degree_3,14.624819063970907,14.825695185308469,19.03431669850782,2.543972382224111,16.224987453348884,0.723541524376909,0.6913957851523493
polynomial_degree_3,14.765452634374183,14.125969460113064,19.170806585197482,2.7571110964864456,23.539278848161402,0.6595624383746572,0.7533574409960913
polynomial_degree_3,14.81570629868894,14.900065226520603,20.20674194910611,2.9232363381399376,-3.929430075152627,0.6565618092052778,0.7593630350849798
polynomial_degree_3,14.468720639638638,14.136643629156396,19.800327419088603,3.1693396568174887,0.5265970704226266,0.7229360455465731,0.6911655911280822
polynomial_degree_3,14.371091007336146,14.369541753260268,20.184312114755596,2.297877312523565,18.08646195311554,0.7513973896526768,0.6629168828201423
polynomial_degree_3,14.267474634679786,14.545140488964275,20.165103041679178,3.1348197947947245,-6.329112268248105,0.6315484893333818,0.7770319566994427
polynomial_degree_3,14.990626229659135,14.362303110181731,20.04599750926905,2.272529133680457,19.423179167393172,0.7686968612767449,0.6396142596599392
polynomial_degree_3,14.253433217963563,14.236488074999425,19.863799337937646,4.4034043603123445,-1.4036368701460091,0.7386681530386997,0.6764255142148393
polynomial_degree_3,14.006675587219501,14.157223851332557,19.552309325527702,3.810818423645875,30.64685972376507,0.8164382085824129,0.5944760067243849
polynomial_degree_3,14.019009914813212,14.922967118248252,19.285174461495004,2.481761170784985,16.11030825165099,0.7759831683709354,0.630769135410387
polynomial_degree_3,14.630072704899797,14.35510310338421,20.07863529169156,3.7898419777848744,-0.46766933498888186,0.7138413712972368,0.7006330088942067
polynomial_degree_3,14.475369825946046,14.427375911858904,19.885866218548237,3.4547362189853112,-0.798292567147147,0.7110955730058897,0.7034051290790152
polynomial_degree_3,14.586125507710383,14.713613944065363,19.853751359012385,4.567497541861392,-5.98716059150903,0.5047034923322635,0.8641773357909679
polynomial_degree_3,14.455520428188159,14.538753926183912,20.227084973278068,3.803001953275862,34.81589911236905,0.7447746669713365,0.740105987940685
polynomial_degree_3,14.10511949725171,14.576886875217188,19.924473123393284,3.952446426398284,26.28822105080735,0.7419904912181299,0.6704269762527544
polynomial_degree_3,14.226256839271652,14.267874697312594,20.241426712639065,2.67811249869869,-1.6230277342572421,0.7625106931196958,0.6472055459152104
polynomial_degree_3,14.096950131432788,14.161433573290278,19.31056634637625,4.141913286870115,-0.3561472616742396,0.7539747536099999,0.6653290571396684
polynomial_degree_3,14.522334365765797,14.346013588491308,20.124010385294806,1.880201356209478,-4.668507138538844,0.6146106009207415,0.7921719265182685
polynomial_degree_3,14.69110769695438,14.370575675994976,20.050231602393563,4.098368456090469,28.472537901321346,0.6731326774828732,0.7423793761551891
polynomial_degree_3,14.815294440626145,14.99461841695354,19.062787587520237,4.061467669397374,7.147855361520097,0.766098281632806,0.6488147123502163
polynomial_degree_3,14.977275980490646,14.280036319256332,19.231682426250853,3.3171933578278283,5.12318878953239,0.7452362586721,0.6689463647654509
polynomial_degree_3,14.857310982339735,14.101641160431306,19.07403991117405,4.465003843091514,28.64859842121787,0.6695848852799232,0.7427770324775458
polynomial_degree_3,14.361339747844484,14.91107155122219,19.329695490150694,2.6805161790222263,29.442235110703315,0.6167352548023189,0.7951953951324531
polynomial_degree_3,14.14312983916808,14.934074439755468,19.882841287624586,4.487414886767675,5.252719342180951,0.8026566566190795,0.6064030571387516
polynomial_degree_3,14.642443763390819,14.078061675537946,19.97330051618749,2.2851857277359673,2.008740276685547,0.7579060193569556,0.6523891609143644
polynomial_degree_3,14.244550391981232,14.634697246008527,20.49281015886474,3.651700088625284,0.5566654060813949,0.7205672268283435,0.6933964657335383
polynomial_degree_3,14.972755085150498,14.75290064246854,19.35708170867327,2.0710316233246013,10.023637121029054,0.8462823765024307,0.5368306078175659
polynomial_degree_3,14.449530338117672,14.326730954540468,19.99688873197189,3.620193420570061,20.78919174372522,0.6621224587338852,0.7514580241811181
polynomial_degree_3,14.870967300947763,14.902732434131641,20.257762013973682,1.8696422489594726,-3.304864688620394,0.7840401383693688,0.6212266705124326
polynomial_degree_3,14.449155107788703,14.83066125912863,19.10884961015797,2.2919853863465143,-0.9173464707335768,0.7417658292915384,0.6717502287648052
polynomial_degree_3,14.463803323687966,14.074869976341768,19.873761498733842,4.417515226031871,2.714230187327688,0.8286649478259498,0.5799321250220564
polynomial_degree_3,14.439456775802226,14.219335754782668,19.194510869943894,4.02422121160881,21.412551140014468,0.710134323091077,0.7057326672026275
polynomial_degree_3,14.689770596353085,14.99610528159287,20.254976299437615,3.721743683429393,19.042811230616906,0.7316118475193858,0.6821251485220182
polynomial_degree_3,14.79397480531431,14.03564881043127,20.278866557484413,2.9840771509593242,1.2238088042656692,0.8003166614559232,0.6037345195144959
polynomial_degree_3,14.59317390262493,14.185225511918485,19.783990414086205,2.874227680450927,22.175438304612307,0.6569952512204523,0.7602688084026201
polynomial_degree_3,14.52569847102448,14.039351698786668,19.73232418446687,4.527593884310391,31.885911796544185,0.6087449784258722,0.7952325717236427
polynomial_degree_3,14.994905226578199,14.682603861559711,19.72093542596564,2.739591472416003,20.718902618391645,0.7668580336975079,0.6427733675933666
polynomial_degree_3,14.166237056774163,14.035659739334672,19.732472862473035,4.449551006375868,9.925457874607016,0.8026340707407252,0.60114405664379
polynomial_degree_3,14.726940238834567,14.494937980505423,20.409768545012945,2.006818442480582,-7.8357892720208655,0.6600630033257182,0.7699419134158128
polynomial_degree_3,14.708087254887339,14.872008649559849,19.777959000949558,2.810069712851396,13.566993015607515,0.755181502334775,0.6597616083691243
polynomial_degree_3,14.835453729330442,14.020173786825806,20.413014676163456,2.8743923367730737,-7.10942122691374,0.7478636766794116,0.6687217504571035
polynomial_degree_3,14.378572200715107,14.389338686046816,20.233991135359755,3.4137575356334198,-8.733844522167747,0.636345903902896,0.7805353417658334
polynomial_degree_3,14.135729267744065,14.844541340249107,19.368277779556998,3.245755735890513,19.65619333703928,0.6767271623433414,0.7373191661072293
polynomial_degree_3,14.441017648088767,14.812716885333108,19.194548682620752,3.8521939160076784,19.438627119686785,0.6923534032842902,0.7215921365824763
polynomial_degree_3,14.038888166793686,14.882516098568235,19.03991997345934,4.416977810163686,14.6385302288679,0.8033715048249404,0.6113944295196122
polynomial_degree_3,14.732579850190298,14.107539001215354,20.154944504282337,2.811852880495544,5.632811830647727,0.6928522989603559,0.7270545262735802
polynomial_degree_3,14.944538732444673,14.281318746796966,19.55330900791305,3.1653117052123454,-2.7420820743259693,0.7387498260954111,0.6752476821388632
polynomial_degree_3,14.536167030036355,14.557463724518637,19.768128682931444,4.5811287752662295,27.73217494479747,0.6911636031779483,0.7227135137206872
polynomial_degree_3,14.07838836611526,14.082722381240686,20.010586480011963,4.056837500288647,8.957090762687116,0.8013588441683279,0.5994513028590359
polynomial_degree_3,14.810538104186685,14.458026322930683,19.533355149645683,4.572004916955695,25.890544695356063,0.7558273605862358,0.6601147701820475
polynomial_degree_3,14.32860653456607,14.589154046066728,20.124089614287374,3.3813729042257896,30.431911241985745,0.5752847978825308,0.8291643714873751
polynomial_degree_3,14.9003091701653,14.205613551753908,19.64230035865102,2.3974438633954778,6.063576909561743,0.7449424236731377,0.6677457396061097
polynomial_degree_3,14.327239500003364,14.070779843946564,19.36414985619835,3.6694022749702686,-7.906110438494601,0.5853495589366887,0.8143574562896632
polynomial_degree_3,14.783931252349653,14.322438721732977,20.232582445554577,1.9713398012741374,-4.616733876172722,0.7513834172572614,0.6612174715757533
polynomial_degree_3,14.445778386921809,14.585646106455586,20.219155582248586,3.4399518670733964,9.188348310816316,0.7144497714300718,0.7066480621607973
polynomial_degree_3,14.555188523410576,14.45440845517557,19.464792243193507,4.054356567637496,-3.4342075900099918,0.6725639739253456,0.7405983824345045
polynomial_degree_3,14.394495019796047,14.17096019177556,20.202160863082412,2.8086463099673975,8.817460754669575,0.7102016422346866,0.7158735289044111
polynomial_degree_3,14.115632902457232,14.824601148040133,19.57195948421196,2.911972615363675,27.09969755892643,0.7112521390338628,0.706189209220109
polynomial_degree_3,14.043971297778754,14.74909826278084,19.196424496709607,4.260783934588208,-2.7579071558328287,0.7838363899185598,0.6343651427726015
polynomial_degree_3,14.876779016177252,14.938235941239604,20.299373350827928,3.223624544255318,28.502203249382532,0.7850532676245935,0.6195227919914654
polynomial_degree_3,14.03311642089264,14.875996201468878,20.063802354992298,2.26457628631341,28.840529857967276,0.6925634402507236,0.7318287896581892
polynomial_degree_3,14.701857608580971,14.821068908928634,19.3777902540835,3.076856878870137,28.53878235309105,0.7030200163835696,0.7122564418197136
polynomial_degree_3,14.616810998409195,14.068692109822154,19.659083160813026,3.7403387558320773,27.44064186370919,0.6902320802102534,0.7247835400333811
polynomial_degree_3,14.480308853684722,14.953574517339648,19.98012844143949,4.5856102447838145,30.75816612663443,0.6284154091028864,0.7782583268638982
polynomial_degree_3,14.263637087635376,14.927743336850643,19.575297344282287,2.924192107397123,7.671799350313599,0.7009208057479055,0.7179061885015924
polynomial_degree_3,14.718750206190926,14.831143700081888,20.186670963181616,4.0116001496168785,25.432345942596548,0.7491743679832589,0.6625080222914121
polynomial_degree_3,14.711617526605849,14.876623160682225,19.144619430518244,2.33086345368624,9.600392380572544,0.744186376763387,0.6694788576870797
polynomial_degree_3,14.90301950907455,14.62772170696358,20.28518031971783,2.0463745605976325,30.001492896507017,0.7479511210247952,0.6642288946983412
polynomial_degree_3,14.194089435210188,14.802081856057287,19.033255336727418,4.502200142313536,20.01814426919975,0.7860292060331363,0.6361203540495041
polynomial_degree_3,14.891900291599194,14.23733132600623,19.17257358343831,2.9156937148822233,-0.30205709331203323,0.7624211788636086,0.652735921854769
polynomial_degree_3,14.873624037705454,14.437032845702106,20.223061290760672,3.5902999504853117,2.3277218258604258,0.722970280464495,0.6912431655353365
polynomial_degree_3,14.835650416644219,14.634919014334843,19.563880373413628,4.367279802369681,34.60965417052444,0.9357974510817813,0.6201844510142074
polynomial_degree_3,14.735561843065776,14.457499375608014,20.053729592028123,2.8606698893750626,30.76273427742484,0.5644292519488587,0.8364182576538212
polynomial_degree_3,14.950804917439969,14.524560757683156,19.4330053134058,2.569784406735811,17.150510681402825,0.7656463794373637,0.643266910016191
polynomial_degree_3,14.910606193614015,14.71218275726322,19.785016803457207,2.110332647866741,10.327817369912218,0.829885855664101,0.5583860296008643
polynomial_degree_3,14.090081597434471,14.265941708526679,20.043900357749113,3.3436656814818004,12.470569807193911,0.7787551713823766,0.6286269945182903
polynomial_degree_5,14.049036981636736,14.406357587649067,19.934442649416017,4.412306335569563,-6.073850924022667,0.7775977502807272,0.6481027384749933
polynomial_degree_5,14.950600016619408,14.255915606077838,20.43457158769494,4.539273133176363,31.620476098709638,0.6122578858559826,0.7907199473759303
polynomial_degree_5,14.008078855085387,14.0876197150333,19.678192960080672,2.45148234251169,-7.88602362828924,0.7848267374454938,0.6697412992301796
polynomial_degree_5,14.838213460028115,14.887645307191463,19.158764924244288,2.0450844677740214,30.14512027481402,0.8344014093250147,0.6144179212784474
polynomial_degree_5,14.724982652476276,14.756278623617904,19.85548085536333,2.976638964461241,-3.2276471280388535,0.4926143457018749,0.8753242349381783
polynomial_degree_5,14.651574939405862,14.766532510491885,20.194280075415858,3.873205184168964,29.21619180041145,0.6354678610614969,0.7722560746027972
polynomial_degree_5,14.15146417424112,14.976032243263049,19.292417369370924,1.909955870092023,-6.4166997999400675,0.6992994748842445,0.7370047228140776
polynomial_degree_5,14.083020143899821,14.818202853062438,20.433759292957273,2.452702928027689,29.449053037837132,0.5952863511224775,0.8035237315289125
polynomial_degree_5,14.18528731906694,14.028198685677129,20.029076150037298,2.3909124624179685,-6.296300675518628,0.6138794344868448,0.7910493041777027
polynomial_degree_5,14.449320232106652,14.912903345162109,20.378786083341442,4.257794471797101,13.121181738923376,0.6686979684022197,0.7437207244740006
polynomial_degree_5,14.89904205385233,14.967465381952369,19.54523055904428,3.6456146838706442,-2.4296047799365468,0.696085861090744,0.7213352479499177
polynomial_degree_5,14.829741827895699,14.02707864209815,19.381131092466358,2.350418576947532,-2.5309039912847373,0.728025071090475,0.7056937494708125
polynomial_degree_5,14.984736717567062,14.259145246717921,19.593935089326735,3.3992595892237554,16.1564620219289,0.7078478978670901,0.7098188783478422
polynomial_degree_5,14.571637705934952,14.027565359928364,19.459373647893592,3.54563636623484,-7.994223298896561,0.45143699313416513,0.8929217495265305
polynomial_degree_5,14.180487784177538,14.357902645368208,19.398935995428293,4.489289453024101,21.855717803978667,0.7260254368407992,0.6931385409601767
polynomial_degree_5,14.571360005270213,14.397718799826658,19.252398723074847,3.7317249769191445,1.0890208231152023,0.550753794195396,0.8360755580510874
polynomial_degree_5,14.915194672536636,14.33013371527607,20.023809921691694,1.9370876076160815,6.57020955219744,0.7758067658606604,0.6419525155550829
polynomial_degree_5,14.80459499791461,14.889848613464698,19.4835237467087,3.671440171525946,11.988344767847114,0.717566950722668,0.6990112714245291
polynomial_degree_5,14.791364453979494,14.765836395414443,19.340933759029138,3.888672500851337,11.204558766613268,0.7057906859894645,0.7104438189594382
polynomial_degree_5,14.245920754829802,14.439467726746546,20.244333444618654,4.2848531272284465,9.540353201296874,0.6970783718494631,0.7170387230869786
polynomial_degree_5,14.150633250006987,14.247761913498183,20.45448236537983,3.5276789132286432,1.1641656989874267,0.6934870968422882,0.7204728708832577
polynomial_degree_5,14.504079430361093,14.06019194883322,19.295856906054453,2.9125292609411826,16.304347903731884,0.6116883282181121,0.7910992812333605
polynomial_degree_5,14.014829633156324,14.667650480010732,19.85479815830223,1.907242180496867,23.774527533589733,0.7031451398430918,0.717218241318133
polynomial_degree_5,14.117468428838135,14.13194208394615,19.721549958828128,3.4099291762137196,26.760336681697424,0.7755177733468446,0.6423970083955802
polynomial_degree_5,14.138089720689358,14.141928480435904,19.39096433645753,4.260080680883457,34.94013148314971,1.2572208728386751,0.4417468992539209
polynomial_degree_5,14.102848000151067,14.960817761993612,19.29140314565201,4.4844446683277965,23.040015090698702,0.6556673687872829,0.7569748784000672
polynomial_degree_5,14.360008168458949,14.062021480844706,20.376929281735322,2.8893414265650663,-5.148708837512924,0.5124495900368896,0.8616962349760613
polynomial_degree_5,14.42593074104433,14.156539629431812,20.493814924012565,2.586489405012255,19.11347783931282,0.6365341194001823,0.772571931427153
polynomial_degree_5,14.9117800998226,14.380716382272151,19.805868732867506,2.3870059754941657,24.782597407297786,0.6279641926050301,0.7783103540197083
polynomial_degree_5,14.902502855253939,14.57976605948387,19.60672515738733,2.3414486964107675,17.37426106627707,0.7084777082082337,0.7097028476314596
polynomial_degree_5,14.604221099018206,14.058108789335636,19.621282298386305,2.6755755881358407,25.74588221078217,0.5483092731104184,0.8374477342791056
polynomial_degree_5,14.853370640107716,14.943955286979602,19.417792782920973,3.6674591664831904,-4.745900243197029,0.6873770141265378,0.7328662940816738
polynomial_degree_5,14.082425027595157,14.768590395257263,19.950876300472732,3.946578835660854,2.3609123466372868,0.7602443691195125,0.6570125889445763
polynomial_degree_5,14.708723694260136,14.055008980182182,20.107072257394428,3.621052291884947,-5.6813539116538605,0.6574071248627185,0.7538283165194839
polynomial_degree_5,14.014098900109882,14.804765772981298,19.161745138402942,1.8656153762966676,33.364984690059025,0.6248863098367035,0.8230294034012948
polynomial_degree_5,14.631434005960122,14.591859211127527,19.47884007413238,3.7107537778226685,5.9164720029436175,0.6623216089549441,0.749854799496231
polynomial_degree_5,14.278079454376352,14.393288312183351,19.941375087056286,2.4664270674514674,17.46795471553698,0.6379126627330778,0.7701867746780595
polynomial_degree_5,14.494261083762321,14.338119886541277,20.247110394714465,2.6204295880790838,18.538460546452328,0.601712303785542,0.8006755452452693
polynomial_degree_5,14.453186114644236,14.796447123665358,19.522376175496092,3.32300662754234,16.71581904531873,0.5999034751452936,0.8002554948773928
polynomial_degree_5,14.14010117074129,14.94950602340034,19.882453051816825,2.4827897386920323,32.67700332895025,0.40474461796867883,0.9158088503692747
polynomial_degree_5,14.820222340384293,14.768602840584435,20.379435330797516,2.2598496897440334,23.850843190560973,0.7021674790000257,0.7124912637622802
polynomial_degree_5,14.92467917319875,14.561988157944988,20.27175435315676,1.9477554392733605,29.895187524292254,0.7787844759334528,0.6484499063314212
polynomial_degree_5,14.021814241817237,14.375024123747119,19.686396276146073,2.6689643601672266,1.3433631866029714,0.7605052595700738,0.6600109042950815
polynomial_degree_5,14.254521857830708,14.413977508312643,19.856699186366303,4.362392528743438,34.89825361177917,1.0391662048722554,0.6299755020001593
polynomial_degree_5,14.425550748166371,14.103012281295623,19.923842156027444,2.744606682286686,28.83789201088468,0.6051939262045057,0.7962081812242072
polynomial_degree_5,14.9453461421287,14.794282311010742,19.00012938882351,2.825842854135626,6.7748367693659155,0.7583340137138224,0.6700057866798242
polynomial_degree_5,14.220786448339643,14.103488621714254,19.711143532971196,3.820471773833459,4.13742213350613,0.752294688080083,0.6661637174467828
polynomial_degree_5,14.465540540019898,14.203052887246141,20.241872313318844,3.55683373168779,-8.9625638528374,0.4515778605663408,0.8931740720621927
polynomial_degree_5,14.449086980776867,14.302314228335788,19.162735606215474,3.949543181969113,6.191237885274624,0.6676313710597024,0.7453956100132896
polynomial_degree_5,14.465665482340569,14.631103038353126,19.96797418509607,3.562592663968031,32.372845394844525,0.37168750265076683,0.9311653534688544
polynomial_degree_5,14.272750796698908,14.93979039289033,19.410366715474275,4.196372491436029,23.2430922752727,0.6120063443996395,0.7908537012615476
polynomial_degree_5,14.454147419830923,14.06697918855579,20.040901513827755,3.156961606154767,17.24663493952796,0.6204234479320676,0.7845753839832902
polynomial_degree_5,14.83312797725868,14.565167905675194,19.756628877826138,2.0756904368249685,1.5304301872612633,0.6532040878591926,0.759764879833416
polynomial_degree_5,14.511118992042984,14.46875519474303,19.6919933502133,3.262205087996752,20.424249718687093,0.5918974776457004,0.8063013215151917
polynomial_degree_5,14.658004549146622,14.574979565373873,20.115198088574402,4.381706823915963,33.499946084547155,0.48316396117928684,0.8814594611020007
polynomial_degree_5,14.511469417348845,14.469800356452248,19.182493745188676,3.670258704355083,-3.1843981625908144,0.5062420833082354,0.8638813318001836
polynomial_degree_5,14.908406340227327,14.880915637456441,19.894643442994347,2.62234641289164,-5.294312756875738,0.6856848942682999,0.7359334016393146
polynomial_degree_5,14.9347677528758,14.636158251080953,19.327271197931644,2.7452935447886446,27.44985027149128,0.7227073854163754,0.7025918362561157
polynomial_degree_5,14.350867224427772,14.137482735602939,20.490533436815507,2.1185204821820145,34.503697756345936,0.9083938343264586,0.66801842092664
polynomial_degree_5,14.04047820910629,14.530433029687089,20.489971274005182,4.565539839491769,21.414873902215856,0.7705289810742335,0.6414200318100155
polynomial_degree_5,14.254692719750654,14.749540807221022,20.39009911392488,2.6739783456839232,1.2515618765933532,0.6752058381516985,0.7376622149012816
polynomial_degree_5,14.478648512541671,14.541231777787686,20.276683368664116,3.9520715996399858,15.280732762252473,0.629167305205678,0.7776474913050362
polynomial_degree_5,14.83665413647601,14.871112070688437,19.777237157351966,3.096037191015497,11.658399672153497,0.7233862897490353,0.6916947011910436
polynomial_degree_5,14.541269878826391,14.91615494626189,19.062443082254415,3.1330355228231523,21.475392593557288,0.6144892757235066,0.789979503901852
polynomial_degree_5,14.591955981638986,14.583831964207569,19.674767520863774,3.9580407408283556,27.707779576130555,0.5368876994753786,0.8439594136017611
polynomial_degree_5,14.725189613541303,14.142055181354033,20.071021443031025,3.064752075476613,-9.031141751227763,0.5999308671563194,0.8059102096759437
polynomial_degree_5,14.17063429375739,14.220505005939815,20.19159127134456,3.3870634809020155,33.30625689048933,0.7630942469960785,0.6753315762643612
polynomial_degree_5,14.337600625727244,14.274975424623594,20.485807649766556,2.0045852839416147,20.190568415545002,0.7005023304047667,0.7136818459666915
polynomial_degree_5,14.679660964470942,14.532930644817299,20.150228665632028,3.2574328485370936,6.213149842206796,0.6155588672541397,0.7884240274405864
polynomial_degree_5,14.840572987551937,14.376742014657392,19.175149613624516,4.519343408039583,15.489279179903168,0.7058188731053715,0.717301878568498
polynomial_degree_5,14.414289379551438,14.936591525011703,20.485889893292594,2.073435307859423,-0.07929760038046751,0.5014789991303087,0.8680014330942235
polynomial_degree_5,14.51364023977546,14.531877252721106,20.18799735367745,4.2311617874477605,-7.446280798113591,0.33500850435050217,0.9485538220030463
polynomial_degree_5,14.693980248159653,14.752514193034461,19.636621794104443,4.442969716190247,18.553306343555445,0.7236031464582815,0.6954346409858158
polynomial_degree_5,14.665713780739114,14.174027770476876,19.098514489983998,3.1679466935488585,-8.191877384697184,0.5786088482456803,0.8278491328014748
polynomial_degree_5,14.863542090775185,14.656330767063833,20.368038346187404,1.8263851121710908,17.249504513087825,0.8058157815309033,0.6065481158373022
polynomial_degree_5,14.475731641656616,14.29994510822664,20.01172943663262,3.4492481974722846,34.720319953375906,0.5535211319247141,0.8543015084801777
polynomial_degree_5,14.744412367901868,14.16398473761571,20.381051496076875,3.6293406146209435,4.6998651355368075,0.694608954251362,0.7194199427849858
polynomial_degree_5,14.30992747690675,14.219718112725614,20.408738728553065,3.4846074868902543,28.961720906060876,0.6260028855409367,0.7798211762581629
polynomial_degree_5,14.570983842482045,14.69056631365304,20.42026346596437,3.173304726784666,0.49394073116577353,0.6977747346464912,0.7163179164131621
polynomial_degree_5,14.492507780480551,14.261965197904619,20.344378528107754,2.8697352570925854,13.30988080028559,0.6285038754172945,0.7800553501264149
polynomial_degree_5,14.890067115032826,14.192718415842496,19.91524079301699,2.44389637144127,9.995656609368254,0.7050618168974206,0.7108555623012754
polynomial_degree_5,14.00480619782815,14.016445527347853,20.085657793657514,3.883083233976402,13.013000650519956,0.8166156063308662,0.5910190883560417
polynomial_degree_5,14.7967342620547,14.1329709069415,19.909835540815244,2.762885152434312,0.6430313975368414,0.7522644210870199,0.6643394122634784
polynomial_degree_5,14.933676235974593,14.835487949706561,20.195830029764483,4.434738549189278,21.06552458480998,0.8023955892854928,0.6079120642802012
polynomial_degree_5,14.052996413396018,14.751542275613465,19.045424007373747,2.105524509907022,22.60863104095374,0.6782917023511458,0.7373407303103157
polynomial_degree_5,14.725687730632092,14.518633231486527,19.087518400810506,4.177196888513585,26.566107920477776,0.617257731214458,0.787461750013243
polynomial_degree_5,14.571752967961544,14.053859410908013,20.01488452144963,3.9729841616188004,6.5676757513063535,0.6772412146936131,0.7360499086999429
polynomial_degree_5,14.765832458386406,14.563328253834651,19.24877817930381,2.4720766753275845,-3.609553216132457,0.6599003295484569,0.7591733598435477
polynomial_degree_5,14.750149870256447,14.51987956904453,20.002308243063915,3.7512215042493757,2.097864998794055,0.6240122147097159,0.7817142593062193
polynomial_degree_5,14.64383905718916,14.969425274683271,19.145145804937833,4.439421000985968,17.570751893621193,0.7386338568719322,0.6851693284836519
polynomial_degree_5,14.27118265428295,14.064787547204686,19.084993211536972,2.922610792213626,4.2139452490840466,0.5838191065386833,0.8120248125406293
polynomial_degree_5,14.315011891436333,14.466497653534073,20.107545064040053,3.7707493966193946,10.473483257672235,0.6718155077783248,0.741029895688496
polynomial_degree_5,14.91687755767704,14.87210033758735,19.26959209755131,3.044382383070725,11.35603702474485,0.7563697659092715,0.6629636606722612
polynomial_degree_5,14.51007251681456,14.046093324181813,19.905741456300387,2.388546049601141,32.3059744972064,0.5570685388033805,0.8304898844260478
polynomial_degree_5,14.133611787897,14.200201590534697,19.483961163088345,3.9080988494394306,16.09202746734962,0.7573603606356542,0.6617818859952889
polynomial_degree_5,14.641581655377696,14.872847203939672,20.038375806011818,3.67804222956258,8.954853301438149,0.652798100576887,0.7579969298358357
polynomial_degree_5,14.112368265939823,14.071335559716061,19.820717333769785,4.09029240767433,-2.1039654363426843,0.785901426973559,0.6375902122681312
polynomial_degree_5,14.112874124955036,14.846407100170515,19.670567269235665,3.7049124874021833,24.31811194314423,0.627050456795227,0.7790833488122693
polynomial_degree_5,14.662791271409121,14.807543370392855,19.118577573469167,3.2984532709541754,12.503911582527031,0.670265246756452,0.7433075050825426
polynomial_degree_5,14.72262603481053,14.357909280927716,19.01683819488032,2.311176716218018,9.649787491448862,0.6527326124530967,0.7593688263458758
polynomial_degree_5,14.538798731207367,14.161088039984756,19.261851092292318,1.979900014832868,10.750950343480618,0.5943254398278041,0.8047585800939239
polynomial_degree_5,14.977977234927286,14.462804277660501,19.02538544926891,2.8599917950171236,17.12264363670729,0.7239628749996175,0.6985847507258909
polynomial_degree_5,14.137575448362593,14.128838131471756,19.32889387569523,4.462716736862778,31.974691183057033,0.8302192239746534,0.6101801663581652
polynomial_degree_5,14.001683007857123,14.658161410622704,19.117587159290856,2.836077910734807,19.864844078292293,0.7120171721590658,0.7084211946767353
polynomial_degree_5,14.54664241126267,14.080159691129081,19.618628062408124,2.9995478624815295,31.39610881190213,0.5337941837465243,0.8456153774485359
polynomial_degree_5,14.02870549858922,14.417901846445721,19.708826245529384,2.501090201015792,26.867766361207273,0.7474508751460843,0.6740285223902316
polynomial_degree_5,14.037461053946794,14.794048590297384,20.38275848668971,4.247516427631372,27.22773886560242,0.6573683681221402,0.7542934400813514
polynomial_degree_5,14.915117262928115,14.986368428068403,19.07565110652753,2.7571408040123835,20.238223208801855,0.8044767759961984,0.6249289903452772
polynomial_degree_5,14.017164763425162,14.677643105648572,19.6256893712711,1.999021369146178,32.149943919010724,0.6098715906556169,0.7972396734106891
polynomial_degree_5,14.10152229098503,14.807404194379389,20.359708749910677,2.3149846256808235,5.640342019708193,0.72415002732111,0.691228158881868
polynomial_degree_5,14.276012744529,14.486691863258354,19.298030811802462,3.914422242263436,-1.282701454060053,0.48278014233753525,0.8786064491728902
polynomial_degree_5,14.385726281273136,14.955677070313408,20.364355735857615,3.433201191429128,21.0996468539456,0.6338465646767344,0.7743117868916095
polynomial_degree_5,14.852405657990515,14.011285184102812,20.084011195722017,4.089293632964892,10.63308973239236,0.712809109576046,0.7014622768750611
polynomial_degree_5,14.88541666988252,14.293527435724009,19.77038412132334,4.31636960959127,26.923928652274775,0.6241721868408683,0.7832669571534503
polynomial_degree_5,14.803780603911962,14.426387308886678,20.257579688168033,4.302528872031275,27.638637817453976,0.6489127189173259,0.7615267736682974
polynomial_degree_5,14.094538636601275,14.141951845885185,19.505033616909845,2.108143354961369,-1.4556228307691388,0.8223340897998687,0.6246978194407413
polynomial_degree_5,14.391627915347572,14.838733629811479,20.39584060320847,3.483877511901155,27.004542604361383,0.5822156597743032,0.8180062640852369
polynomial_degree_5,14.291023979832463,14.91694135429975,19.868622624782386,4.4549053279693505,6.851243275857787,0.6974842648342385,0.7166442051809234
polynomial_degree_5,14.966856867296643,14.638978739058901,19.132742919886475,4.381627622418084,2.056656648328916,0.7599736386430662,0.6671710982103164
polynomial_degree_5,14.717740602519884,14.114592740285774,19.79444647472276,4.4020843907418,-7.982470370855085,0.6217747104396075,0.7971006986750491
polynomial_degree_5,14.244026804000272,14.733200671658818,20.000623571470555,3.710743983768926,-4.109546424607922,0.6904536435268351,0.7260330960943012
polynomial_degree_5,14.546611890769153,14.333364316839297,19.83757003163587,4.361329227322033,3.9892177164741476,0.7198449713792178,0.6970166626265794
polynomial_degree_5,14.706458444120656,14.619059076104522,19.67602668994658,2.3155522114896976,13.379536086918534,0.5848431199650546,0.8115898803160152
polynomial_degree_5,14.940685379907691,14.606663706099289,19.52195475428724,2.423441228425841,20.277925736725408,0.7410039889589646,0.6780270825823207
polynomial_degree_5,14.720827379064291,14.817691612980166,20.07854856197364,2.26353577402335,15.881479450706195,0.6823300191222719,0.7311682127129691
polynomial_degree_5,14.191742381710437,14.683144805101385,19.25523205962381,4.014880008529447,-2.4970058279501792,0.7699024813017721,0.66052258277539
polynomial_degree_5,14.353756565792041,14.3052517978002,19.959807382177654,3.687372011702772,9.972754330730158,0.6602531585495819,0.7513459387237307
polynomial_degree_5,14.705409049258176,14.924009237994678,20.121270544051583,3.186395409120786,18.02330735963931,0.6873883107007099,0.7265631084733618
polynomial_degree_5,14.260099350355995,14.924290621811982,20.34510007671931,3.759322516871002,9.747474524810631,0.6777482742078096,0.7358777110678241
polynomial_degree_5,14.210443082517589,14.759301551600418,19.37371193190957,3.232243037920457,-2.6483258399230953,0.585351854675569,0.8108224834095422
polynomial_degree_5,14.653897475439566,14.361981929438144,19.60752432526467,3.8434722942637265,13.96732750366089,0.6412064920863304,0.767376668475885
polynomial_degree_5,14.051844459382426,14.83978060888088,20.2491278912792,2.9987305681311414,0.6719016699264824,0.7485150754302138,0.6656737711898822
polynomial_degree_5,14.359392417184704,14.234731993510152,19.566289956767633,3.015960625785012,4.6660303844469,0.5667295870668835,0.8251251068904136
polynomial_degree_5,14.435962450959735,14.989174049054213,19.229941804735855,4.060918880281205,-7.324367652207158,0.403331968605925,0.9153635033371235
polynomial_degree_5,14.423844560955938,14.158016602142222,19.542585940917654,2.029851822199908,14.608611989272159,0.5930978830010736,0.8051902471506618
polynomial_degree_5,14.019322413884076,14.98845285698662,19.60798386022818,4.553561018159836,11.63384936660217,0.77360176879423,0.6540161727149316
polynomial_degree_5,14.44433672631116,14.7428290997027,19.415441270036524,4.226814283210702,-5.155639688408128,0.6416058075354586,0.7694251277751684
polynomial_degree_5,14.50949719083644,14.608403303456964,19.081559464461463,3.7229206373424137,0.28994187661181847,0.5245433405780143,0.8531910625884259
polynomial_degree_5,14.937419500378315,14.860029936282638,19.026089865043573,2.5423336466150652,22.606711017952023,0.7865263723739989,0.6445620970410565
polynomial_degree_5,14.996477428341224,14.131250405298939,19.75767913222674,3.8178519977633325,12.404387851562422,0.7200203525141347,0.6960000507878775
polynomial_degree_5,14.24800016542289,14.45230899414911,19.064372263780466,3.6063965772342823,-1.4578827142568827,0.6116731864710866,0.7911105681414685
polynomial_degree_5,14.28530980849621,14.245210248517111,19.84592187292151,4.490037180248842,30.577669208569347,0.698476033844949,0.7205220484954248
polynomial_degree_5,14.08041705078562,14.536317336777987,20.160638861192894,2.1076141811027407,21.383560758380806,0.7334878585746247,0.6813260019197555
polynomial_degree_5,14.504076819462359,14.219397697325801,19.10792801773272,2.3898338845595015,32.93937985508765,0.4096502945277148,0.9130044644799424
polynomial_degree_5,14.71454340059274,14.520389841488816,19.944067545388446,2.8212770629952084,23.596279100526623,0.6080215220088988,0.7945419291052529
polynomial_degree_5,14.817232148607777,14.156179695946623,19.21302874885915,3.9847525660116956,11.730874136813501,0.688719981701841,0.7267238094041834
polynomial_degree_5,14.588894207636361,14.96638023413683,19.83246594088636,3.8220600505625164,5.945373333931126,0.6934434628582214,0.7208657783672575
polynomial_degree_5,14.064959626190321,14.209953843031307,19.031021420744512,2.1958577276201416,33.097565502400585,0.9392393162593233,0.5604368636277046
polynomial_degree_5,14.51953223999758,14.43058347267923,19.544890217026307,2.2199471557491193,-8.77105437586819,0.3743249387702494,0.9393794738825453
polynomial_degree_5,14.187202666487376,14.326621779941288,20.475298157163714,2.082533308534946,-0.8038103846363462,0.4979011495182025,0.8693402963603759
polynomial_degree_5,14.071850907778487,14.396888210668928,19.088260532213525,4.298802176477527,30.21756530947966,0.7546802852554975,0.6796788370386528
polynomial_degree_5,14.563192168053316,14.4314060354926,19.46461469176581,3.0267356403586003,33.52204082333302,0.28442643063842526,0.9587151362716116
polynomial_degree_5,14.424323809714519,14.553154763952852,19.469592800223836,4.448304386132525,24.87912069305839,0.524947922904604,0.8511391859566849
polynomial_degree_5,14.528778946474963,14.760727620919283,20.45823111358232,3.6117293994424666,-2.781485515338902,0.5396676672567581,0.8496301974246339
polynomial_degree_5,14.294437476655553,14.877198343618819,19.269982005025398,2.7180671453559198,30.223930450219335,0.49155556397942485,0.8709105155048019
polynomial_degree_5,14.614648627491936,14.855986256374218,20.222532521009718,2.885792958577198,-3.368446966176048,0.5058305673822073,0.8699212301599076
polynomial_degree_5,14.989559741522209,14.750924876803767,20.082892997340764,4.5293943776817835,-2.3823803557179595,0.847693123563865,0.5955622917248746
polynomial_degree_5,14.665152854410914,14.980522517099697,19.02560266084829,2.834252341974273,8.631900791060222,0.6611143640131668,0.752960670540198
polynomial_degree_5,14.090166243963814,14.305254821290184,19.10630914085434,2.5573290002302453,4.156496130303468,0.7343177230267516,0.6919766798637854
polynomial_degree_5,14.427312252840334,14.674861340332535,19.89996821277692,3.6749601271016905,-7.305842208937236,0.4236742795485051,0.9079270665955262
polynomial_degree_5,14.16257140676867,14.457236947676524,19.50535836961717,2.571016231551788,21.87710228449906,0.6445637925614843,0.7648139910767624
polynomial_degree_5,14.370356438038472,14.18399302578935,19.562355084669797,3.056777105894927,19.662580091969087,0.6153051119126476,0.7884274888987207
polynomial_degree_5,14.935032496355468,14.221423840749868,19.62116198785313,2.5012696686788627,-2.4309208401330578,0.7518205335443428,0.6768802947816068
polynomial_degree_5,14.526321301604678,14.810040856214858,20.102249478922598,2.1932714439759993,4.6972093432524975,0.6581481829490867,0.75288844152222
polynomial_degree_5,14.715639300522643,14.897928570001268,19.916285744332182,2.4215895895545048,18.22255335912604,0.6771416765711068,0.7362836742993886
polynomial_degree_5,14.9581664203369,14.534541949735717,19.663039726385573,2.734709466078007,5.1292996855522475,0.7409946851172972,0.6799713942163034
polynomial_degree_5,14.082335136948387,14.238926500538339,19.997121408893747,2.203919586421483,26.66771109290731,0.7828040244250578,0.646683999288053
polynomial_degree_5,14.806915892377464,14.468820640146545,19.432467695321915,3.1771587513411164,13.077285724332533,0.6831793983360579,0.7308178303841646
polynomial_degree_5,14.704101048653497,14.448731442739572,20.0053882663821,1.8657386271833454,32.58182623167909,0.38596305476481213,0.9229649843550252
polynomial_degree_5,14.630616985144593,14.24576549864017,19.9180068877993,4.410180114244449,25.194031296024036,0.5312915520793141,0.8473803451234816
polynomial_degree_5,14.686040673126284,14.257081066556248,20.05232767662386,1.8016014519822239,-0.5426024673800427,0.4819683024078585,0.8761974269134221
polynomial_degree_5,14.462044309140854,14.092058133733685,19.271324090539544,4.523336816571231,-2.7500722712207084,0.8074724281243109,0.6474955650400467
polynomial_degree_5,14.526350507161865,14.118586402204846,19.02690674849092,2.120160506234999,5.98656717646559,0.668529095415263,0.7467362353490008
polynomial_degree_5,14.985022473976036,14.734037942820418,20.146639912701467,2.783689515759883,10.456775597001723,0.7727907528349627,0.641866465853725
polynomial_degree_5,14.724659447733053,14.686657585739937,20.38421425477242,2.538236378508775,19.317373036458513,0.6493045696931954,0.7608987503746063
polynomial_degree_5,14.307659190716869,14.772276995573911,20.466846425894374,3.280636944575714,-4.384234692802821,0.5556870815301138,0.8358237163953168
polynomial_degree_5,14.02973126367687,14.025538107463502,20.14144097448916,3.2477806815015775,-7.7459003060657885,0.7620706258544989,0.6679329460582066
polynomial_degree_5,14.53794914779161,14.93291302154701,19.912676895864333,3.7528380058511273,-6.484659887021643,0.5276589153096797,0.8512537957524211
polynomial_degree_5,14.634718991437285,14.466044377714338,19.0655936509228,4.2653259823752565,12.876511950586842,0.667237606791895,0.745478938867928
polynomial_degree_5,14.0568739108334,14.787368712001092,20.303765664728836,3.2676591639346855,8.233222756860407,0.7051024202079205,0.7096009396656113
polynomial_degree_5,14.624819063970907,14.825695185308469,19.03431669850782,2.543972382224111,16.224987453348884,0.6065842167403364,0.7953307864754798
polynomial_degree_5,14.765452634374183,14.125969460113064,19.170806585197482,2.7571110964864456,23.539278848161402,0.5646497938895465,0.8253588329326133
polynomial_degree_5,14.81570629868894,14.900065226520603,20.20674194910611,2.9232363381399376,-3.929430075152627,0.5200579353807147,0.8578583606074968
polynomial_degree_5,14.468720639638638,14.136643629156396,19.800327419088603,3.1693396568174887,0.5265970704226266,0.6928440860338076,0.721554283704703
polynomial_degree_5,14.371091007336146,14.369541753260268,20.184312114755596,2.297877312523565,18.08646195311554,0.6525430571395963,0.7584398711747745
polynomial_degree_5,14.267474634679786,14.545140488964275,20.165103041679178,3.1348197947947245,-6.329112268248105,0.6112701417326447,0.7920166172812549
polynomial_degree_5,14.990626229659135,14.362303110181731,20.04599750926905,2.272529133680457,19.423179167393172,0.7264650348133629,0.6905073730958858
polynomial_degree_5,14.253433217963563,14.236488074999425,19.863799337937646,4.4034043603123445,-1.4036368701460091,0.7104279657360304,0.7148846567760181
polynomial_degree_5,14.006675587219501,14.157223851332557,19.552309325527702,3.810818423645875,30.64685972376507,0.8623928488163601,0.570982140973387
polynomial_degree_5,14.019009914813212,14.922967118248252,19.285174461495004,2.481761170784985,16.11030825165099,0.6936109209702985,0.7242016978726934
polynomial_degree_5,14.630072704899797,14.35510310338421,20.07863529169156,3.7898419777848744,-0.46766933498888186,0.5116137874910581,0.8659442762443041
polynomial_degree_5,14.475369825946046,14.427375911858904,19.885866218548237,3.4547362189853112,-0.798292567147147,0.5753362905340041,0.8204405361143376
polynomial_degree_5,14.586125507710383,14.713613944065363,19.853751359012385,4.567497541861392,-5.98716059150903,0.522470265409904,0.8537378199314563
polynomial_degree_5,14.455520428188159,14.538753926183912,20.227084973278068,3.803001953275862,34.81589911236905,0.6382834216576179,0.8170843252163713
polynomial_degree_5,14.10511949725171,14.576886875217188,19.924473123393284,3.952446426398284,26.28822105080735,0.6541959036298587,0.7565420577465689
polynomial_degree_5,14.226256839271652,14.267874697312594,20.241426712639065,2.67811249869869,-1.6230277342572421,0.6330918922630038,0.7742336658565775
polynomial_degree_5,14.096950131432788,14.161433573290278,19.31056634637625,4.141913286870115,-0.3561472616742396,0.6726406870570658,0.7451586186273703
polynomial_degree_5,14.522334365765797,14.346013588491308,20.124010385294806,1.880201356209478,-4.668507138538844,0.7367788889218239,0.7007870419031382
polynomial_degree_5,14.69110769695438,14.370575675994976,20.050231602393563,4.098368456090469,28.472537901321346,0.572479074946196,0.8200983925893033
polynomial_degree_5,14.815294440626145,14.99461841695354,19.062787587520237,4.061467669397374,7.147855361520097,0.7440172780504477,0.6787171310341488
polynomial_degree_5,14.977275980490646,14.280036319256332,19.231682426250853,3.3171933578278283,5.12318878953239,0.7394436141052781,0.686549978990288
polynomial_degree_5,14.857310982339735,14.101641160431306,19.07403991117405,4.465003843091514,28.64859842121787,0.6626709777246965,0.7598578914410233
polynomial_degree_5,14.361339747844484,14.91107155122219,19.329695490150694,2.6805161790222263,29.442235110703315,0.5218202151669021,0.8532125867375461
polynomial_degree_5,14.14312983916808,14.934074439755468,19.882841287624586,4.487414886767675,5.252719342180951,0.749365817372585,0.6647712669642769
polynomial_degree_5,14.642443763390819,14.078061675537946,19.97330051618749,2.2851857277359673,2.008740276685547,0.6068412080303695,0.7955521337373687
polynomial_degree_5,14.244550391981232,14.634697246008527,20.49281015886474,3.651700088625284,0.5566654060813949,0.612868156925812,0.7931054790991995
polynomial_degree_5,14.972755085150498,14.75290064246854,19.35708170867327,2.0710316233246013,10.023637121029054,0.8065597517584534,0.6151951867038318
polynomial_degree_5,14.449530338117672,14.326730954540468,19.99688873197189,3.620193420570061,20.78919174372522,0.6248068994618358,0.7808701387124954
polynomial_degree_5,14.870967300947763,14.902732434131641,20.257762013973682,1.8696422489594726,-3.304864688620394,0.8490592550332322,0.5945917084151963
polynomial_degree_5,14.449155107788703,14.83066125912863,19.10884961015797,2.2919853863465143,-0.9173464707335768,0.4884969387103326,0.8725659827103555
polynomial_degree_5,14.463803323687966,14.074869976341768,19.873761498733842,4.417515226031871,2.714230187327688,0.6980128690450305,0.7171058871461153
polynomial_degree_5,14.439456775802226,14.219335754782668,19.194510869943894,4.02422121160881,21.412551140014468,0.6653881471973914,0.7483503223340426
polynomial_degree_5,14.689770596353085,14.99610528159287,20.254976299437615,3.721743683429393,19.042811230616906,0.7214803087667573,0.6938045195615199
polynomial_degree_5,14.79397480531431,14.03564881043127,20.278866557484413,2.9840771509593242,1.2238088042656692,0.7664310198943222,0.6470601541996992
polynomial_degree_5,14.59317390262493,14.185225511918485,19.783990414086205,2.874227680450927,22.175438304612307,0.5867544113994295,0.8113909935391007
polynomial_degree_5,14.52569847102448,14.039351698786668,19.73232418446687,4.527593884310391,31.885911796544185,0.5520921925515138,0.8337843053713039
polynomial_degree_5,14.994905226578199,14.682603861559711,19.72093542596564,2.739591472416003,20.718902618391645,0.7630960376567714,0.6593392473360309
polynomial_degree_5,14.166237056774163,14.035659739334672,19.732472862473035,4.449551006375868,9.925457874607016,0.7689527135246387,0.6478986156688843
polynomial_degree_5,14.726940238834567,14.494937980505423,20.409768545012945,2.006818442480582,-7.8357892720208655,0.45287905688385044,0.8926248974076971
polynomial_degree_5,14.708087254887339,14.872008649559849,19.777959000949558,2.810069712851396,13.566993015607515,0.6701416123825548,0.7422613491707762
polynomial_degree_5,14.835453729330442,14.020173786825806,20.413014676163456,2.8743923367730737,-7.10942122691374,0.7764303069207379,0.6521036930556849
polynomial_degree_5,14.378572200715107,14.389338686046816,20.233991135359755,3.4137575356334198,-8.733844522167747,0.4570764143093119,0.8894712405698356
polynomial_degree_5,14.135729267744065,14.844541340249107,19.368277779556998,3.245755735890513,19.65619333703928,0.643646146143697,0.7663200775769505
polynomial_degree_5,14.441017648088767,14.812716885333108,19.194548682620752,3.8521939160076784,19.438627119686785,0.6706938741792505,0.743887964537766
polynomial_degree_5,14.038888166793686,14.882516098568235,19.03991997345934,4.416977810163686,14.6385302288679,0.7214876843378606,0.7070299728271575
polynomial_degree_5,14.732579850190298,14.107539001215354,20.154944504282337,2.811852880495544,5.632811830647727,0.6126350695554693,0.7912344572332789
polynomial_degree_5,14.944538732444673,14.281318746796966,19.55330900791305,3.1653117052123454,-2.7420820743259693,0.7064986599635708,0.7115726549672977
polynomial_degree_5,14.536167030036355,14.557463724518637,19.768128682931444,4.5811287752662295,27.73217494479747,0.6062561860082594,0.799042602515635
polynomial_degree_5,14.07838836611526,14.082722381240686,20.010586480011963,4.056837500288647,8.957090762687116,0.7848329187794111,0.6256978230211019
polynomial_degree_5,14.810538104186685,14.458026322930683,19.533355149645683,4.572004916955695,25.890544695356063,0.6392840838497968,0.7751845846712759
polynomial_degree_5,14.32860653456607,14.589154046066728,20.124089614287374,3.3813729042257896,30.431911241985745,0.505979993505719,0.8637220391818609
polynomial_degree_5,14.9003091701653,14.205613551753908,19.64230035865102,2.3974438633954778,6.063576909561743,0.7108692455838014,0.7066827176423928
polynomial_degree_5,14.327239500003364,14.070779843946564,19.36414985619835,3.6694022749702686,-7.906110438494601,0.3996333855611407,0.9166969780951213
polynomial_degree_5,14.783931252349653,14.322438721732977,20.232582445554577,1.9713398012741374,-4.616733876172722,0.8048193291149124,0.6377528626241667
polynomial_degree_5,14.445778386921809,14.585646106455586,20.219155582248586,3.4399518670733964,9.188348310816316,0.6198799724238991,0.7870085357305153
polynomial_degree_5,14.555188523410576,14.45440845517557,19.464792243193507,4.054356567637496,-3.4342075900099918,0.6047600352391358,0.798455642144308
polynomial_degree_5,14.394495019796047,14.17096019177556,20.202160863082412,2.8086463099673975,8.817460754669575,0.6298770543604516,0.7776521929969907
polynomial_degree_5,14.115632902457232,14.824601148040133,19.57195948421196,2.911972615363675,27.09969755892643,0.5774612173888006,0.8168871393247632
polynomial_degree_5,14.043971297778754,14.74909826278084,19.196424496709607,4.260783934588208,-2.7579071558328287,0.8521126889293065,0.5915061803724896
polynomial_degree_5,14.876779016177252,14.938235941239604,20.299373350827928,3.223624544255318,28.502203249382532,0.7834268888170579,0.6363006570194574
polynomial_degree_5,14.03311642089264,14.875996201468878,20.063802354992298,2.26457628631341,28.840529857967276,0.6274486552836892,0.779668000247973
polynomial_degree_5,14.701857608580971,14.821068908928634,19.3777902540835,3.076856878870137,28.53878235309105,0.6446682693846308,0.7674706796098496
polynomial_degree_5,14.616810998409195,14.068692109822154,19.659083160813026,3.7403387558320773,27.44064186370919,0.5484761684390789,0.8368223750829781
polynomial_degree_5,14.480308853684722,14.953574517339648,19.98012844143949,4.5856102447838145,30.75816612663443,0.6683367285853924,0.744907120122194
polynomial_degree_5,14.263637087635376,14.927743336850643,19.575297344282287,2.924192107397123,7.671799350313599,0.6342480680202955,0.7731936170063693
polynomial_degree_5,14.718750206190926,14.831143700081888,20.186670963181616,4.0116001496168785,25.432345942596548,0.6683402422553723,0.7440172073258899
polynomial_degree_5,14.711617526605849,14.876623160682225,19.144619430518244,2.33086345368624,9.600392380572544,0.692475188958544,0.726162949701908
polynomial_degree_5,14.90301950907455,14.62772170696358,20.28518031971783,2.0463745605976325,30.001492896507017,0.7714051251052564,0.6542939879451792
polynomial_degree_5,14.194089435210188,14.802081856057287,19.033255336727418,4.502200142313536,20.01814426919975,0.7261269713450565,0.6959081112714034
polynomial_degree_5,14.891900291599194,14.23733132600623,19.17257358343831,2.9156937148822233,-0.30205709331203323,0.7329984275671493,0.688632745129531
polynomial_degree_5,14.873624037705454,14.437032845702106,20.223061290760672,3.5902999504853117,2.3277218258604258,0.6831031455424132,0.7306650679965533
polynomial_degree_5,14.835650416644219,14.634919014334843,19.563880373413628,4.367279802369681,34.60965417052444,1.0412139031468497,0.5954676664760192
polynomial_degree_5,14.735561843065776,14.457499375608014,20.053729592028123,2.8606698893750626,30.76273427742484,0.5113621256148722,0.8596639931828888
polynomial_degree_5,14.950804917439969,14.524560757683156,19.4330053134058,2.569784406735811,17.150510681402825,0.7164022251619722,0.7030696079235348
polynomial_degree_5,14.910606193614015,14.71218275726322,19.785016803457207,2.110332647866741,10.327817369912218,0.7759382796195781,0.6417937112670203
polynomial_degree_5,14.090081597434471,14.265941708526679,20.043900357749113,3.3436656814818004,12.470569807193911,0.7415576209017579,0.6726060902357562
piecewise_edge_rule,14.049036981636736,14.406357587649067,19.934442649416017,4.412306335569563,-6.073850924022667,0.01032705839755328,0.9999467078668792
piecewise_edge_rule,14.950600016619408,14.255915606077838,20.43457158769494,4.539273133176363,31.620476098709638,0.00014008033517064856,0.9999999999912579
piecewise_edge_rule,14.008078855085387,14.0876197150333,19.678192960080672,2.45148234251169,-7.88602362828924,0.0022319663677041125,0.9999975833528687
piecewise_edge_rule,14.838213460028115,14.887645307191463,19.158764924244288,2.0450844677740214,30.14512027481402,0.0072865311723471545,0.9999735602304605
piecewise_edge_rule,14.724982652476276,14.756278623617904,19.85548085536333,2.976638964461241,-3.2276471280388535,0.004010571895668763,0.9999919798215009
piecewise_edge_rule,14.651574939405862,14.766532510491885,20.194280075415858,3.873205184168964,29.21619180041145,0.012815432655542773,0.9999210009151102
piecewise_edge_rule,14.15146417424112,14.976032243263049,19.292417369370924,1.909955870092023,-6.4166997999400675,0.005492245025559989,0.9999850890336276
piecewise_edge_rule,14.083020143899821,14.818202853062438,20.433759292957273,2.452702928027689,29.449053037837132,0.012219343416419531,0.999926147852646
piecewise_edge_rule,14.18528731906694,14.028198685677129,20.029076150037298,2.3909124624179685,-6.296300675518628,0.004492736578163887,0.9999903408525624
piecewise_edge_rule,14.449320232106652,14.912903345162109,20.378786083341442,4.257794471797101,13.121181738923376,0.0018284244549795936,0.9999983592832388
piecewise_edge_rule,14.89904205385233,14.967465381952369,19.54523055904428,3.6456146838706442,-2.4296047799365468,0.005899658568019536,0.9999826038783197
piecewise_edge_rule,14.829741827895699,14.02707864209815,19.381131092466358,2.350418576947532,-2.5309039912847373,0.010136992247984094,0.9999492323779774
piecewise_edge_rule,14.984736717567062,14.259145246717921,19.593935089326735,3.3992595892237554,16.1564620219289,0.01068526108376331,0.9999429453202179
piecewise_edge_rule,14.571637705934952,14.027565359928364,19.459373647893592,3.54563636623484,-7.994223298896561,0.010708093960209884,0.9999428182167095
piecewise_edge_rule,14.180487784177538,14.357902645368208,19.398935995428293,4.489289453024101,21.855717803978667,0.012180818866606057,0.9999262127419343
piecewise_edge_rule,14.571360005270213,14.397718799826658,19.252398723074847,3.7317249769191445,1.0890208231152023,0.00013962290199423822,0.9999999999974725
piecewise_edge_rule,14.915194672536636,14.33013371527607,20.023809921691694,1.9370876076160815,6.57020955219744,0.00819100645959396,0.9999664629108485
piecewise_edge_rule,14.80459499791461,14.889848613464698,19.4835237467087,3.671440171525946,11.988344767847114,0.010801449280378758,0.9999422394579935
piecewise_edge_rule,14.791364453979494,14.765836395414443,19.340933759029138,3.888672500851337,11.204558766613268,0.014471170392124215,0.9998954589000487
piecewise_edge_rule,14.245920754829802,14.439467726746546,20.244333444618654,4.2848531272284465,9.540353201296874,0.009304650473171215,0.9999568149640069
piecewise_edge_rule,14.150633250006987,14.247761913498183,20.45448236537983,3.5276789132286432,1.1641656989874267,0.0029500691832634596,0.9999956676631809
piecewise_edge_rule,14.504079430361093,14.06019194883322,19.295856906054453,2.9125292609411826,16.304347903731884,0.005696905555177994,0.9999838876257607
piecewise_edge_rule,14.014829633156324,14.667650480010732,19.85479815830223,1.907242180496867,23.774527533589733,0.011109889722243124,0.9999387303813608
piecewise_edge_rule,14.117468428838135,14.13194208394615,19.721549958828128,3.4099291762137196,26.760336681697424,0.010521719646159802,0.9999448678284506
piecewise_edge_rule,14.138089720689358,14.141928480435904,19.39096433645753,4.260080680883457,34.94013148314971,0.0005611673817806635,0.9999998531619135
piecewise_edge_rule,14.102848000151067,14.960817761993612,19.29140314565201,4.4844446683277965,23.040015090698702,0.010170021088606108,0.9999489897058483
piecewise_edge_rule,14.360008168458949,14.062021480844706,20.376929281735322,2.8893414265650663,-5.148708837512924,0.01203827287825625,0.9999276777428951
piecewise_edge_rule,14.42593074104433,14.156539629431812,20.493814924012565,2.586489405012255,19.11347783931282,0.000972329647145074,0.999999539601078
piecewise_edge_rule,14.9117800998226,14.380716382272151,19.805868732867506,2.3870059754941657,24.782597407297786,0.0017287874453403866,0.9999985070440914
piecewise_edge_rule,14.902502855253939,14.57976605948387,19.60672515738733,2.3414486964107675,17.37426106627707,0.006868639262692361,0.9999767937562063
piecewise_edge_rule,14.604221099018206,14.058108789335636,19.621282298386305,2.6755755881358407,25.74588221078217,0.013731886417075798,0.9999088706082687
piecewise_edge_rule,14.853370640107716,14.943955286979602,19.417792782920973,3.6674591664831904,-4.745900243197029,0.00883205564951936,0.9999610604916301
piecewise_edge_rule,14.082425027595157,14.768590395257263,19.950876300472732,3.946578835660854,2.3609123466372868,0.0021962345909939743,0.9999976019666376
piecewise_edge_rule,14.708723694260136,14.055008980182182,20.107072257394428,3.621052291884947,-5.6813539116538605,0.010536905538580922,0.999945132196358
piecewise_edge_rule,14.014098900109882,14.804765772981298,19.161745138402942,1.8656153762966676,33.364984690059025,0.0047699666958416365,0.9999886237121532
piecewise_edge_rule,14.631434005960122,14.591859211127527,19.47884007413238,3.7107537778226685,5.9164720029436175,0.006956741155799495,0.999975929892043
piecewise_edge_rule,14.278079454376352,14.393288312183351,19.941375087056286,2.4664270674514674,17.46795471553698,0.0008555911948621666,0.9999996393768706
piecewise_edge_rule,14.494261083762321,14.338119886541277,20.247110394714465,2.6204295880790838,18.538460546452328,0.007677040684899045,0.9999705317639814
piecewise_edge_rule,14.453186114644236,14.796447123665358,19.522376175496092,3.32300662754234,16.71581904531873,0.012236930109539777,0.9999252360042816
piecewise_edge_rule,14.14010117074129,14.94950602340034,19.882453051816825,2.4827897386920323,32.67700332895025,0.012596643784527368,0.9999206605755027
piecewise_edge_rule,14.820222340384293,14.768602840584435,20.379435330797516,2.2598496897440334,23.850843190560973,0.00886529464324203,0.9999607832156279
piecewise_edge_rule,14.92467917319875,14.561988157944988,20.27175435315676,1.9477554392733605,29.895187524292254,0.01337055922449267,0.9999106463371973
piecewise_edge_rule,14.021814241817237,14.375024123747119,19.686396276146073,2.6689643601672266,1.3433631866029714,0.00014010696417098817,0.9999999999973292
piecewise_edge_rule,14.254521857830708,14.413977508312643,19.856699186366303,4.362392528743438,34.89825361177917,0.007357857163863477,0.9999729447807754
piecewise_edge_rule,14.425550748166371,14.103012281295623,19.923842156027444,2.744606682286686,28.83789201088468,0.01818762621534791,0.9998350228104548
piecewise_edge_rule,14.9453461421287,14.794282311010742,19.00012938882351,2.825842854135626,6.7748367693659155,0.004807861577968303,0.9999884538306513
piecewise_edge_rule,14.220786448339643,14.103488621714254,19.711143532971196,3.820471773833459,4.13742213350613,0.0053977423968900205,0.9999854333970182
piecewise_edge_rule,14.465540540019898,14.203052887246141,20.241872313318844,3.55683373168779,-8.9625638528374,0.009908031876060753,0.999950932663467
piecewise_edge_rule,14.449086980776867,14.302314228335788,19.162735606215474,3.949543181969113,6.191237885274624,0.003269058524314359,0.9999946566667491
piecewise_edge_rule,14.465665482340569,14.631103038353126,19.96797418509607,3.562592663968031,32.372845394844525,0.011862384319420072,0.9999310008912446
piecewise_edge_rule,14.272750796698908,14.93979039289033,19.410366715474275,4.196372491436029,23.2430922752727,0.01133031269574773,0.9999365181486105
piecewise_edge_rule,14.454147419830923,14.06697918855579,20.040901513827755,3.156961606154767,17.24663493952796,0.007453312855292014,0.999972834307676
piecewise_edge_rule,14.83312797725868,14.565167905675194,19.756628877826138,2.0756904368249685,1.5304301872612633,0.00880608429202689,0.9999618131108693
piecewise_edge_rule,14.511118992042984,14.46875519474303,19.6919933502133,3.262205087996752,20.424249718687093,0.014214336102633235,0.9999012778134745
piecewise_edge_rule,14.658004549146622,14.574979565373873,20.115198088574402,4.381706823915963,33.499946084547155,0.01894081092946298,0.999820678952151
piecewise_edge_rule,14.511469417348845,14.469800356452248,19.182493745188676,3.670258704355083,-3.1843981625908144,0.007522064693415331,0.9999719493971757
piecewise_edge_rule,14.908406340227327,14.880915637456441,19.894643442994347,2.62234641289164,-5.294312756875738,0.005917377237152126,0.9999827057640618
piecewise_edge_rule,14.9347677528758,14.636158251080953,19.327271197931644,2.7452935447886446,27.44985027149128,0.01215832771848823,0.999927433600883
piecewise_edge_rule,14.350867224427772,14.137482735602939,20.490533436815507,2.1185204821820145,34.503697756345936,0.004439767042342393,0.9999901442179658
piecewise_edge_rule,14.04047820910629,14.530433029687089,20.489971274005182,4.565539839491769,21.414873902215856,0.011566308487007784,0.9999339372875007
piecewise_edge_rule,14.254692719750654,14.749540807221022,20.39009911392488,2.6739783456839232,1.2515618765933532,0.0040307555095194245,0.9999919108039401
piecewise_edge_rule,14.478648512541671,14.541231777787686,20.276683368664116,3.9520715996399858,15.280732762252473,0.013191670911200576,0.9999130893673002
piecewise_edge_rule,14.83665413647601,14.871112070688437,19.777237157351966,3.096037191015497,11.658399672153497,0.004135524512862436,0.9999916675451419
piecewise_edge_rule,14.541269878826391,14.91615494626189,19.062443082254415,3.1330355228231523,21.475392593557288,0.00267217059751738,0.9999964897562806
piecewise_edge_rule,14.591955981638986,14.583831964207569,19.674767520863774,3.9580407408283556,27.707779576130555,0.006955553392289914,0.9999758200138437
piecewise_edge_rule,14.725189613541303,14.142055181354033,20.071021443031025,3.064752075476613,-9.031141751227763,0.00754995589147215,0.9999718756536511
piecewise_edge_rule,14.17063429375739,14.220505005939815,20.19159127134456,3.3870634809020155,33.30625689048933,0.0094440886136639,0.9999554294888765
piecewise_edge_rule,14.337600625727244,14.274975424623594,20.485807649766556,2.0045852839416147,20.190568415545002,0.013846626332187386,0.9999041333486878
piecewise_edge_rule,14.679660964470942,14.532930644817299,20.150228665632028,3.2574328485370936,6.213149842206796,0.0019569504893151386,0.9999981726774131
piecewise_edge_rule,14.840572987551937,14.376742014657392,19.175149613624516,4.519343408039583,15.489279179903168,0.0058561540244788934,0.9999829751212944
piecewise_edge_rule,14.414289379551438,14.936591525011703,20.485889893292594,2.073435307859423,-0.07929760038046751,0.00013964826052348842,0.9999999999936449
piecewise_edge_rule,14.51364023977546,14.531877252721106,20.18799735367745,4.2311617874477605,-7.446280798113591,0.005592713110223039,0.9999844308632423
piecewise_edge_rule,14.693980248159653,14.752514193034461,19.636621794104443,4.442969716190247,18.553306343555445,0.007374341962894757,0.9999730521326063
piecewise_edge_rule,14.665713780739114,14.174027770476876,19.098514489983998,3.1679466935488585,-8.191877384697184,0.009071199015784497,0.9999589775657598
piecewise_edge_rule,14.863542090775185,14.656330767063833,20.368038346187404,1.8263851121710908,17.249504513087825,0.014231199734577274,0.9998995165826364
piecewise_edge_rule,14.475731641656616,14.29994510822664,20.01172943663262,3.4492481974722846,34.720319953375906,0.015338536514736113,0.9998824548459029
piecewise_edge_rule,14.744412367901868,14.16398473761571,20.381051496076875,3.6293406146209435,4.6998651355368075,0.007533320766078058,0.9999719114455641
piecewise_edge_rule,14.30992747690675,14.219718112725614,20.408738728553065,3.4846074868902543,28.961720906060876,0.0200405330900593,0.999799475798226
piecewise_edge_rule,14.570983842482045,14.69056631365304,20.42026346596437,3.173304726784666,0.49394073116577353,0.00030871387479105303,0.9999999608935347
piecewise_edge_rule,14.492507780480551,14.261965197904619,20.344378528107754,2.8697352570925854,13.30988080028559,0.010436682609079201,0.999946021993208
piecewise_edge_rule,14.890067115032826,14.192718415842496,19.91524079301699,2.44389637144127,9.995656609368254,0.013015231566048197,0.9999158549392849
piecewise_edge_rule,14.00480619782815,14.016445527347853,20.085657793657514,3.883083233976402,13.013000650519956,0.001611604550768843,0.9999987378045254
piecewise_edge_rule,14.7967342620547,14.1329709069415,19.909835540815244,2.762885152434312,0.6430313975368414,0.00014073156998067386,0.9999999999948007
piecewise_edge_rule,14.933676235974593,14.835487949706561,20.195830029764483,4.434738549189278,21.06552458480998,0.014259064746983628,0.9998986674398934
piecewise_edge_rule,14.052996413396018,14.751542275613465,19.045424007373747,2.105524509907022,22.60863104095374,0.007009334777886121,0.9999755306568461
piecewise_edge_rule,14.725687730632092,14.518633231486527,19.087518400810506,4.177196888513585,26.566107920477776,0.0005973099237124809,0.9999998234822416
piecewise_edge_rule,14.571752967961544,14.053859410908013,20.01488452144963,3.9729841616188004,6.5676757513063535,0.0063331652479566135,0.9999799792651713
piecewise_edge_rule,14.765832458386406,14.563328253834651,19.24877817930381,2.4720766753275845,-3.609553216132457,0.011267312263034788,0.9999365522144146
piecewise_edge_rule,14.750149870256447,14.51987956904453,20.002308243063915,3.7512215042493757,2.097864998794055,0.004198653044489288,0.9999912373404815
piecewise_edge_rule,14.64383905718916,14.969425274683271,19.145145804937833,4.439421000985968,17.570751893621193,0.008139516625488787,0.9999672381537927
piecewise_edge_rule,14.27118265428295,14.064787547204686,19.084993211536972,2.922610792213626,4.2139452490840466,0.00014058245368285397,0.9999999999892415
piecewise_edge_rule,14.315011891436333,14.466497653534073,20.107545064040053,3.7707493966193946,10.473483257672235,0.011538531934379625,0.9999342610710283
piecewise_edge_rule,14.91687755767704,14.87210033758735,19.26959209755131,3.044382383070725,11.35603702474485,0.009081413761936689,0.9999604070569473
piecewise_edge_rule,14.51007251681456,14.046093324181813,19.905741456300387,2.388546049601141,32.3059744972064,0.009478816555535252,0.9999551052916671
piecewise_edge_rule,14.133611787897,14.200201590534697,19.483961163088345,3.9080988494394306,16.09202746734962,0.0036475547531308722,0.9999933546936254
piecewise_edge_rule,14.641581655377696,14.872847203939672,20.038375806011818,3.67804222956258,8.954853301438149,0.012570706395424843,0.9999210151389142
piecewise_edge_rule,14.112368265939823,14.071335559716061,19.820717333769785,4.09029240767433,-2.1039654363426843,0.005070172540025432,0.9999871601400198
piecewise_edge_rule,14.112874124955036,14.846407100170515,19.670567269235665,3.7049124874021833,24.31811194314423,0.011222696930037062,0.999937077954802
piecewise_edge_rule,14.662791271409121,14.807543370392855,19.118577573469167,3.2984532709541754,12.503911582527031,0.009467174580091007,0.999955683908218
piecewise_edge_rule,14.72262603481053,14.357909280927716,19.01683819488032,2.311176716218018,9.649787491448862,0.0037261929418637863,0.999993087223452
piecewise_edge_rule,14.538798731207367,14.161088039984756,19.261851092292318,1.979900014832868,10.750950343480618,0.010945771444469017,0.9999403278570859
piecewise_edge_rule,14.977977234927286,14.462804277660501,19.02538544926891,2.8599917950171236,17.12264363670729,0.010096329597506221,0.9999490561609253
piecewise_edge_rule,14.137575448362593,14.128838131471756,19.32889387569523,4.462716736862778,31.974691183057033,0.014219369125013972,0.9999003667940194
piecewise_edge_rule,14.001683007857123,14.658161410622704,19.117587159290856,2.836077910734807,19.864844078292293,0.008312298776894822,0.9999659605186202
piecewise_edge_rule,14.54664241126267,14.080159691129081,19.618628062408124,2.9995478624815295,31.39610881190213,0.008610641449531933,0.9999651598490298
piecewise_edge_rule,14.02870549858922,14.417901846445721,19.708826245529384,2.501090201015792,26.867766361207273,0.009041092199549803,0.9999592423741102
piecewise_edge_rule,14.037461053946794,14.794048590297384,20.38275848668971,4.247516427631372,27.22773886560242,0.0165734349303274,0.9998638944509846
piecewise_edge_rule,14.915117262928115,14.986368428068403,19.07565110652753,2.7571408040123835,20.238223208801855,0.012393014285460009,0.9999236460534967
piecewise_edge_rule,14.017164763425162,14.677643105648572,19.6256893712711,1.999021369146178,32.149943919010724,0.018081941581295113,0.9998378506112832
piecewise_edge_rule,14.10152229098503,14.807404194379389,20.359708749910677,2.3149846256808235,5.640342019708193,0.005629028696195324,0.9999842933345416
piecewise_edge_rule,14.276012744529,14.486691863258354,19.298030811802462,3.914422242263436,-1.282701454060053,0.00013953503012015413,0.9999999999935948
piecewise_edge_rule,14.385726281273136,14.955677070313408,20.364355735857615,3.433201191429128,21.0996468539456,0.011158052814515144,0.9999377476722516
piecewise_edge_rule,14.852405657990515,14.011285184102812,20.084011195722017,4.089293632964892,10.63308973239236,0.0068931021119222734,0.9999762461223164
piecewise_edge_rule,14.88541666988252,14.293527435724009,19.77038412132334,4.31636960959127,26.923928652274775,0.0114151391357105,0.9999349498717892
piecewise_edge_rule,14.803780603911962,14.426387308886678,20.257579688168033,4.302528872031275,27.638637817453976,0.006398987144428392,0.999979710621295
piecewise_edge_rule,14.094538636601275,14.141951845885185,19.505033616909845,2.108143354961369,-1.4556228307691388,0.005015117562254136,0.9999874783132684
piecewise_edge_rule,14.391627915347572,14.838733629811479,20.39584060320847,3.483877511901155,27.004542604361383,0.007943879941672968,0.999968471902002
piecewise_edge_rule,14.291023979832463,14.91694135429975,19.868622624782386,4.4549053279693505,6.851243275857787,0.008105970509777015,0.999967242975208
piecewise_edge_rule,14.966856867296643,14.638978739058901,19.132742919886475,4.381627622418084,2.056656648328916,0.008910798759777636,0.9999605003467846
piecewise_edge_rule,14.717740602519884,14.114592740285774,19.79444647472276,4.4020843907418,-7.982470370855085,0.0023190427751725046,0.9999973720407043
piecewise_edge_rule,14.244026804000272,14.733200671658818,20.000623571470555,3.710743983768926,-4.109546424607922,0.0042493892072269545,0.9999910309168114
piecewise_edge_rule,14.546611890769153,14.333364316839297,19.83757003163587,4.361329227322033,3.9892177164741476,0.005774143629546812,0.9999834541886973
piecewise_edge_rule,14.706458444120656,14.619059076104522,19.67602668994658,2.3155522114896976,13.379536086918534,0.006647265841031007,0.9999779978773196
piecewise_edge_rule,14.940685379907691,14.606663706099289,19.52195475428724,2.423441228425841,20.277925736725408,0.003914402318102007,0.9999925806582525
piecewise_edge_rule,14.720827379064291,14.817691612980166,20.07854856197364,2.26353577402335,15.881479450706195,0.015292404250393509,0.9998870543621233
piecewise_edge_rule,14.191742381710437,14.683144805101385,19.25523205962381,4.014880008529447,-2.4970058279501792,0.0047336212325491175,0.9999888352915748
piecewise_edge_rule,14.353756565792041,14.3052517978002,19.959807382177654,3.687372011702772,9.972754330730158,0.006680875754465492,0.9999784904681588
piecewise_edge_rule,14.705409049258176,14.924009237994678,20.121270544051583,3.186395409120786,18.02330735963931,0.0031370713802483146,0.9999950802516955
piecewise_edge_rule,14.260099350355995,14.924290621811982,20.34510007671931,3.759322516871002,9.747474524810631,0.0060374102414372955,0.9999820842331929
piecewise_edge_rule,14.210443082517589,14.759301551600418,19.37371193190957,3.232243037920457,-2.6483258399230953,0.01135013119507629,0.999935587640684
piecewise_edge_rule,14.653897475439566,14.361981929438144,19.60752432526467,3.8434722942637265,13.96732750366089,0.001977599248733299,0.9999980589276203
piecewise_edge_rule,14.051844459382426,14.83978060888088,20.2491278912792,2.9987305681311414,0.6719016699264824,0.00014002832495336445,0.9999999999929922
piecewise_edge_rule,14.359392417184704,14.234731993510152,19.566289956767633,3.015960625785012,4.6660303844469,0.00046872886665138994,0.9999998998226755
piecewise_edge_rule,14.435962450959735,14.989174049054213,19.229941804735855,4.060918880281205,-7.324367652207158,0.0006016145117191489,0.9999998333530635
piecewise_edge_rule,14.423844560955938,14.158016602142222,19.542585940917654,2.029851822199908,14.608611989272159,0.008019599730292185,0.999967857750004
piecewise_edge_rule,14.019322413884076,14.98845285698662,19.60798386022818,4.553561018159836,11.63384936660217,0.010930314219882374,0.99994073633906
piecewise_edge_rule,14.44433672631116,14.7428290997027,19.415441270036524,4.226814283210702,-5.155639688408128,0.009826332256469424,0.999952419406531
piecewise_edge_rule,14.50949719083644,14.608403303456964,19.081559464461463,3.7229206373424137,0.28994187661181847,0.00014002201304582729,0.9999999999968135
piecewise_edge_rule,14.937419500378315,14.860029936282638,19.026089865043573,2.5423336466150652,22.606711017952023,0.010899680789264022,0.9999408327942917
piecewise_edge_rule,14.996477428341224,14.131250405298939,19.75767913222674,3.8178519977633325,12.404387851562422,0.007291332729790947,0.9999735986762608
piecewise_edge_rule,14.24800016542289,14.45230899414911,19.064372263780466,3.6063965772342823,-1.4578827142568827,0.00041741298798500894,0.9999999227206168
piecewise_edge_rule,14.28530980849621,14.245210248517111,19.84592187292151,4.490037180248842,30.577669208569347,0.007981556526820168,0.9999682716223983
piecewise_edge_rule,14.08041705078562,14.536317336777987,20.160638861192894,2.1076141811027407,21.383560758380806,0.010083819963586543,0.9999492688750986
piecewise_edge_rule,14.504076819462359,14.219397697325801,19.10792801773272,2.3898338845595015,32.93937985508765,0.0064772282438632055,0.9999791385678003
piecewise_edge_rule,14.71454340059274,14.520389841488816,19.944067545388446,2.8212770629952084,23.596279100526623,0.009518626859581216,0.9999563046213531
piecewise_edge_rule,14.817232148607777,14.156179695946623,19.21302874885915,3.9847525660116956,11.730874136813501,0.0001394916160460331,0.9999999999926482
piecewise_edge_rule,14.588894207636361,14.96638023413683,19.83246594088636,3.8220600505625164,5.945373333931126,0.007383821972716088,0.9999728351816456
piecewise_edge_rule,14.064959626190321,14.209953843031307,19.031021420744512,2.1958577276201416,33.097565502400585,0.005564415733360764,0.9999845385073345
piecewise_edge_rule,14.51953223999758,14.43058347267923,19.544890217026307,2.2199471557491193,-8.77105437586819,0.006523124631585511,0.9999789177986443
piecewise_edge_rule,14.187202666487376,14.326621779941288,20.475298157163714,2.082533308534946,-0.8038103846363462,0.007370540322165666,0.9999734667308786
piecewise_edge_rule,14.071850907778487,14.396888210668928,19.088260532213525,4.298802176477527,30.21756530947966,0.008389063813234206,0.9999659172671581
piecewise_edge_rule,14.563192168053316,14.4314060354926,19.46461469176581,3.0267356403586003,33.52204082333302,0.012721667983713325,0.9999202188163452
piecewise_edge_rule,14.424323809714519,14.553154763952852,19.469592800223836,4.448304386132525,24.87912069305839,0.00013936328346022186,0.9999999999918393
piecewise_edge_rule,14.528778946474963,14.760727620919283,20.45823111358232,3.6117293994424666,-2.781485515338902,0.006265590281753975,0.9999803720558289
piecewise_edge_rule,14.294437476655553,14.877198343618819,19.269982005025398,2.7180671453559198,30.223930450219335,0.005088077604120141,0.9999872386897202
piecewise_edge_rule,14.614648627491936,14.855986256374218,20.222532521009718,2.885792958577198,-3.368446966176048,0.00013992531349180467,0.9999999999944349
piecewise_edge_rule,14.989559741522209,14.750924876803767,20.082892997340764,4.5293943776817835,-2.3823803557179595,0.004258956346823056,0.9999909958410023
piecewise_edge_rule,14.665152854410914,14.980522517099697,19.02560266084829,2.834252341974273,8.631900791060222,0.006317030896667415,0.9999801569491297
piecewise_edge_rule,14.090166243963814,14.305254821290184,19.10630914085434,2.5573290002302453,4.156496130303468,0.0031765530505902294,0.9999949552660322
piecewise_edge_rule,14.427312252840334,14.674861340332535,19.89996821277692,3.6749601271016905,-7.305842208937236,0.006514318955339871,0.9999788279065992
piecewise_edge_rule,14.16257140676867,14.457236947676524,19.50535836961717,2.571016231551788,21.87710228449906,0.003724885461845354,0.9999930827910128
piecewise_edge_rule,14.370356438038472,14.18399302578935,19.562355084669797,3.056777105894927,19.662580091969087,0.010466321689541902,0.9999453321127686
piecewise_edge_rule,14.935032496355468,14.221423840749868,19.62116198785313,2.5012696686788627,-2.4309208401330578,0.010778764591141713,0.9999419095637553
piecewise_edge_rule,14.526321301604678,14.810040856214858,20.102249478922598,2.1932714439759993,4.6972093432524975,0.009656665470049501,0.9999533997163939
piecewise_edge_rule,14.715639300522643,14.897928570001268,19.916285744332182,2.4215895895545048,18.22255335912604,0.009515626859994396,0.9999549695440003
piecewise_edge_rule,14.9581664203369,14.534541949735717,19.663039726385573,2.734709466078007,5.1292996855522475,0.00901165773927711,0.9999597274117451
piecewise_edge_rule,14.082335136948387,14.238926500538339,19.997121408893747,2.203919586421483,26.66771109290731,0.014324117205487293,0.99989741033941
piecewise_edge_rule,14.806915892377464,14.468820640146545,19.432467695321915,3.1771587513411164,13.077285724332533,0.006353939682260044,0.9999798208169184
piecewise_edge_rule,14.704101048653497,14.448731442739572,20.0053882663821,1.8657386271833454,32.58182623167909,0.0019027320855786718,0.9999982049094288
piecewise_edge_rule,14.630616985144593,14.24576549864017,19.9180068877993,4.410180114244449,25.194031296024036,0.011412077195904152,0.9999349048562456
piecewise_edge_rule,14.686040673126284,14.257081066556248,20.05232767662386,1.8016014519822239,-0.5426024673800427,0.00013998619636904758,0.9999999999938092
piecewise_edge_rule,14.462044309140854,14.092058133733685,19.271324090539544,4.523336816571231,-2.7500722712207084,0.008380219311588891,0.9999652085406447
piecewise_edge_rule,14.526350507161865,14.118586402204846,19.02690674849092,2.120160506234999,5.98656717646559,0.008039449083265465,0.999967725841023
piecewise_edge_rule,14.985022473976036,14.734037942820418,20.146639912701467,2.783689515759883,10.456775597001723,0.002098579055081921,0.9999978196038406
piecewise_edge_rule,14.724659447733053,14.686657585739937,20.38421425477242,2.538236378508775,19.317373036458513,0.006597953017623417,0.9999783762859518
piecewise_edge_rule,14.307659190716869,14.772276995573911,20.466846425894374,3.280636944575714,-4.384234692802821,0.0027303662907288855,0.9999962746527081
piecewise_edge_rule,14.02973126367687,14.025538107463502,20.14144097448916,3.2477806815015775,-7.7459003060657885,0.007689934579348143,0.999970583875078
piecewise_edge_rule,14.53794914779161,14.93291302154701,19.912676895864333,3.7528380058511273,-6.484659887021643,0.00514026883324546,0.9999868037336587
piecewise_edge_rule,14.634718991437285,14.466044377714338,19.0655936509228,4.2653259823752565,12.876511950586842,0.006512712350051296,0.9999788327878203
piecewise_edge_rule,14.0568739108334,14.787368712001092,20.303765664728836,3.2676591639346855,8.233222756860407,0.003373454904762545,0.99999433090322
piecewise_edge_rule,14.624819063970907,14.825695185308469,19.03431669850782,2.543972382224111,16.224987453348884,0.014516915219746549,0.9998951544366886
piecewise_edge_rule,14.765452634374183,14.125969460113064,19.170806585197482,2.7571110964864456,23.539278848161402,0.011773382078061943,0.9999307537946557
piecewise_edge_rule,14.81570629868894,14.900065226520603,20.20674194910611,2.9232363381399376,-3.929430075152627,0.0038954725320921165,0.9999924398259584
piecewise_edge_rule,14.468720639638638,14.136643629156396,19.800327419088603,3.1693396568174887,0.5265970704226266,0.013477033557099794,0.9999111538591127
piecewise_edge_rule,14.371091007336146,14.369541753260268,20.184312114755596,2.297877312523565,18.08646195311554,0.005993871485533575,0.9999820547931413
piecewise_edge_rule,14.267474634679786,14.545140488964275,20.165103041679178,3.1348197947947245,-6.329112268248105,0.0062395318846144715,0.999980601638384
piecewise_edge_rule,14.990626229659135,14.362303110181731,20.04599750926905,2.272529133680457,19.423179167393172,0.007928511282354405,0.9999688145731155
piecewise_edge_rule,14.253433217963563,14.236488074999425,19.863799337937646,4.4034043603123445,-1.4036368701460091,0.00014591781121191995,0.9999999992252158
piecewise_edge_rule,14.006675587219501,14.157223851332557,19.552309325527702,3.810818423645875,30.64685972376507,0.00013960785152705824,0.9999999999942076
piecewise_edge_rule,14.019009914813212,14.922967118248252,19.285174461495004,2.481761170784985,16.11030825165099,0.005718043288820918,0.999983652333966
piecewise_edge_rule,14.630072704899797,14.35510310338421,20.07863529169156,3.7898419777848744,-0.46766933498888186,0.00013955027031039527,0.9999999999930302
piecewise_edge_rule,14.475369825946046,14.427375911858904,19.885866218548237,3.4547362189853112,-0.798292567147147,0.0001396832709138404,0.999999999998902
piecewise_edge_rule,14.586125507710383,14.713613944065363,19.853751359012385,4.567497541861392,-5.98716059150903,0.006959858939681574,0.9999758326842855
piecewise_edge_rule,14.455520428188159,14.538753926183912,20.227084973278068,3.803001953275862,34.81589911236905,0.005273844753040911,0.999986561100645
piecewise_edge_rule,14.10511949725171,14.576886875217188,19.924473123393284,3.952446426398284,26.28822105080735,0.011550757050822482,0.9999332900507848
piecewise_edge_rule,14.226256839271652,14.267874697312594,20.241426712639065,2.67811249869869,-1.6230277342572421,0.000181630618606033,0.9999999940857335
piecewise_edge_rule,14.096950131432788,14.161433573290278,19.31056634637625,4.141913286870115,-0.3561472616742396,0.018805004216724427,0.9998255939837069
piecewise_edge_rule,14.522334365765797,14.346013588491308,20.124010385294806,1.880201356209478,-4.668507138538844,0.010181903739194899,0.9999486756594641
piecewise_edge_rule,14.69110769695438,14.370575675994976,20.050231602393563,4.098368456090469,28.472537901321346,0.0001409642404059509,0.9999999999930689
piecewise_edge_rule,14.815294440626145,14.99461841695354,19.062787587520237,4.061467669397374,7.147855361520097,0.008317087164794559,0.9999654313408001
piecewise_edge_rule,14.977275980490646,14.280036319256332,19.231682426250853,3.3171933578278283,5.12318878953239,0.007024919212992836,0.9999753473228392
piecewise_edge_rule,14.857310982339735,14.101641160431306,19.07403991117405,4.465003843091514,28.64859842121787,0.013270592172704966,0.9999124462208933
piecewise_edge_rule,14.361339747844484,14.91107155122219,19.329695490150694,2.6805161790222263,29.442235110703315,0.013830467533919437,0.9999045203357658
piecewise_edge_rule,14.14312983916808,14.934074439755468,19.882841287624586,4.487414886767675,5.252719342180951,0.012641133099932176,0.9999205046586218
piecewise_edge_rule,14.642443763390819,14.078061675537946,19.97330051618749,2.2851857277359673,2.008740276685547,0.0022367525147635207,0.9999975759708549
piecewise_edge_rule,14.244550391981232,14.634697246008527,20.49281015886474,3.651700088625284,0.5566654060813949,0.011744946007873498,0.9999329730164201
piecewise_edge_rule,14.972755085150498,14.75290064246854,19.35708170867327,2.0710316233246013,10.023637121029054,0.0016328135608246436,0.999998672399498
piecewise_edge_rule,14.449530338117672,14.326730954540468,19.99688873197189,3.620193420570061,20.78919174372522,0.014881982724028334,0.9998914866788288
piecewise_edge_rule,14.870967300947763,14.902732434131641,20.257762013973682,1.8696422489594726,-3.304864688620394,0.001654854357365123,0.999998633656208
piecewise_edge_rule,14.449155107788703,14.83066125912863,19.10884961015797,2.2919853863465143,-0.9173464707335768,0.00013951212919417153,0.9999999999865973
piecewise_edge_rule,14.463803323687966,14.074869976341768,19.873761498733842,4.417515226031871,2.714230187327688,0.007153538262973741,0.9999745262681479
piecewise_edge_rule,14.439456775802226,14.219335754782668,19.194510869943894,4.02422121160881,21.412551140014468,0.012945194212088049,0.9999163588191515
piecewise_edge_rule,14.689770596353085,14.99610528159287,20.254976299437615,3.721743683429393,19.042811230616906,0.003329605049343863,0.9999945958610585
piecewise_edge_rule,14.79397480531431,14.03564881043127,20.278866557484413,2.9840771509593242,1.2238088042656692,0.00013984465322913016,0.9999999999926644
piecewise_edge_rule,14.59317390262493,14.185225511918485,19.783990414086205,2.874227680450927,22.175438304612307,0.0023865464853523293,0.9999972286462385
piecewise_edge_rule,14.52569847102448,14.039351698786668,19.73232418446687,4.527593884310391,31.885911796544185,0.01411943455342223,0.9999003557233076
piecewise_edge_rule,14.994905226578199,14.682603861559711,19.72093542596564,2.739591472416003,20.718902618391645,0.008742975678281332,0.9999618424777745
piecewise_edge_rule,14.166237056774163,14.035659739334672,19.732472862473035,4.449551006375868,9.925457874607016,0.010661562550554072,0.9999434753456526
piecewise_edge_rule,14.726940238834567,14.494937980505423,20.409768545012945,2.006818442480582,-7.8357892720208655,0.0130454585592475,0.999914916138354
piecewise_edge_rule,14.708087254887339,14.872008649559849,19.777959000949558,2.810069712851396,13.566993015607515,0.008935472339937429,0.9999602837692839
piecewise_edge_rule,14.835453729330442,14.020173786825806,20.413014676163456,2.8743923367730737,-7.10942122691374,0.0075583513120468975,0.9999716443073662
piecewise_edge_rule,14.378572200715107,14.389338686046816,20.233991135359755,3.4137575356334198,-8.733844522167747,0.011285731775596067,0.9999370507515651
piecewise_edge_rule,14.135729267744065,14.844541340249107,19.368277779556998,3.245755735890513,19.65619333703928,0.002974645415029474,0.9999956127252645
piecewise_edge_rule,14.441017648088767,14.812716885333108,19.194548682620752,3.8521939160076784,19.438627119686785,0.0038635884679963264,0.9999925369453636
piecewise_edge_rule,14.038888166793686,14.882516098568235,19.03991997345934,4.416977810163686,14.6385302288679,0.007438015528886155,0.9999723485386255
piecewise_edge_rule,14.732579850190298,14.107539001215354,20.154944504282337,2.811852880495544,5.632811830647727,0.008365076159201457,0.9999650625424075
piecewise_edge_rule,14.944538732444673,14.281318746796966,19.55330900791305,3.1653117052123454,-2.7420820743259693,0.007052431971478709,0.9999752359629573
piecewise_edge_rule,14.536167030036355,14.557463724518637,19.768128682931444,4.5811287752662295,27.73217494479747,0.01291720917510256,0.999916596454873
piecewise_edge_rule,14.07838836611526,14.082722381240686,20.010586480011963,4.056837500288647,8.957090762687116,0.00481407384604073,0.9999885937533668
piecewise_edge_rule,14.810538104186685,14.458026322930683,19.533355149645683,4.572004916955695,25.890544695356063,0.015635794663587468,0.999878114083579
piecewise_edge_rule,14.32860653456607,14.589154046066728,20.124089614287374,3.3813729042257896,30.431911241985745,0.008440695895276469,0.9999645608547527
piecewise_edge_rule,14.9003091701653,14.205613551753908,19.64230035865102,2.3974438633954778,6.063576909561743,0.009349221958779661,0.9999565707127279
piecewise_edge_rule,14.327239500003364,14.070779843946564,19.36414985619835,3.6694022749702686,-7.906110438494601,0.006543470259553575,0.9999789022945008
piecewise_edge_rule,14.783931252349653,14.322438721732977,20.232582445554577,1.9713398012741374,-4.616733876172722,0.009459978409528507,0.9999554564912256
piecewise_edge_rule,14.445778386921809,14.585646106455586,20.219155582248586,3.4399518670733964,9.188348310816316,0.006522813908463998,0.9999787373273674
piecewise_edge_rule,14.555188523410576,14.45440845517557,19.464792243193507,4.054356567637496,-3.4342075900099918,0.01473713292556083,0.999891568033578
piecewise_edge_rule,14.394495019796047,14.17096019177556,20.202160863082412,2.8086463099673975,8.817460754669575,0.0061304171883635366,0.9999812260839903
piecewise_edge_rule,14.115632902457232,14.824601148040133,19.57195948421196,2.911972615363675,27.09969755892643,0.010339706516857354,0.99994666359718
piecewise_edge_rule,14.043971297778754,14.74909826278084,19.196424496709607,4.260783934588208,-2.7579071558328287,0.0010663402200718048,0.9999994362533029
piecewise_edge_rule,14.876779016177252,14.938235941239604,20.299373350827928,3.223624544255318,28.502203249382532,0.012187042586373603,0.9999262694866138
piecewise_edge_rule,14.03311642089264,14.875996201468878,20.063802354992298,2.26457628631341,28.840529857967276,0.009514514709107288,0.9999558520618641
piecewise_edge_rule,14.701857608580971,14.821068908928634,19.3777902540835,3.076856878870137,28.53878235309105,0.009812334486204239,0.999952082205256
piecewise_edge_rule,14.616810998409195,14.068692109822154,19.659083160813026,3.7403387558320773,27.44064186370919,0.009009180803437503,0.9999594217616612
piecewise_edge_rule,14.480308853684722,14.953574517339648,19.98012844143949,4.5856102447838145,30.75816612663443,0.01320047161571915,0.9999128808522298
piecewise_edge_rule,14.263637087635376,14.927743336850643,19.575297344282287,2.924192107397123,7.671799350313599,0.016686995963988434,0.9998638359998822
piecewise_edge_rule,14.718750206190926,14.831143700081888,20.186670963181616,4.0116001496168785,25.432345942596548,0.008109775039914825,0.999967631251907
piecewise_edge_rule,14.711617526605849,14.876623160682225,19.144619430518244,2.33086345368624,9.600392380572544,0.012972287905005495,0.9999159254528954
piecewise_edge_rule,14.90301950907455,14.62772170696358,20.28518031971783,2.0463745605976325,30.001492896507017,0.010819395263226351,0.9999436777924244
piecewise_edge_rule,14.194089435210188,14.802081856057287,19.033255336727418,4.502200142313536,20.01814426919975,0.010761404362884221,0.9999422797368064
piecewise_edge_rule,14.891900291599194,14.23733132600623,19.17257358343831,2.9156937148822233,-0.30205709331203323,0.00013929765567784438,0.999999999992718
piecewise_edge_rule,14.873624037705454,14.437032845702106,20.223061290760672,3.5902999504853117,2.3277218258604258,0.007792262673156203,0.9999698010512258
piecewise_edge_rule,14.835650416644219,14.634919014334843,19.563880373413628,4.367279802369681,34.60965417052444,0.0151721250574799,0.9998855706544358
piecewise_edge_rule,14.735561843065776,14.457499375608014,20.053729592028123,2.8606698893750626,30.76273427742484,0.013745298233011224,0.9999055698749111
piecewise_edge_rule,14.950804917439969,14.524560757683156,19.4330053134058,2.569784406735811,17.150510681402825,0.007567137341556177,0.9999723782083196
piecewise_edge_rule,14.910606193614015,14.71218275726322,19.785016803457207,2.110332647866741,10.327817369912218,0.007403457184844335,0.9999728052495025
piecewise_edge_rule,14.090081597434471,14.265941708526679,20.043900357749113,3.3436656814818004,12.470569807193911,0.0024177007335509696,0.9999971312063968
