ray,displayed,delta_cx,delta_cy,delta_height,delta_width,delta_lean,PC1,PC2,PC3,PC4,PC5,PC6,PC7,PC8
7,0,0.10091396549675835,-0.04443249916468872,0.01139890947666089,-0.17625681766936907,9.864112147072856,1.1565563698536825,-0.34982019715616,-0.4055338402201169,0.11528701977493572,-0.2787074535693216,0.06061532217568534,-0.17232436641190607,0.17952498353686575
9,0,-0.1848978505396115,-0.26828488808462225,0.05387567080124711,1.3171694439644677,7.490815904469909,-1.906411145185177,1.8780440620004517,0.7103776719470226,0.6927139378786973,0.28634809227952923,0.9603866708358935,-0.005552302710204973,-0.17576866469649718
14,0,-0.10482602755677206,0.008232096832825775,0.12830441379747626,0.2383340470547779,9.856788432570834,0.6222754881459897,0.7068646858815413,0.585558863786046,-0.09484060984358017,-0.35311197941196115,0.012462776903719712,0.04430569909674558,0.08320421163247241
20,0,0.07761495016868025,0.18015570172846473,-0.10400966943365475,-0.7094013406780655,9.125879089993788,1.4797313891205963,-1.7106700336697918,-0.2590690845057373,0.34625188943605467,0.46947163417634286,0.019411304107344485,0.24766159985165,0.028696361711231896
26,0,-0.08518917857699648,0.033596331327579776,-0.19901313649813446,0.2226073661969945,9.932158286480021,0.6706221314693361,0.6492456945219687,0.46662975662910355,-0.08009038845026654,-0.413937984591511,-0.15339723442861872,0.09130642783220135,0.10590791758625201
29,0,-0.028073084285864525,-0.2119357171038132,-0.3156545049516808,0.009717288162342186,10.061612629284546,0.9767117967712493,0.1020715305794081,0.35400151918962997,-0.2133826294172951,-0.404829891694617,0.06090919967357446,-0.1207520305896381,0.08139906558581778
31,0,0.46340042594924746,-0.11031635212489554,-0.0955357241273731,1.33989327677123,-5.054517051811033,-4.518733716208951,-2.3732726771533335,-0.4855202527350376,-1.3869113254666465,-0.7077197011527608,0.34922482290177204,1.091470178418602,0.37500265715457687
32,0,0.27944621186864715,0.07580776926664612,-0.3459067235966202,0.2625186685502787,9.823284216711087,0.4168592520443423,0.4452931019382336,-1.4760297573623034,0.08825956758132122,-0.2085062864876978,-0.3176179700783348,-0.13232583677578244,-0.04918593250420955
39,0,0.24100997732084473,-0.2371873031386471,-0.1647047771176986,0.16018981505171537,9.914833933165315,0.6587131217956456,0.3136719707300782,-1.0854419231765684,0.04098435324673826,-0.4352433995263356,0.17448723621114548,-0.2825338339407035,-0.03947616489549059
41,0,-0.10212706916322922,-0.06627498371229912,-0.08845485568691913,-0.23644851676020506,9.760675981760329,1.2214175002948928,-0.42940613191109245,0.677519101316714,-0.32537366652233596,-0.06976641695887459,-0.054491959369269156,-0.19493625284628885,0.08295823125312128
51,0,0.008579623895673905,-0.1677396194364018,0.18899294908097986,0.7584761903286239,9.473470626831425,-0.362905914394947,1.695685891252356,0.006411029027734147,-0.025496468934355573,-0.29959285983364103,0.4592744378863166,-0.03481236749041894,-0.27163246004075864
52,0,0.15742108660104037,0.14863747051097143,0.04611342776020777,0.5934561098921511,9.75320387821013,-0.042082210157399075,1.265670202798445,-0.9140049038073064,-0.1545632810162745,-0.1267720123495925,-0.43523535819096504,-0.0584746986684591,-0.12541698152709752
58,0,-0.04833285779345431,0.10821242351681448,0.06060649129970841,-0.12358979692719263,9.874057932199062,1.1278529762034517,-0.16606062087473364,0.26688382378815045,-0.11386215576539988,-0.16037665300371165,-0.2698151789843017,-0.068624447767742,0.2102283809000363
61,0,-0.05515676106182532,-0.06920478308341771,0.27238091131135533,-0.33433530957591495,9.653706442771721,1.3131126181393002,-0.6762966887081142,0.4402244386768899,-0.24096405810132893,0.033783117847131935,0.07184446402877544,-0.2619566697326233,0.09412129519364965
62,0,-0.406582148499135,0.09398094715160354,-0.1612863784809413,1.428073031368256,5.853371187236378,-2.4057101712706324,1.262225282849546,1.3721411845618683,1.4435015782207932,0.48808641074009834,0.10912993516265192,0.04191548421745905,0.3993918031874852
65,0,-0.23376418923465891,-0.1163262942594141,0.14249937863043627,-0.5780176239525594,9.046193863567566,1.334231167801531,-1.1604225011159208,1.2426216142173458,-0.6761950137740086,0.5310310931187754,0.0030201886268830247,-0.31699326207096085,-0.34347088095897055
69,0,-0.17914941554345631,-0.22617454385188474,-0.08325554359709386,0.14475038675196883,9.844247557896825,0.6843741222206148,0.43133525424247493,1.1449387995541143,-0.27041383449512957,-0.24650196128135138,0.3184035514368749,0.007492845017604221,-0.047430113271684976
70,0,-0.2148718979104558,0.12167915573786203,0.59489820271477,-0.5676044780602925,9.014336307384053,1.3491795618650735,-1.1722741288700516,1.040977299610316,-0.5256677546398304,0.6451074456959028,-0.19622527129416562,-0.18437682181430037,-0.1939371733596148
72,0,0.09772841229337104,0.11581668233174547,0.18181535236366386,0.08134912296569352,9.845920401914746,0.8322620919781968,0.27464810014207086,-0.570802993661336,0.10046944747709541,-0.32388010755971447,-0.24840220489701853,-0.09308397403838119,0.18967192945701852
74,0,-0.17949437365685839,0.0525987536714112,0.0372944135554647,1.4043328470715295,-6.3559059735327486,-4.791190021037795,-2.4672961816618333,0.7239779666547426,0.9102342916997448,-0.9539652607671932,-0.609677656972214,-0.3758384577033607,-1.0796820811065477
79,0,0.2981289497935826,-0.13075229432845248,0.15777362193004763,0.356425669428885,9.657103500890859,0.2602329596768225,0.6740512185203579,-1.449417053360537,-0.10177068439093127,-0.22905164930157595,0.1080776385985516,-0.44619754244110865,-0.16311228257476637
82,0,-0.003770325541225361,0.09576434963241454,-0.06279092744503245,-0.2702908752410056,9.856155229555625,1.2749825561251014,-0.5567279119901498,0.06380451560884512,-0.02086019526694323,-0.07049339404962562,-0.2188506964843894,-0.06193241186266636,0.20171617354270485
85,0,-0.16009738125095474,-0.22594098788361272,-0.39163094972685997,-0.11436345010902205,9.931914584682445,1.036341302837774,-0.18086732341480985,1.0497936159791768,-0.4314293148239928,-0.10177761272029691,0.03856993345386782,-0.054750135791988834,-0.04337039735556063
86,0,-0.4130414358751828,0.4527598943055633,0.2414190752075882,1.154816889875896,6.771199725129519,-1.75285212953715,1.3018850397530002,1.4634592609797086,1.3592625241089733,0.6667248531292951,-0.4090594571679986,0.6131747804780159,0.36516325481987555
88,0,0.5131333364869004,0.2531033804473424,0.499003916877502,-0.10094575795794203,8.49043629244828,0.2107662437969013,-0.5643292451436537,-2.5408792602898305,0.7141110715457526,0.6113663778769832,0.16526695135294273,0.26341833033812867,-0.24089690433120384
91,0,0.04931967923224789,-0.04352660999754043,-0.15843425390413302,0.2790376920237181,9.919659285812418,0.5913899227936865,0.7487180514552308,-0.21758389792134175,-0.05239865992792026,-0.5283307708717992,-0.08499062097636167,-0.09796757640515703,0.06712630157698349
92,0,0.04922361677337861,0.139079167504212,-0.018421053268625087,0.6180518627788203,9.798873071742726,-0.03723814875705744,1.4183242145851058,-0.3818915166382202,-0.024364645457265063,-0.23827070749860108,-0.32604569666731675,0.14099937087113484,-0.09753195645823984
98,0,-0.09152174705410232,0.11738030150645962,0.8232078499120128,-0.2531582268828414,9.40485099446963,1.1805308377270596,-0.47671897413647035,0.5016495818492318,-0.2205448324889924,0.14620164949310832,-0.09408106260366572,-0.1658396059389658,0.15310002952471413
102,0,-0.11357944124657138,0.29596228416134807,-0.20071062105818882,0.6625277430608016,9.622050998625486,-0.15033010852208323,1.482591283551296,0.31917801104277815,0.25753610156222173,-0.15671804238589626,-0.4449869937444762,0.584385949950898,-0.03022083967507859
104,0,0.2675610764632008,0.02270847413986843,-0.24683160695636275,-0.25379542856681425,9.619725090019578,1.0397519031903566,-0.6401441921591079,-1.2607982319213045,0.5478812217230931,-0.15046142393380874,0.12681509326294446,0.08543765674278062,0.0914492312597927
107,0,0.1575550858648409,-0.04291019387909678,0.2776084963429071,1.0439734035696482,8.99044983912587,-1.0710346095644827,1.933819180934793,-0.7116879384375382,-0.38954859419989557,0.26836472792731203,0.1500023289913678,-0.12935955469846966,-0.45916604924484533
111,0,0.10847336835865384,-0.13841438951278207,-0.02161191003475693,-0.003101372819251047,9.8864999473018,0.965477466836264,0.06741335131710152,-0.4237509951620488,0.021019752387967668,-0.45674188778008273,0.1254762698266228,-0.2577100115771105,0.13454005228939062
112,0,0.3559818082429125,0.12470970271033366,0.33021388096399207,1.5868923610793448,-3.002567426057217,-4.620832794779215,-1.8751667041476006,-0.5181296549471942,-0.9296564550548438,-0.08150180025351234,0.15474087046282362,0.3596953768794048,0.691823595180109
114,0,-0.022896594609386867,0.34054393914330383,0.2402203458692611,0.10114716432874493,9.756699155678238,0.8089008174066162,0.3480038374695982,-0.07526181059744314,0.0599892333339934,-0.1837558199939883,-0.6219906458588208,0.1578490253236836,0.26462110658428784
117,0,-0.09604836990837207,-0.013346018704188722,0.49650628509033723,0.20301032434192123,9.686623038742734,0.6419561842125201,0.6413797301418762,0.564407200354037,-0.12674618959990416,-0.29987527446616535,0.14119147766616377,-0.06812554348334002,0.08732736324938563
120,0,0.26495247256718457,0.5783864613888081,-0.1005275969335031,0.6519252513266354,9.413714520506481,-0.3661870792996637,0.9601352966886096,-1.6160252502561343,-0.20230819842659192,0.43399216704366805,-1.0324162314482477,0.044812859800098026,-0.19327483283716354
124,0,0.020554050457224804,0.02471863990351153,0.07493368129641453,-0.37380086402546375,9.755001161556915,1.3539579106877555,-0.8164989097190178,0.004169846827435861,0.011020192257223692,0.02185502145322508,-0.023874547007898546,-0.11494740242876017,0.15662701619455932
130,0,-0.03961252276485894,0.2309949537023055,0.16915618443674774,-0.37264639081546314,9.679722965124729,1.3409083436100815,-0.8099192825543604,0.16821910199479473,-0.020985075951526676,0.1735850798919698,-0.3438598726813521,0.02057889253753358,0.1950605121923602
131,0,0.024876242985156338,-0.08584877496617338,-0.22293283196362879,1.421306545109843,-6.537983275119607,-4.837671117647691,-2.6459946791262747,0.39646779287207656,0.1471678313408732,-1.1618020881890165,-0.3518794040633838,0.1379832490627892,-0.6467409264862152
139,0,0.06945887375230697,-0.22350333790488364,0.04420621599676622,0.2020432728535848,9.843504072245945,0.6934415928052521,0.5713156475182677,-0.1905021124063367,-0.11358862171492623,-0.5676832997369328,0.24828249157858256,-0.2876330933009123,0.041158729301569996
140,0,0.0045914175988315264,0.06735969654206286,0.3192647798692505,0.16132375766759388,9.811321035345113,0.7477700874839996,0.5240213203125093,-0.040656014523612116,-0.040002580402961216,-0.3645971245517014,-0.129593626266762,-0.09708799876135521,0.16054026535967114
143,1,0.4392591735304041,-0.07459675759246487,-0.21321682722818736,-0.8739632882523327,7.748036642503414,1.0301200806658166,-1.9390154324362192,-1.3592103036995933,1.0334632559489965,0.2993521429407873,0.8253647747032953,0.9319346616032235,-0.22139950334107306
145,0,-0.247955625445897,-0.02962706109848412,-0.3953458873265667,-0.11263324948071674,9.741160274901194,0.9661307477108401,-0.14298531121558822,1.3714065512653628,-0.433757228470968,0.08278297670784297,-0.17751421085968683,0.09067540718450778,-0.059724851445605395
146,0,-0.04365183693222896,0.1387492359390059,0.21146177607104377,1.6706392841665156,3.5719194430697856,-3.4480503407702505,0.954534268628512,0.30880605742374667,0.28600000196361247,0.7458820328286357,-0.0885303356022607,-0.4460382910917467,0.7329013177197126
150,0,-0.22674264263125643,0.4091923665730395,-0.12596351022123997,-0.34583582697079374,9.46545857973167,1.2368311179969929,-0.7085323719976037,0.9852222992750632,-0.3371121345589751,0.3895086122791649,-0.6897920446321189,0.12472675709612202,0.04345430216017172
152,0,0.1108601244531453,0.00621105585487669,-0.10248587562788458,0.4786052842435691,9.848415889819137,0.2231090962739089,1.1250576375747718,-0.5931166874186731,-0.09165125561524967,-0.40558486481091804,-0.1738716339965726,-0.10517082502622171,-0.06818053944674984
155,0,0.2169421634623614,-0.025420922110843236,0.7699264635335581,-0.733242114740638,8.480550126573632,1.3242318232093362,-1.771004619822163,-0.7361928053789821,0.6399291538591454,0.4486019109749789,0.6602859579189073,0.2355875242345948,-0.031563473168093506
156,0,0.13211620650898048,0.5538122760962256,0.04243664517720447,-0.039541085354460215,9.693638615697367,0.8522899586381099,-0.15547272896799674,-1.004540285256478,0.427815567260605,0.009309695720206568,-0.7253483148494202,0.2601648338085174,0.2136211098999202
165,0,-0.0701632031375361,-0.16549651265596133,-0.09549390034725747,0.39250001633123865,9.883510208542397,0.3820217335948658,0.9969293194533357,0.4780556968540421,-0.059820505715113104,-0.49031602340430797,0.2605968809047952,0.04407852130328285,-0.03230949534644582
168,0,0.33501544428271934,0.13518697487188192,0.3268763777178165,0.6738909405940587,9.252004548501386,-0.41699017361405377,1.0633157280936063,-1.7064369442537626,-0.4166957497588672,0.3027934763290427,-0.39856406166649283,-0.31797016782116544,-0.2775073765907378
171,0,0.13530158510282675,-0.11132133921508292,-0.22420171812775536,-0.05246198852562589,9.97139812910159,1.0133740569393037,-0.08949841410071627,-0.574378454609106,0.10267373218846004,-0.4096917698539015,0.03523533193390507,-0.1522946237505318,0.14102786408437012
172,0,0.008105381782657517,0.07784219952074523,-0.2575436135956011,-0.09645944431486608,9.93912710258465,1.1047238479629398,-0.1389343577183074,-0.012386835845600838,-0.018977776761365805,-0.29230444851591747,-0.28346898397475506,-0.04792252065473092,0.21742128772126296
175,0,0.4974309220463944,-0.33966767091868455,0.09212572642352157,1.3167445658779116,3.365120528481069,-2.9637304328011003,0.20924036857643447,-1.640677437216013,-1.5713531308118385,0.4003133245865303,1.0638368849965396,-0.16555044746185613,-0.177317365384434
177,0,-0.29362741038296036,-0.196275868222326,0.3267029536728039,0.3419568353301461,9.171372770491644,0.18655746430902534,0.7676849690040739,1.682231875542134,-0.038780439087787555,-0.040767225522442996,0.665945915042363,0.1674343895652118,-0.10880952479494589
179,0,0.02890768651146125,-0.10292190390865485,0.31014344511003955,1.4910780264652645,-5.480932919354845,-4.898869433207029,-2.4715923831415907,0.3795192402924359,0.10925079148997174,-0.8901862400946476,-0.10793772801840681,-0.07417473329533752,-0.3308611779416678
180,0,0.13402611770445283,0.37084116641431564,0.4353950883622417,1.3597927954199696,-5.9312411555242415,-4.849900161073456,-2.614100043256763,0.2409413688899792,0.06340727081795794,-0.8885829143416775,-0.580341394721738,0.31113192816229485,-0.3561016131169018
182,0,-0.19604054606179666,0.061335081746795694,0.008214769810848566,0.05728621803318301,9.810765405379517,0.8261649348298867,0.28414809850520306,1.0615521233654102,-0.2402830343985242,-0.10752083449654237,-0.13198754105572874,0.1006767935126933,0.07081691391882335
184,0,0.15055902737465487,0.185881602683855,0.053280022440507224,-0.6321937991027817,9.20361997916137,1.3899816712012159,-1.524296500015775,-0.6134207006636179,0.5380258048504917,0.3425015756863879,0.09890405840984162,0.2970167131185261,0.09424760721515546
188,0,0.15188201434208537,0.3603360678662906,-0.42936549178888583,1.2561489183644134,8.473642968569191,-1.5985031646677006,1.9009046775071274,-0.7652952905926674,-0.38584045547287854,0.6870486876198895,-0.5659562796082311,0.2664997163833299,-0.44863947646797053
191,0,0.2117361763917156,-0.06476503559191293,0.1844142728620568,-0.6797560707353956,8.950731607018383,1.3705654215388208,-1.6347516113729201,-0.7201464313746968,0.5850192232921905,0.2875418883426621,0.5401094959962061,0.19606973116956083,0.005941841003021281
195,0,0.06668131808170052,-0.3371109627071256,0.2276211957731924,-0.3815684499545777,9.576935730583308,1.333261939426018,-0.8713876028755113,0.001639001954197597,-0.07865104460219886,-0.10329217762215472,0.5130926158022,-0.3530357319835884,0.04142086117746994
196,0,0.05768320798663318,0.08605107998578987,0.5626264945775183,-0.03129789190247756,9.693589269374687,0.9679400432318956,0.032576874564468214,-0.3122181878689707,0.05577628646718992,-0.22513107042254182,-0.08035950542152209,-0.16671623953589415,0.20941010178995256
201,0,-0.35862150189515596,-0.27711067462209016,-0.09710502668739451,-0.2691962083196202,9.146735965939392,0.8653738967501049,-0.4506941949299358,1.9724056065037718,-0.733568972909781,0.47570031962402515,0.21895364363374306,-0.09593445774924789,-0.44800912167193974
202,0,-0.1101085852606083,0.17974856450559962,0.4899032874905487,0.6766979422550152,9.360631030204523,-0.24871783009932838,1.5623417141631066,0.3771741469807717,0.22314572381475542,-0.07391182972553173,-0.034485238908169374,0.38047432470314735,-0.05865089921838311
205,0,-0.012194727389708504,-0.040133651794807434,0.04132374660441229,0.4420501506517529,9.821508020241332,0.3039159551695906,1.1343224988962368,0.07835525399972776,-0.02688262790855904,-0.46919770172748687,0.06751304057061858,0.006702387968950696,-0.016371519613757497
211,1,0.06314165579668085,-0.21562557096078727,0.9743848384468166,0.822826207973625,8.793141597288756,-0.6857599733662052,1.7762329800485106,-0.23704553080611143,-0.15567578734913728,-0.012516701790874385,0.6834449934749515,-0.2751098062540173,-0.3351863225604063
215,0,0.17025705919634326,-0.12218564341862326,-0.2460182261260897,-0.4215179393030972,9.701680628685793,1.311935479981334,-1.018135539815783,-0.6216856948880289,0.3323082820081221,-0.06266292534510184,0.25093558019820805,0.016002173195086518,0.10075209205075027
217,0,-0.14314312513478988,-0.11326021674745412,-0.24064076671742285,0.023723004947082238,9.944469533126092,0.9068329853292467,0.17514891482159345,0.8988579098264096,-0.29188550273228514,-0.24212027273164505,0.002482425717117445,-0.012239252395059193,0.03982103455704848
218,0,-0.16572427787743926,0.18965807195882434,0.3454743723743974,-0.7399440451900039,8.866858230323587,1.4786883209424022,-1.634041898612882,0.7369650133638408,-0.34897711734440096,0.7796895349699547,-0.24465299097516907,-0.08471338286754701,-0.2585300533563924
222,0,-0.30530471771564294,0.10430132914826551,-0.01620764839105604,0.10632628203407091,9.580594340544987,0.6270444054115588,0.3440652076102342,1.579060395854875,-0.21688764309099742,0.12663828232433608,-0.10889109914320681,0.3057317884543803,-0.02429560826530701
227,0,0.04672234476647219,-0.015204935177301593,-0.04278090684649882,0.09694073508815881,9.910387172778233,0.8574929411351567,0.34145927875657317,-0.19380576950185474,-0.027829741786860783,-0.4587060483485851,-0.09320879878357313,-0.15233541393810177,0.15873011506883777
234,0,-0.06975419226908386,0.03301583671229302,-0.1472170718157173,-0.4036890882997848,9.692112162427417,1.3767431386834852,-0.867941528021275,0.4498750114144393,-0.2075016081777547,0.11508287625728958,-0.16026814860013988,-0.12010636428817036,0.08783150978817877
240,0,0.263604810394682,0.3349759892659794,0.1616433136806883,0.43909275959643645,9.548392824094524,0.05826650564532706,0.7600120105302255,-1.5700336506573422,-0.03212914113051868,0.1619792050838365,-0.7371193940226132,-0.024683003250785377,-0.058235265866758076
244,0,0.371981451800826,0.11090390783616755,-0.10063824187101389,-0.6278624339256482,8.652795668316841,1.0531301971298432,-1.4922120986757281,-1.4983522184746867,1.015180586724839,0.26670501185153755,0.4660625582749512,0.6182951446424559,-0.057378174703922855
247,0,0.21896263439901809,-0.04488664053079816,0.6248312685683821,0.8935321889262262,8.96869652269023,-0.8119423348895272,1.6755723509464666,-1.0257801439546745,-0.4854830476783175,0.24168524513985795,0.13750618228222783,-0.34960414986273747,-0.39985822615262845
249,0,-0.11016528721030028,-0.16404492609854415,0.2632582921604687,-0.24374086701702424,9.586076889787563,1.1967613351297244,-0.4286165223838546,0.7852743352390149,-0.40328041376441986,-0.03762633959856395,0.18454273695265094,-0.32844967211999443,0.032301646416935725
250,0,-0.10557137507723269,0.3267367114631341,-0.1149920694909845,1.635303418669678,3.6280359855413495,-3.327479995034808,0.9597270273284679,0.49778449352410215,0.5665381734947106,0.8299248041746365,-0.560130783967872,-0.2415181557331168,0.7641237716717318
254,0,-0.32698022812935257,0.013627604036077656,0.12106034833909263,-0.1354496780460943,9.355914747307374,0.8594054499061285,-0.14179204174986845,1.737508614821721,-0.5097339538663976,0.3462607759450554,-0.037225729865003214,0.04873528875343371,-0.16068697326683853
258,0,-0.07136317200265907,0.2840607346676691,-0.07398870245123845,-0.005870577562757884,9.864748305703202,0.9767561692194634,0.09906130198554172,0.25006635461898513,-0.03740680883129968,-0.1731746741663125,-0.5992663843170516,0.15128630378329808,0.2557360555151487
261,0,-0.06175870786086257,-0.08133071852513041,-0.2692831284992465,-0.1587459445870536,9.94783471340737,1.166533968295092,-0.2731242755894916,0.46810161251914656,-0.23538025551233915,-0.20513534453785548,-0.10042595813434416,-0.12439779719036258,0.12072364404693908
262,0,-0.3673714719708059,0.25234496128150674,0.25647869606025253,1.602039795039043,0.8082894657341431,-3.6795089371872303,-0.03866159321256247,1.5487443622169068,1.370781006741331,0.5733138518131476,-0.554791898553854,-0.6374761369762934,0.501173699076914
264,0,0.31497375727311727,0.2566342388540459,0.2774798250081183,-0.4860677479027924,8.977462594290028,1.0379152865048802,-1.190274802220618,-1.4766877201656605,0.9142328311800909,0.2801447161854227,0.18069366975131257,0.4656361931517262,0.045730952429290386
267,0,0.14197343840110044,-0.15072616299245922,-0.2774804381564273,0.9264025507324227,9.614081063407426,-0.6760829852933852,1.7593190812127084,-0.6040428808651583,-0.30472352138188885,-0.04511306815650051,0.08266639360453415,-0.013378801279586239,-0.4426961603460119
268,0,0.0012633365593632817,0.04191248715783935,-0.0004292631726308116,0.28737611986596256,9.894654749033148,0.5756571312749399,0.7984429562018376,-0.023180037576129908,-0.033801419707983185,-0.4553012031973114,-0.15575352155132186,-0.009278016861121608,0.09784836464428576
273,0,-0.29904385003129796,-0.09140221697074757,0.19390282958082494,-0.6296822263511528,8.809813839213291,1.2729303934844438,-1.2034211309043943,1.4582872969393605,-0.7776642786581877,0.6738434721930795,-0.06016282718370763,-0.30974557073078024,-0.5319738257245872
280,0,0.16847094170117138,0.1217483059693194,0.3795377595453395,0.21810464244857508,9.716093775747012,0.561161342950316,0.532672915204175,-0.9784070212661305,0.09035908576184999,-0.23479637440361883,-0.24516190354129985,-0.15550478734173953,0.08409585011083133
285,0,-0.061037445859090766,-0.02549069877413679,0.3492169998192338,1.6196559696060469,-3.8772002274071715,-4.786723731972135,-1.9818206090625667,0.5896359924200544,0.50172466983618,-0.31935706867235053,-0.08606054642860327,-0.4826977526610405,-0.044716825901195426
287,0,0.2067045826813878,-0.13394111157392175,0.08190454777264833,0.04575197795406449,9.768022313844163,0.8176188606304592,0.1288481982367849,-0.963575821248469,0.14337875090255486,-0.42158908937850076,0.19739570890779737,-0.2988287594460473,0.06270902035261366
290,0,-0.028823379589962173,0.002137841139896679,0.1138971131827411,0.25061485178212006,9.86592047164126,0.6269737173384456,0.7332689336784486,0.1759237619429338,-0.06817791882155858,-0.44080638257728066,-0.03500308637973655,-0.044946315238641676,0.09921193429353037
295,0,0.3164475737411081,-0.20633162254583226,0.146735267375675,1.5680649436737193,-3.3759785873008292,-4.621261888212051,-1.9770559619865122,-0.39496543484051494,-0.9964122509448611,-0.3093715748967649,0.5338219199983711,0.2325473358622108,0.5882164505351477
299,0,0.05419443710604277,-0.020623571443527666,0.22319737222946756,-0.21951308896022637,9.812122815731332,1.2110580601396266,-0.4309101825046682,-0.17088723331955702,0.034749335455589406,-0.17549337450657304,0.04883300295668004,-0.19142183064912802,0.18666843250883572
300,0,0.023549493485958806,0.33026069685125137,0.10124502620520204,-0.8600792404408635,8.538181737883686,1.5010482681087507,-2.0755003736904976,-0.06965084074790809,0.30379560174312376,0.8024953707467265,-0.08021251075821582,0.35564709930089927,-0.12039377568071953
309,0,-0.2631173477782802,-0.1503365163353294,0.36109479618423634,-0.06172356754854391,9.387048314644947,0.8241220885473906,0.01958372907046535,1.5520271147410967,-0.4779244322157563,0.12811860210556356,0.30604304612488625,-0.11949877736216724,-0.11361467823022378
310,0,-0.2899472910726786,0.07137886795325876,-0.3921497969711112,0.5450085686823072,9.37729479091698,-0.053452045361310624,1.0946895308361757,1.3964132372493605,0.3041377199363188,-0.11366727184846914,0.047076232059657594,0.6355641035954218,-0.029081081370129616
312,0,0.09467879532788182,0.17817335561703196,-0.14778488170666293,-0.06252681187890419,9.907409598387886,1.015729216860615,-0.09777022317525685,-0.5584364603308554,0.1885135136387684,-0.2643869760143686,-0.37059857569691046,0.033571406925909264,0.23697026000848614
316,0,0.06016399035808995,0.02180476349827032,0.6824320154366035,1.3059641305445568,7.181217101216254,-2.0413907578089376,2.0575814209590124,-0.29742725627438715,-0.13108975573894804,0.7908758879425573,0.4122903614392157,-0.07570400655666353,-0.30255851655433585
319,0,0.4148804793490495,-0.029785217702551492,-0.027390463988133718,-0.3049155236041732,9.103338974088715,0.7994428214196498,-0.811160074735667,-1.8816142458848086,0.7991879260839367,0.08223546745392146,0.4708565627506298,0.18824500157710028,-0.09318396729038925
323,0,0.030493306029526934,-0.18511574706703726,-0.2651477382454672,-0.4775786030090017,9.746972494357749,1.423529046431432,-1.1180949888980767,0.0968984208344413,-0.05946990393959525,0.07613509095868523,0.15832739164196982,-0.11576252588340305,0.03676491902002181
324,0,0.1304816585274864,0.0073490749857594295,-0.19110853089150126,-0.6276080360928686,9.313385109292401,1.4386604357569015,-1.5104270095083563,-0.4243694522902085,0.37624183682034334,0.24022944031171378,0.22311288911782307,0.13509076069186177,0.053328983563287274
327,0,0.3435389746540096,-0.025339994913409214,0.6059964382715215,0.09617030802716231,9.387412929341256,0.48905513348737073,0.08530762371893323,-1.7492386032757001,0.2697630704833628,0.0013953874546955014,0.21253279143089454,-0.2887506766760902,-0.09001875183038818
330,0,-0.048373719841693585,0.14736032161201607,-0.08517724068068944,0.04550164485236774,9.932774230935038,0.9285453315351154,0.2355199967798543,0.21517265321102808,-0.06596113962095738,-0.2974423576332574,-0.3756442889092864,0.0395826611207027,0.21047243708607796
336,0,0.21174180263480125,0.04066147871404091,0.21287468695632228,-0.2859756009991874,9.62199805116186,1.13078124632254,-0.6680993574423626,-0.9973067897301903,0.4617264974337709,-0.08301613385168125,0.1626056953369365,-0.0021396621423607626,0.14197864715998892
339,0,0.02527977208831267,-0.0912997027967144,-0.2474861496896601,1.7353037121735708,1.2201311320973174,-4.067787027184159,-0.1048598981896513,0.2393379718638146,0.052315483069167446,0.45498047110407047,0.21085793069707237,-0.6016097326491455,0.9432868216799619
345,0,-0.08704298395778487,-0.015157589271554528,0.03346247460638807,0.275616061186704,9.873642017548331,0.5750806057834098,0.7844953722820822,0.4987321354969025,-0.07588235167300644,-0.4112297162352606,0.029962607963011118,0.04152778899768733,0.06857611903604431
355,0,0.09001212934608027,-0.14243834171413816,0.31100255081630124,0.8528289344183309,9.354722643752776,-0.5912334823582083,1.8002019572713928,-0.3949541750623289,-0.19396799971778397,-0.10669496795952665,0.37244405843770767,-0.15526070478625376,-0.3651843473289596
356,0,0.04894096276919058,0.14128166619465787,0.023551649717418854,1.1335557878416775,8.897716836702461,-1.2553200035675978,2.078440602172558,-0.35392175891106764,-0.06550990488862977,0.39148827510794776,-0.1361591869209447,0.2869830985087511,-0.39030904834372643
362,0,-0.13228772196901062,0.08251489265801304,0.09148992111389376,-0.2732800666969126,9.690795138675611,1.2415324536673142,-0.5059086085035263,0.7292042206625976,-0.31606462110569583,0.09238491161960455,-0.23875525053538682,-0.11165348217976614,0.10531518535758302
365,0,-0.008936277401287995,-0.07890185273689632,0.1659135500250386,-0.048070151488641244,9.837131944512318,1.0401013142007096,0.022692910651020554,0.17989126303755798,-0.14086755937574966,-0.334852101480286,0.0635206606076093,-0.24146561990675935,0.1567579819509941
370,0,-0.03306692140327705,0.10354276971203191,-0.05627178675554134,1.6062191937213424,-4.656983044748181,-4.7968907953678155,-2.1658180464119123,0.525996070545633,0.5030373048314791,-0.5084281115246607,-0.37942429573649417,-0.2720351686068291,-0.22133808618771533
375,0,0.17249161204400565,-0.0819752781257801,-0.10120474916679001,0.21086891440840727,9.878423795115488,0.6318951944291529,0.512348110783627,-0.8411182788018915,0.016833275713532755,-0.4648973259461705,-0.02796852431016869,-0.24382882906644843,0.03725027180066905
377,0,-0.14346810411521282,-0.18975211610126763,-0.1397338192834674,-0.8245744577857486,8.793625379077259,1.5005991818094335,-1.8380921604765572,0.7854844627000576,-0.45695620144886495,0.6955528243740523,0.0889561913810951,-0.22118953534177554,-0.48164240806049424
378,0,-0.14522817959677603,0.42624687472454426,0.464094731796159,0.56846001392281,9.276500878738293,-0.0788032516421189,1.3359197276166686,0.43594602049316694,0.27479463521058134,0.039609548545414014,-0.532533741495375,0.6005863638045674,0.08242170370245432
382,0,-0.24174904599999003,0.08734748965951766,-0.4323054094448011,-0.3684493728230045,9.431722258374727,1.2232790846771135,-0.7260332613623036,1.2388016324497197,-0.5234020445426895,0.31191430587818786,-0.40380149792231723,-0.01208838699721676,-0.09777222988740328
384,0,0.33511962693882147,0.09735319486314964,-0.06318710423612828,-0.2627278989677295,9.398545447564654,0.904674714419057,-0.6902169110664809,-1.6265252566570099,0.7108839509761453,0.015561766912871177,0.1565497353444273,0.19431711024596052,0.02700592936250469
388,0,0.22666492629496737,0.1595371045870806,0.30959220470979076,0.5111179829819616,9.617381351796006,0.020768012538197253,1.0231567185249157,-1.276222636243842,-0.15336103111734428,-0.005872128641461416,-0.41697515324038203,-0.19321020366375824,-0.11072688517068391
391,0,0.18493404570215333,-0.09884117751866839,-0.34629802829332945,-0.8977468448092634,8.349847260995734,1.4378275501694464,-2.1852684042271413,-0.45444958276189634,0.5368356049288577,0.5418080414695665,0.5142816122680969,0.4581448432221757,-0.16917637481425774
393,0,-0.07713741426410081,-0.07097925348478284,-0.07527322301873696,0.09864875615344815,9.903316623715789,0.8456788310576846,0.3762432151947773,0.5228583133333202,-0.18217462807999307,-0.39374732799716006,0.01809333693181575,-0.08719846873979986,0.10172328653935732
397,0,-0.025796716460614988,-0.16149852318274682,0.7635837545622515,-0.8067309585838216,8.522172773506952,1.4964233399510891,-1.8848580360510798,0.3319363416977622,-0.13874682569656366,0.6865675544452647,0.4534667102404303,-0.2284185790318203,-0.28068931242989315
398,0,-0.29314559085074876,0.11814600967828781,-0.05226213838044558,0.1338920967972621,9.62753967477132,0.6111036527551129,0.4031569852136313,1.5056483959227358,-0.1788010680995385,0.078453665212398,-0.13903423262752418,0.33015928496203223,-0.0015764970756802013
403,0,0.022376252200345448,-0.10468667796000375,0.14241864748347055,-0.11507825018666873,9.826795410459233,1.1162551594662047,-0.15677202689234349,0.04004437586186381,-0.09677528716315498,-0.31558669298951636,0.11127429669016678,-0.2719280342539739,0.16045568414265043
404,0,0.13439197379933887,0.2554190909298324,0.7468085005599718,-0.4420451894124011,9.2412630715565,1.2491535596155146,-1.0588692335794554,-0.686195652814764,0.4706006976234689,0.25735017116494835,0.001801708883559211,0.13929315498580003,0.18284807437833506
407,0,0.27864014810471716,-0.27979750066867126,-0.013321892484686515,1.5795908745231984,4.1478120709140365,-3.1563439817571943,0.9026028790706317,-0.84511583175843,-0.8866594168554262,0.4427953481769746,0.7807726999669955,-0.39197384920344003,0.15031364077010922
410,0,-0.05386510532755828,0.0490053633444969,0.24417004777974682,0.45573693926838077,9.758777240963507,0.25761263543303464,1.1744235077201297,0.2285005427539872,0.02653439401386086,-0.3587086658652777,0.002574840932513048,0.1163375644944509,0.011869685003828595
413,0,-0.04287075642758431,-0.16834025183178802,0.11645825827170597,0.4688893947630848,9.70048509739917,0.22728891862325898,1.1857184374079204,0.3252443733513566,-0.036805759607024036,-0.49902402956125347,0.37946608733823434,-0.043868101269711295,-0.07126909344858463
416,0,0.41589535732969907,0.04834674203014977,0.220624533630847,1.2341400645438698,7.48981825113539,-1.8329112322805563,1.2911437261489327,-1.5737570531804461,-1.15868661811972,0.7102907178996116,-0.10514464147049449,-0.26656436283692,-0.3721735586751131
423,0,0.12825341725895711,-0.25429780976191907,0.3741045358443884,0.4932159039344084,9.50318694797258,0.12636142250474175,1.1822470534759622,-0.5135567788741447,-0.20136421057446854,-0.46729035818011777,0.4618560697881313,-0.4378461060551153,-0.17382025437654702
425,0,-0.20421575578675544,-0.0036108195040647217,0.39785779077651284,-0.05868412629133202,9.594463240488182,0.9273628765958241,0.03797789929866574,1.1618771997099144,-0.3721758002972483,0.03367380778392032,0.04303136021400647,-0.0805909020430995,0.02953535606708349
426,0,-0.21217722153088125,0.021503879952712524,-0.13673349896086862,0.7306615082885921,9.306786343148882,-0.35873630942618245,1.5091159760692459,0.962424311634205,0.3941970732723077,-0.1849688297347443,0.24776119381272083,0.5189752248885471,-0.0982262873643922
430,0,-0.16899058853229398,0.1409731083526129,0.0804698991106072,-0.14318801044222873,9.735571845198798,1.0908023222975984,-0.1817886641943824,0.8797210919384676,-0.3046577187611605,0.03575137538031593,-0.3228418889216519,0.0031400360200475874,0.12090584908798499
436,0,0.11297888555985836,0.02946155916439963,-0.2951747763194881,0.028827497561562332,9.941004616309044,0.9172778338369717,0.11462912589977628,-0.5681164239507777,0.10481893674402602,-0.42301958142779406,-0.20900409721706575,-0.08001720861097333,0.17373156470150566
438,0,-0.31199779345064904,0.30614806684215523,-0.2723823908614307,1.3066683954328129,-6.380323323217364,-4.502068654611809,-2.2915822380629445,0.8927147884393056,1.4499690869228399,-0.6212384738040091,-0.8897446611685792,-0.5960390458146104,-1.436081575705173
445,0,-0.04234789092442526,-0.03647536292382014,-0.012347947599540277,-0.65206675921638,9.289222429559942,1.5092648258534087,-1.496856044723245,0.35993159901397,-0.14747683317049964,0.421680794709378,0.07561324944253021,-0.13137845624019098,-0.07659239518448653
454,0,-0.13971562382802638,0.03497735419167469,-0.09067192039054106,-0.028125574858852698,9.855593860093482,0.9827998232399331,0.08392950893418746,0.7960319301150249,-0.2570973761957965,-0.17747157005589176,-0.17624392516423246,-0.014672623643320962,0.11326827036536521
456,0,0.21834723157766334,0.2800391858411668,-0.17891678165464242,0.568920519078361,9.675953226348433,-0.06918895233835703,1.0662554695819537,-1.283060214884162,-0.15392632743118634,0.026522494456408863,-0.7583655503361801,0.00174487090035505,-0.10488951943429017
463,0,0.14384048817453987,-0.0024447329695256315,-0.3231587179141613,0.5307681636737804,9.904864913282204,0.12607623424298464,1.1553741828420614,-0.7461827725070708,-0.1386522261245947,-0.35944947167695346,-0.2683250485298807,-0.07502417335670264,-0.12406458875065815
469,0,-0.11436217514431313,-0.22720397463664277,0.03271812776450034,-0.5390259452346751,9.38738177671458,1.4141485192953667,-1.1736958787534544,0.7926440229589469,-0.46318501798854805,0.30862827554637634,0.17578325355578178,-0.3128979158804134,-0.15567486530194696
473,0,-0.18642179785893553,-0.21537392585108073,0.8630510460142169,1.5657692446032963,-1.5282242913791197,-4.426918057420713,-1.1840447264268403,0.9964031879996829,0.7544141088794574,0.14638104151191245,0.37111371011444866,-0.9668643076691399,0.3388641194836736
475,0,0.07632879425417016,-0.04669807546525462,0.08587625349073136,0.05534617760112326,9.86709588261072,0.8983074456580192,0.23589522307114608,-0.32747452109926484,0.0003732478248317517,-0.4379816844838703,0.0004069287570085088,-0.2183930541723348,0.15741049744569863
476,0,0.03355286843452632,0.2915961174444188,0.18966871322031054,0.17896046001832744,9.781592187531242,0.6935813084019076,0.5131286425988688,-0.3653916243073844,0.0877809638609669,-0.25186047188465643,-0.5693825672603571,0.10454141065327693,0.2207050030947058
481,0,-0.30463582244601817,-0.055199550951869014,0.18088108731353714,0.10972318514972823,9.455023146825578,0.5808035768987063,0.3529746220782576,1.6838819679622783,-0.2764356099008818,0.11240737129792049,0.22643402384235656,0.15316657558139446,-0.09120100049641955
484,0,0.19927761171401137,0.09352605415499582,1.0402851972777896,1.3969663194635347,-4.624820292264782,-4.822304454756195,-2.4102431939188484,0.04176718637390331,-0.42934752296805356,-0.5733382601471042,0.07884348184524888,0.21086560666338422,0.1864131287154893
486,0,-0.2260508776274932,0.21223280307330228,0.026324937063598952,0.5739296071614577,9.487064473469697,-0.04905390291345382,1.2789155149880425,0.9740543693287518,0.30331465330670354,-0.09961577053949497,-0.14330071545743558,0.6124021711761902,0.01701689525960682
488,0,0.10003251727853701,0.04637124807828208,0.027950271315116737,-0.35405994430950205,9.765117186454145,1.3029083674240862,-0.7992863797615911,-0.4107584270865544,0.2244793561154102,-0.0427461656413866,0.015916329842855265,-0.035305886858649035,0.17998748927726302
492,0,0.04602897931576777,0.3062993107168914,-0.15866724957126266,0.13549536466301992,9.8767132457852,0.7677464618983612,0.3770670299177157,-0.42893734233084,0.11939054347190271,-0.29139894750340356,-0.6533335191750229,0.14323349362217855,0.22973959398243346
495,0,0.2693998289928352,-0.21590420408179156,0.34985832744898815,-0.5520549606999694,8.989805484259378,1.2471325194093177,-1.3352069335200056,-0.9777101339032312,0.6101751154906425,0.07924149220142088,0.7642395017069527,0.02014495283468433,-0.004473220855116117
498,0,-0.019495850575667717,0.1865008811300406,-0.31126250854201487,0.3518746911198507,9.89069267445021,0.4648620593104956,0.9011552564934827,-0.024633542056833463,0.038567334946432205,-0.40675119053230147,-0.4873264231009515,0.22743659119761253,0.11252011561374634
501,0,-0.14220448869249047,-0.17422657843810718,-0.17690632646790405,0.9424480140751119,9.185961412975448,-0.7864600039641854,1.7992957786820032,0.6440826204759288,0.37045359172833764,-0.12647489951801807,0.5669117237476169,0.3754405938632377,-0.2737055166288384
504,0,0.2326774814131909,0.2697900570544398,0.3975604358351923,1.573509285757691,4.147789120999312,-3.2199958939483837,0.9457649399589454,-0.8161826224867208,-0.5835574207176508,0.8508811843868457,-0.14855222820176903,-0.06322038951710174,0.3900347107728479
507,0,0.05885874790731549,-0.11357082820176778,-0.12555906039009557,-0.19220611064711068,9.927378021369648,1.198424168745012,-0.3860870001593619,-0.13449126378141263,-0.009720609796302349,-0.2792613732733595,0.06963862359090318,-0.18819654993461607,0.1576704040826224
515,0,0.02203863995136679,-0.05209152178200149,0.32417228522012564,-0.1819762046188389,9.773282532832312,1.1771313576997455,-0.3202780288964386,0.012276309538078081,-0.06301723435165939,-0.19557654477329592,0.08479114732610105,-0.2481790073844999,0.1752537487037933
516,0,0.10451848747002579,0.1768268827368331,0.20278920703380265,-0.1172879204115107,9.821172074314646,1.0567943788650538,-0.2180109497958156,-0.6021014217039796,0.22488144926378015,-0.1692345398477766,-0.24795254372728048,-0.009292206641165,0.23581770932894675
519,0,0.23421270814149686,-0.3035543859375487,-0.3690869460291317,0.9131548804784844,9.530156357426133,-0.6822326171204174,1.5824316689376083,-0.9102561442755283,-0.5248814668521742,-0.024983435695902695,0.17200418009881635,-0.18765311448481903,-0.5217815176967722
522,0,-0.08892466963807166,0.09452591790921439,0.09880197346151576,0.3417933816252319,9.855106690722224,0.46435447228581367,0.9287444489846792,0.4106193975579142,0.0010288653886699334,-0.35098511666355164,-0.13256484951097913,0.16505203573147756,0.08375639550014607
525,0,-0.029253661288969113,-0.2898295161692914,0.5187302608325517,0.9047963394775191,8.789031016288696,-0.824735052170395,1.8823363195217595,0.23740813670559544,0.056330954632494226,-0.1230526102549281,0.9465422270014128,-0.12915209266108624,-0.3614829866432277
528,0,0.16214676957967633,0.12276623242261309,-0.22522416417086433,-0.5574448497314877,9.406580606728674,1.3626488398609582,-1.3483417360894936,-0.6633512477153191,0.5087965529936007,0.1777259923599394,0.07753917007736316,0.2444995234233551,0.11356301412037517
532,0,0.19224146124711794,0.196948954838696,0.8085586174114603,0.12040199973439769,9.40033857821766,0.594395939445408,0.26892679188084023,-1.1496287265877123,0.21380118934739956,-0.0557612272862667,-0.19906887045306218,-0.12790276426730998,0.10021839838941185
535,0,0.21481567759884435,-0.10889104648479098,-0.046933150847209504,-0.44104551746442144,9.509090904453366,1.271773193198477,-1.0584628093902615,-0.8362306447762761,0.4662527767781284,-0.04177563479583929,0.38700126730821405,0.015200632256581102,0.08480583108917499
537,0,-0.13934863526935892,-0.14166000699972514,-0.003961462586712372,0.16161803548864562,9.838882174537968,0.7060030952438585,0.5106375557581027,0.8904777174868034,-0.21333693458686354,-0.33321731471645266,0.2182492653078721,-0.03342668195686395,0.02077446697374337
544,0,0.46500621001298903,0.6200432437582322,0.19172939279423318,-0.669990480836101,7.793764486412601,0.6486135670124459,-1.569088406585314,-1.9299986314496884,1.2341421951598397,0.6018960794773043,0.1484906801840506,1.1396633932882063,-0.21143790473980778
548,0,0.03342485080180424,0.02663756439391385,-0.03190906044408237,0.10396454300030111,9.919808543779602,0.8494987357931483,0.3623559750917782,-0.15380693844931326,-0.02388819400201342,-0.4330170935790723,-0.16191502633602367,-0.10899728889300649,0.17076919336329294
557,0,-0.0018646273098852362,-0.01673217371734559,-0.16258352781317598,-0.42449205294740233,9.719272243461582,1.3974776252792092,-0.9480655055598765,0.15274399719294113,-0.06062817534601507,0.053525189175544594,-0.024268881848634752,-0.11833515524710359,0.10827741659006995
560,0,0.26103771906925566,0.010879454383580622,0.7697288038931482,0.5427938382633442,9.23728339011916,-0.13589789155690665,1.057892048666009,-1.3582644128888606,-0.2664953542980949,0.05870862163899587,-0.016682161485181923,-0.4316183371284027,-0.21161342092899818
563,0,0.015872872707477725,-0.010019396934618285,-0.02686802749217776,-0.24736073978746553,9.858264845632355,1.2559236798585727,-0.49688965061413326,0.03156421724649967,-0.040547868279464515,-0.15485809315367852,-0.04899162942163655,-0.15617916318455,0.1784060351822226
567,0,0.11618417475749965,-0.13738321067099513,0.08582979379042044,0.5396837352552915,9.72038024820844,0.09292702407981868,1.2641070629130207,-0.5248344902461815,-0.16312328983728852,-0.4315757333512722,0.16484110506595123,-0.2536466005532245,-0.16012456518080245
569,0,-0.22373730800256908,-0.04471947141057697,0.12675976941054046,-0.28203580967137976,9.466542065883786,1.1488485764570848,-0.4826382482984814,1.2622330871228757,-0.5444037093117976,0.22219521603345685,-0.04573268403036128,-0.1818268947868216,-0.07814831857616182
574,0,-0.25770051009645734,0.2867423082328173,0.37684571798881805,-0.016536637440748958,9.520593308003445,0.8354942884128191,0.11249503538761968,1.240150407307625,-0.25154709216062693,0.21107779807340735,-0.4034994848888371,0.2387370874956306,0.10049285239387085
578,0,-0.07202015652357652,0.06435757778457152,0.009265655080149315,-0.6109705058560215,9.367576310520601,1.488982027795457,-1.3828875244358807,0.4350976843058387,-0.17922282451561208,0.43168214390642556,-0.09522840253973154,-0.08938378772725519,-0.03640366591496995
581,0,-0.03247050914290561,-0.1787675868193226,0.12004400615685284,-0.4144686164707294,9.602088800711371,1.377291474185301,-0.8958668284580721,0.40025882407831637,-0.24111822780634568,0.05151167558720611,0.21599014731237998,-0.30361631924193944,0.03312995466568914
587,0,0.18705088045634355,-0.024417725137013235,0.5152613906170807,0.3199169685400589,9.611203377497965,0.38818532772341363,0.7560808379734029,-0.9822005275929565,-0.04389265531010364,-0.2765617129018101,0.014763417332701617,-0.3353701648459558,-0.02483638204158918
588,0,0.011098282997901165,0.2138816118227851,0.04398544447894892,0.0013222090604636527,9.89033072653443,0.9692362998167975,0.10610486071035913,-0.1512371351351611,0.046731880303440776,-0.24841302304355248,-0.44539609506628847,0.03433892772408605,0.2538333529605867
593,0,-0.3169324698795837,-0.2468318066019819,-0.1378846377277867,-0.06997501268918871,9.478806373824835,0.7546204674691627,-0.06485165025795793,1.827562289501811,-0.5263817903743889,0.23094188044647265,0.2781277004086213,0.030658972182919617,-0.25593771571139745
594,0,-0.00963349867129537,0.4397289548234866,0.4793041711529753,0.8344839073632127,9.044831629640527,-0.655925313755173,1.7525159538549344,-0.281685274182234,0.11707284085862901,0.3214718692648717,-0.650065942432534,0.48198743636743346,-0.11065717121290786
597,0,-0.2598347692351073,-0.005864219779754265,0.19062789800269542,1.5633312390407879,4.8424412319861,-2.9785834933158446,1.3201721475731536,0.9371282547524519,1.0111905414634001,0.7378910214082364,0.2879688544942835,-0.3906091289443101,0.43111246320852475
598,0,-0.11442646459506634,0.007700322530144632,-0.2370042847160505,-0.1437069505660391,9.843906375866041,1.129846255672187,-0.21068075806945957,0.6891538949218639,-0.27950478706031034,-0.14280099587661405,-0.20156684447205783,-0.07752248099440884,0.1174164604244422
607,0,0.31934581716402377,-0.030826380242796603,-0.1583659007035969,0.49251496005531825,9.677936088246224,0.02048671498925901,0.8344569019379635,-1.574336919664522,-0.22356174353047614,-0.09461198013951902,-0.19196371171340715,-0.3475135770717112,-0.22016477449758295
610,0,-0.023570896454444323,0.08981021696618718,-0.05684991268909556,0.44120338830667283,9.870712531747522,0.31151859608847715,1.1209120721549422,0.04475721391657732,0.021630561121652778,-0.4041927696215522,-0.2041832357028868,0.1504861440700697,0.029795386847716564
614,0,-0.2751186543668229,0.149794080239257,0.1185041415205994,-0.08815698458464194,9.571847558134245,0.9113645119884186,-0.04283056080669512,1.4096064993210171,-0.3787192961576795,0.2177401438646236,-0.26428377730269703,0.13290260118755942,0.0008103287725468519
616,1,0.5400394103418034,0.491502075795724,0.050323074574539106,1.4508552960531604,1.022702964227622,-3.647361358225971,-0.6774751876290809,-1.6683644803585331,-1.34252050243893,0.5603565596667006,-0.33903088512937407,0.555995121468805,0.31865974071884845
620,0,0.03878416998524159,0.17735091966333272,-0.2268883717828558,-0.47855643389429225,9.65039705813059,1.4061787907524594,-1.12124144153275,-0.15377689363938213,0.1774543110424199,0.1641006101781083,-0.21284668190348843,0.10926638647410272,0.15915328521805236
623,0,0.3210311517240072,-0.17421329777154249,0.32986700833280125,1.4732243792696282,5.209951639418967,-2.806288167039993,1.2148850411485246,-1.0368951544350862,-1.044986560188655,0.6212126104951083,0.7524181531964247,-0.332393322550306,-0.14582894972310836
625,0,-0.16756164832524512,-0.07342406167113147,0.023105692539608924,0.2049762696839159,9.802357494604703,0.6257279647722364,0.6086915019906622,0.9852624283096583,-0.16137291167732204,-0.2863813523847823,0.16327119475022625,0.06057994981146783,0.02460100300517334
628,0,0.31514739205911013,0.0033237625107460644,0.2574841536059047,1.6146000615948104,-2.9583374340751076,-4.64318404347191,-1.8533672676810264,-0.4312303715521134,-0.8507702233633474,-0.10178355788505744,0.2914675028247768,0.19960988061520785,0.6705393987344359
630,0,-0.20834196989716958,0.1761571061867162,0.21495768432832563,0.09187453550996683,9.746047092265261,0.7628779641243582,0.36519991934853857,1.0430356583380156,-0.1757794104999013,-0.03030182106458241,-0.2511657492558129,0.1973426545269146,0.10886694171305286
632,0,0.13015913958234293,0.060236855884827634,0.257619303423251,-0.3772039852072133,9.647971744212942,1.2855759136521836,-0.8629068627622433,-0.5663080406162321,0.3179999035152145,0.015687310909071238,0.09812941972935373,-0.017851780041162023,0.17270239095976622
639,0,0.4851643217193331,-0.15485553395531682,0.08272230270378955,-0.6784702247613015,8.124120603198804,0.8731187041259428,-1.5344486686665832,-1.739285637434067,1.0442762902214344,0.23923345131013793,0.9588472657327378,0.6193995136065488,-0.22920069588781827
642,0,-0.08577339327847966,0.2160151620225914,-0.011890694393375867,0.5176680722389477,9.764413737576582,0.14520034976987417,1.2634249758815255,0.2630217942487735,0.13283230139065239,-0.26473105787262524,-0.34746640297984877,0.38874368221780614,0.03778661443367001
646,0,-0.07632232018053386,0.10477252019970607,0.08047891772400462,-0.24737834517381696,9.784954982226967,1.2444278634786734,-0.4650463891537817,0.42773413625900325,-0.1828739053623254,-0.001995551712718653,-0.25449872027017484,-0.09128831853895156,0.17306608625448133
648,0,0.28387481769580525,0.14164778998798866,0.18441698632815928,0.05553845835208637,9.678251948565514,0.6475258028638791,0.04433627650653225,-1.5438484809232385,0.347977040242433,-0.06975813496200649,-0.16523239748676316,-0.05175274697278005,0.03643909859384394
655,0,0.23170431082576393,-0.11844645588985436,0.30850392651101544,0.14560893791568574,9.685303905217026,0.6398505533395172,0.338286738807035,-1.1306434032484987,0.09477476266548493,-0.35195385911746446,0.19140903470951173,-0.3568455360460834,0.002536642374911493
657,1,-0.384601346403306,-0.1941892393032898,0.18445431090095,1.1804851372772038,7.074120411578407,-1.7327116931005417,1.3468566833527174,1.575389397629434,1.127303157081185,0.18602131509097788,0.8899698797093735,0.030842018794814553,0.15058708520164144
658,0,-0.01582450877243069,0.161780231116186,-0.2913404214968942,-0.2809870335751694,9.848934233478186,1.2815074506802815,-0.6035364022824387,0.08593780789151101,-0.004886859747728473,-0.05382281752709636,-0.3702766341474736,0.029403033610755733,0.21154661925567864
661,0,-0.07820231940600131,-0.045111049746779486,-0.06090430099359878,-0.037582086633230816,9.875613091327885,1.022350050406665,0.05508939527035084,0.529287386571382,-0.22304334700340916,-0.28889685812657184,-0.051579191561192804,-0.13674881383199988,0.1310270685554012
667,0,0.09236015493292449,-0.25290670597772724,-0.05823980269260076,0.8558144397965108,9.588453324607066,-0.5378411196633474,1.7435037316398885,-0.3397334695117063,-0.2050440355950099,-0.19837355832409154,0.3975617536371949,-0.08266316343986771,-0.41113436029249034
668,0,0.052713011366677165,0.09421632908944844,-0.17148796530705113,0.9469409611836985,9.464096782710548,-0.7440220351318386,1.884906137316866,-0.3589135819257669,-0.06748843416294655,0.05106545369534448,-0.1789886281613641,0.2405194851937557,-0.3295779026413295
673,0,-0.23828782003847948,-0.1536501353189621,-0.15593145040601541,0.24860335946911594,9.768982267454913,0.4834926977742592,0.6154203528073119,1.373778368137754,-0.14822974545850795,-0.16463912861905075,0.28482392783915933,0.20854973640121915,-0.06932767714106128
677,0,-0.16426518629772957,-0.04094579030730827,0.7356030964791493,-0.4190279029415134,9.194454614453626,1.2757499236379974,-0.8392182589590648,0.9495106878929518,-0.49037633447837525,0.3690598399887178,0.08392640820340166,-0.30246632926638534,-0.0686418412667334
678,0,-0.15094232656103124,0.022877447572595244,-0.06889549943119277,0.8273086368378024,9.302064602543972,-0.5305850218327512,1.7191205655030775,0.6242211162925948,0.3593324308556022,-0.15314050820782305,0.231573191074775,0.45587460804050733,-0.1632489258862278
680,0,0.16693514439229773,0.3228403653944909,-0.016830105016303776,-0.2878915167069023,9.638297763525959,1.1294915295054635,-0.7015938982279782,-0.9483400392193718,0.5205460705692844,0.034959476428149616,-0.3313196558463042,0.26245906147366616,0.22221342822531046
684,0,0.036311844597108234,0.10469314611141556,0.34286214426496286,1.284422149676712,7.92007185096488,-1.8017106814194062,2.149060458756051,-0.2638612861530166,-0.029386213151104096,0.68798704249923,0.1329328171580479,0.1683921930700284,-0.36101255728072507
687,0,0.3484615142620715,-0.08560459813945265,-0.33145377197700654,-0.21335632479913658,9.537902525187981,0.8901992821492181,-0.6107541922967751,-1.5963414340602164,0.5931956555306946,-0.11069354935315062,0.2642911192613438,0.10477727500405393,-0.021623089551316865
688,0,0.49590402555124236,0.23856644931115412,0.1234715290947932,1.2897500005258742,-5.2280207254511035,-4.545547203464763,-2.4608819032279428,-0.47337525668200675,-1.2866584066226747,-0.6652842539041333,-0.002568722216857,1.244635852187621,0.36023741857120445
690,0,-0.018119608883099048,0.022335771168071616,0.3200469696188968,0.08843126876067764,9.816750760116541,0.8545356113200183,0.3608364609215279,0.13169611696483105,-0.09158964024562224,-0.34555906729809815,-0.05133723006114334,-0.14201178030620032,0.16440357528420912
693,0,-0.09888699599815709,-0.3249637144081241,0.18726216788907735,0.2737024042734939,9.665300761331665,0.5071459373020951,0.7367602064420332,0.778817969161212,-0.1917622965957989,-0.4528161893405695,0.6114882633998315,-0.1568113484749966,-0.058996019953585874
695,1,0.5667340628599202,-0.21167251770293838,0.8959554540114532,1.1701239858078303,-3.1133197600473617,-4.201570696242181,-1.918952256655466,-0.9168973983064653,-1.8561191386336442,-0.3842447450887857,1.0916524703977142,1.0151067199622488,0.2878939549468168
699,0,0.07497563457100576,-0.00902342813597734,0.11962192610144484,-0.6246463699738838,9.333107483245744,1.471720539903474,-1.474378426592232,-0.17645557435927667,0.20253949907364466,0.3110482019035428,0.22143608314311702,0.00035424178313005206,0.03998607023287984
700,0,0.05230684344862446,0.28261665123099533,0.4220770208127824,-0.4820678282021036,9.43710055566617,1.3640595286527113,-1.129820109893652,-0.28928661104061265,0.2737104616540262,0.2994563392165891,-0.18717064639150371,0.1327335889962578,0.18987311160746217
704,0,0.23093113660727305,0.009553444570777003,0.022468474420545448,-0.06111623753190454,9.774216816436233,0.9012535438877606,-0.1497307167488408,-1.1569163419460817,0.33049928429088926,-0.26180413869771896,0.03616431369292719,-0.10523097239067182,0.10466339517821419
708,0,0.1170636526501383,0.40820335352900194,-0.2581166492442044,1.298410251342072,8.065060773118056,-1.7808899760782957,1.9575136776171915,-0.6490792086107705,-0.28169332926752155,0.8218061152470244,-0.5976430515259301,0.34784939541445015,-0.3849450907592556
711,0,0.16414139213710754,-0.31910457685616045,0.23859627482958246,-0.31046940521661615,9.565164108693807,1.2263035692639208,-0.7273409598175259,-0.5185370473742859,0.16035704777910875,-0.23115505088597765,0.5852825411778646,-0.3100496964274666,0.06722947409893831
713,0,-0.17344856355150284,-0.044976280296227245,0.21828741073868585,0.5441328848138705,9.524815607545062,0.020549810088324322,1.276123284647014,0.8926963031650876,0.15009015267996337,-0.27184070851091235,0.3570556944997487,0.26729540151480685,-0.06016639932994469
718,0,-0.326034304951925,0.5102958860568982,0.11547864491679505,0.5135073383468827,9.018660617793078,-0.08504731724032066,1.036944697530513,1.3439735082204063,0.42593660571973746,0.22379221272613414,-0.5137642790234577,0.8721230615697482,0.0839735873403526
723,0,0.015307465215183669,-0.25130338807013786,-0.0779884668438271,-0.33213222856276614,9.82512805471412,1.3213312428251542,-0.7325731624867898,0.19645140368810438,-0.16506825736231068,-0.10936461473278843,0.23945955991607232,-0.25415393724791685,0.06494746448292862
724,0,0.1018445299938886,0.03471237162149876,-0.3837537475800197,-0.6861164722131847,9.230177108795836,1.4742910273647951,-1.6701869691955793,-0.29098771660930206,0.32791069604349077,0.3404070592034777,0.12906097698950503,0.2045387555031427,0.011500948331015767
727,0,0.41046480165278787,-0.08691598349827245,0.095461411193007,0.46690689935350616,9.387071671491984,-0.09424008328719548,0.623115971722545,-1.9700380282956222,-0.23910576450326593,0.10102677850925623,0.024545228135961043,-0.46998856078984486,-0.31261137305528736
733,0,-0.04966999391879945,-0.01689888739169909,-0.21829739253246672,0.17506517623636508,9.96049689136844,0.7537167477747737,0.5357173270371384,0.31955420477810814,-0.10402784925366809,-0.4534014770298312,-0.11558603661341749,0.0003141875956711726,0.1143516581264115
736,0,0.361656477460496,0.2606562558890939,-0.16118312963990533,0.29764427163029783,9.572980829412128,0.1712558841744099,0.3308423140843152,-1.9736511712626128,0.1290540711583708,0.19401636225190552,-0.5372329137121254,-0.01777885024346345,-0.11740048301971445
743,1,0.06826123296296238,-0.04824070813184811,-0.14207301072828926,0.02026958159488501,9.934408557175885,0.9560154776472531,0.13753477708148842,-0.27200629139492416,-0.0009404656744874118,-0.44634668407076417,-0.06011043402618997,-0.16951343259573273,0.1666793355884054
746,0,-0.27970618928502766,0.38557891968380886,0.0555672848316604,0.3665277174954906,9.436763366555375,0.2595183769332853,0.8565674475254035,1.2184132250048383,0.17790621869163434,0.07703463930194236,-0.4992907529246853,0.693720927849753,0.11505076483488513
750,0,-0.18144924324941059,0.06446654552182984,-0.12850009198613677,-0.7354128588777809,8.953489810726985,1.4789381344899655,-1.6044967778344037,0.862514806804688,-0.44542866695984157,0.676110165093607,-0.214877549540769,-0.1378915843578318,-0.3282975276470488
755,0,0.002600553327873456,-0.06468654816238306,0.013731670326276202,0.9471423382951394,9.334176899453993,-0.765151285294441,1.9345471693500462,-0.05134514522500282,0.031659134113739384,-0.057936354283661284,0.27882003356012874,0.15076235272168592,-0.3518050314520669
756,0,0.08151475302913624,0.09092256679537947,0.14890219504676594,0.31314057570923026,9.835631035120542,0.5001757635028242,0.8169027349297268,-0.49840131762756257,-0.004611994238034767,-0.3799597720243324,-0.2526381956904724,-0.07854043058434829,0.07903221077667782
761,0,-0.381904470533426,-0.24302038109378188,-0.23441472708838162,0.9703476585232247,8.127519804270495,-1.1148675991321562,1.2414724387270073,1.7134047684595362,0.8905408766030573,0.08145475638454777,0.818545227414037,0.4337122952110343,-0.009474017158588824
762,0,-0.10594123688631818,0.14726470267669178,0.43099427923258204,-0.040516621346418535,9.724242366108793,0.9900909252348364,0.06331460420144752,0.5391935491899957,-0.17687306736281697,-0.09194941360092686,-0.23525475066731594,-0.03835546862123633,0.18801355635992012
765,0,-0.04234511440712829,-0.1521317426358113,0.05445897188188198,-0.15726042493380366,9.802780583985111,1.1568704979383564,-0.24648566065994065,0.42275037893918466,-0.24669110689958135,-0.24010870818031865,0.12832118535203674,-0.27809230770448623,0.11094913142503135
769,0,-0.15709595491742512,-0.0007860158635359937,-0.06311894681779862,-0.14996654051595737,9.753680374349312,1.1027861607134781,-0.2001959223103994,0.9161739336305754,-0.3575716599633711,-0.04997959695863004,-0.13634557845179326,-0.09777747536392324,0.07070404800739602
770,0,-0.07895931130251022,0.023900815810618425,0.46096143061620865,1.6714421075841255,2.491094448396333,-3.7489602870892242,0.5034597842476443,0.535666029311167,0.37903242763469785,0.6848501032465861,0.19871877100251245,-0.6704398648008881,0.8901098120292481
773,0,-0.11897044730581996,-0.36359594956897645,0.11388546759576457,0.9232159297608922,8.934963125393786,-0.8246121019231994,1.7705932368856443,0.66684346903701,0.2718494172975265,-0.1673426607795462,1.002241925874034,0.1185277493823253,-0.33161696065766316
774,0,-0.19628951644999226,0.30117005949116304,-0.4448283966909585,-0.19321037887230696,9.783173445752979,1.140108418098674,-0.3607642869128663,0.9170181236205163,-0.276051808076325,0.08609836064027768,-0.5601044097699773,0.1083825744076718,0.07698316939345189
776,0,0.14173196570785507,0.031226991310763452,-0.37229511238754753,0.3342025996350819,9.938756642288958,0.4611705281682046,0.7643991096066096,-0.7621653916913982,-0.020494847644927046,-0.4367015474534839,-0.32798327501738045,-0.06866166091048054,0.01722411224989028
786,0,-0.005607068755116629,0.31923229763020977,0.007584992413306679,-0.411188575821662,9.646837777474008,1.3557010830808949,-0.9432754675173826,-0.04745990834202208,0.12827165771368024,0.2059145966872452,-0.4403251556987525,0.15071624561692648,0.21782866080668123
789,0,-0.12469943862286392,-0.05445831380216504,0.2478465082515129,-0.41551638685073744,9.495746506648768,1.343907983594863,-0.8487861841757031,0.7684408753628641,-0.39946610983969244,0.22500604743650895,0.007670560981785022,-0.26090700025349084,-0.008814155625539721
790,0,-0.3726704917414061,0.10912670244932698,-0.276301697045124,0.05416250413710033,9.314685172314014,0.5815479028311207,0.1823726897393584,1.902726023039365,-0.2705783888173116,0.3015060845992603,-0.16212706590342602,0.3824248975069473,-0.12486532478077096
795,0,0.059086625077377164,-0.2354729836096734,0.2724119432041938,0.07795176009104132,9.68673728836788,0.8505929962678875,0.3033270619917411,-0.10068616248936803,-0.12148558373885757,-0.5231055199330668,0.37123195742755444,-0.40021104064891866,0.08104623613635215
796,0,0.07900775447030384,0.03984881073552948,0.08725343883894254,0.4173048496189251,9.833533378621198,0.3328849906776695,1.0410290904820592,-0.45578617937139787,-0.04910478802799202,-0.40024420877067846,-0.16849753771318288,-0.08124086498725291,-0.002082940501126243
803,0,0.08997480921103396,-0.02209706422304869,0.7702469262261253,1.6152704236235618,-0.8888755702351316,-4.485932096819924,-1.1538767094150084,0.10321746108351548,-0.10215571541477447,0.4752339626605032,0.434782155307007,-0.583787996239963,0.8536257206202008
806,0,-0.07147744548954726,0.0550565183316003,0.11268453159169312,0.10883406784587413,9.89147209779276,0.832238923945694,0.4112308821776801,0.3968491212546043,-0.12108173059550212,-0.32503750023854944,-0.14541361290551796,-0.02462233149810845,0.15259290363978614
815,0,0.1990612498207014,-0.06076421596445769,0.06471752900433003,-0.4178376570411855,9.541007555324821,1.26699024460256,-0.9880839603536464,-0.803800869205162,0.44307515683515103,-0.03720614055497522,0.3276882728487608,-0.006834037526914506,0.10965106108805638
818,0,-0.0278006761468248,0.0798978551730194,-0.1042739842625835,0.552743028015156,9.823801728379713,0.1038776767778558,1.3314822033778557,0.05243203688932836,0.05338959688541574,-0.3673475857491255,-0.16148094494976215,0.2150793187534592,-0.042241965311927074
821,0,-0.06514264648936319,-0.11140087586540659,-0.27293933276428817,0.880101576472617,9.542612994001058,-0.5802084253306431,1.786524122288853,0.2782864832298707,0.17501096328869653,-0.19219923703049255,0.27861887694153387,0.33771776191127456,-0.29045637502024974
824,0,0.2944889988843986,0.23833776478566548,0.011405925025311348,1.4655675739879621,6.033140034301442,-2.5817079443735533,1.4105197516952532,-1.0522332451437122,-0.8835644228060732,0.9023815230265229,-0.30037597124224663,0.15398256579123953,-0.11300427663797745
828,0,0.04121506431887312,0.18801031167999405,-0.14916197251283236,-0.06952126197535513,9.921536436008672,1.0524352311324816,-0.09046711840759517,-0.2772427928451489,0.09741453998450285,-0.25163311944603844,-0.41990553402083297,0.03451496803019215,0.25314264562531863
832,0,0.38276006852357014,0.10084777247282872,-0.3089387490796689,-0.6030971741509341,8.689792482014724,1.024103837993463,-1.449361261357803,-1.5531697218912142,1.0169187872413818,0.2232638336378358,0.43055902732590196,0.6274890184251284,-0.06722325261473308
835,0,0.07339504091505056,-0.19942839726980388,0.17862402008349676,0.2670625623736034,9.728072385045007,0.5758085736555505,0.7372642751899591,-0.23695049880034877,-0.11120590446405151,-0.5687093068613567,0.2880102817821949,-0.3240128363411375,0.013903185360799236
839,0,0.07880296501138417,-0.10090807275338598,-0.03509542617464945,-0.7201335841979533,9.104757329773975,1.5058342240098919,-1.7238250741767114,-0.11678118569318498,0.1885324436822224,0.39684308980772653,0.34668400035644503,0.013235325512814068,-0.05734948769401312
841,0,-0.3137340718200434,-0.10378295866490639,-0.03191888363812012,0.34047180033118973,9.369448126515262,0.22418584975697212,0.7378150766098879,1.7077876596611212,-0.0018215549073924905,-0.017689719862644865,0.39729163725210387,0.3320551959748338,-0.0935069211365227
844,0,0.012718043693505265,0.03630391761551799,-0.15044777077616445,1.4999117415278782,-5.834523345040487,-4.852330921738846,-2.488788709247029,0.4211687363759198,0.28154669011463623,-0.926266076512919,-0.3918850314037138,-0.018741984818912594,-0.4782826612364416
846,0,-0.19114831651169872,0.11262410286761337,-0.19609479285937326,0.06420114942390409,9.847998078350301,0.8306547582712607,0.28313388210055995,0.9991378689392708,-0.20340591580742046,-0.13433445109022701,-0.28026111594606906,0.17702625413959258,0.09621556484399851
848,0,0.4620427175749171,0.29505347838251694,-0.06101303953082393,0.7362131354852028,8.608722801119463,-0.7912023621806215,0.6621076964994013,-2.2465104363669375,-0.5666846312570075,0.6753675379152887,-0.7240525040810285,-0.15502132490058138,-0.3123422414449422
851,0,0.015341241553334939,-0.16996419681232844,0.46112705825524003,-0.011412743876789033,9.660521620775114,0.9642012722637001,0.10881800566337421,0.10499172729274821,-0.15051916057643455,-0.37915562485425436,0.29923695215006146,-0.36482088518094824,0.12060807276887797
852,0,0.07967579395385549,0.06130725144515381,0.14314915292756325,-0.15558626555587995,9.864256813038327,1.134239061041075,-0.2890769401950113,-0.37688736820101487,0.12192376571085448,-0.21413107794321562,-0.09318871769983933,-0.10923210052840747,0.21479347672610216
855,1,0.428491640167703,-0.18550546584499195,-0.45039310924040876,1.4743974054001399,5.712585322131939,-2.5869061147918693,1.0154870000800293,-1.295945733562367,-1.3551198921375194,0.5723244284085933,0.28317222908333956,0.027279726911375646,-0.3080642233147891
858,0,-0.11035604052190706,0.24689897491865942,0.16591942715506391,1.052728385365704,8.813797882250448,-1.1041825043443636,2.0114603722063014,0.2499421294675373,0.40110077322193516,0.31920425610844616,-0.13266271631885843,0.5726704059518682,-0.20940247564389322
861,0,-0.028838015543259488,-0.11994406932615043,0.31418270973503937,0.5045209434415576,9.629026689522252,0.14790383248733358,1.272057687799513,0.2076851813917614,-0.022630118920141204,-0.43343274627369294,0.3480105346210551,-0.052400486299419693,-0.07834437319571325
864,0,0.11197880692737172,0.09104811870628993,0.19592548622011918,0.2376192733470166,9.821725019189543,0.5999158701145865,0.6288439780996817,-0.654565125254242,0.03425605423393824,-0.3556550263167013,-0.24290757380328037,-0.12392318383490815,0.10738023266641128
868,0,0.11573085857881438,0.01379574939922712,-0.43745595445717456,-0.0632705863955687,9.998108719212965,1.0279026365453965,-0.13007074004585334,-0.5512386511037091,0.14147504614399653,-0.36926137258079583,-0.21091062143588815,-0.01366975114098834,0.18195921472394086
871,0,0.19401074802735252,-0.007134996935374005,0.1970109924838006,0.5034539267916474,9.722758108908174,0.10621125761734247,1.0960992175825461,-1.0056107380101684,-0.1749128453867118,-0.23652094140038216,-0.12527017070101482,-0.2826641713499421,-0.13295517349639002
873,0,-0.1381071980810873,-0.23838472220395346,0.0864926422318959,-0.0771942634460614,9.716771963101522,0.9967507331064988,-0.039876559384018434,0.9738441362412803,-0.4114930358319277,-0.17767547710718043,0.2759143283888515,-0.23860938563262368,-0.007471200567166814
877,1,-0.020979826892251197,-0.04911434944656001,-0.08700685035877598,1.5212434227496905,6.13248749843978,-2.5958137223289364,1.8308284559379013,0.0697809289628799,0.18538872296939407,0.6360303871011017,0.35245815081271076,-0.20035559812601328,0.04027619284428846
878,0,-0.3714811676916394,0.06242824500408517,0.5460531827921002,-0.43704171649067947,8.776816726734374,1.0255836786526362,-0.7372117001500214,1.7911851684791231,-0.7467997219816265,0.7517507563655296,-0.15131142565082834,-0.13571082547166138,-0.4299425030982638
883,0,0.002750733291120966,-0.030250181728691317,-0.16534268112123485,0.21290087226725563,9.93277419976565,0.700201684328365,0.6185159248232877,0.03759102771858805,-0.06929586694966651,-0.5077036261724515,-0.09028737880519516,-0.06419171477781233,0.10785469772664136
884,0,0.12703453776365237,0.47250148193706565,-0.09557439843661797,0.17691870941284282,9.817909613946572,0.613131606410737,0.35956671057259043,-0.9710753305944498,0.24062367215741887,-0.11638864641595667,-0.7856587537077797,0.1616225380530925,0.15193416859371872
890,0,-0.05951853552296882,0.021647250161668907,-0.0355061065188238,-0.38100938946709473,9.713691807986248,1.3617439076875677,-0.8075622520013542,0.40555914718056496,-0.1920013458818068,0.08723292949929233,-0.11836408640276955,-0.14332867149951192,0.10465851049507147
900,0,0.053889317139757864,0.17588424293811222,-0.2463762610665654,-0.3452063989572207,9.80718050318469,1.3101700962453697,-0.7899138849402931,-0.2626764956634057,0.18459957066702098,-0.011442595533366098,-0.2774250206645851,0.08555567033516565,0.2134264520192322
904,1,0.2739125085139502,0.27864439180863165,-0.12822284414782104,1.6261814830261088,-3.1577250388723597,-4.632705760164799,-1.9147456515211911,-0.27384297714398154,-0.49435108336234906,0.00021835441076378803,-0.2803670129667084,0.310905532628565,0.6493717187355758
909,0,-0.012813959949152576,-0.20101073849303752,-0.12735303565904843,0.20232270710431877,9.96198649405633,0.7091727759000113,0.5783232105153076,0.23873441187543892,-0.1521731768907575,-0.5261270092950464,0.17595186730636456,-0.1306748056287702,0.04373360052145101
912,0,0.22778518095170952,0.2696483976865931,0.03189633331825803,-0.1756896263213532,9.630864460111802,0.9580930734321738,-0.45258474206666405,-1.269298766294768,0.54540639414607,-0.025007064376518673,-0.2607827458526559,0.19611378459671797,0.1668962026958281
919,0,0.15369761652389258,-0.019363346893007005,0.15392418484211845,-0.018703699323999068,9.825314206815705,0.9356021862543649,0.013216488335173374,-0.7508254417390756,0.16291309820381705,-0.34685456143700283,0.029589633108732374,-0.1935947142129313,0.1504314046808934
926,0,-0.3138566661330717,0.04320344494470518,0.06494339920815051,0.802519650870547,8.754464187870571,-0.648359708946024,1.4345448950751738,1.4036107240305424,0.6459193214451286,0.044873672359718286,0.3978201073031143,0.6011147462630178,-0.04735390497983291
931,0,0.023011185428424952,-0.06347153244493065,0.0027128332124668475,0.17069611829549736,9.880441317925516,0.7547005833302305,0.530647801797551,-0.04168266523052924,-0.07712366400956783,-0.5023543522677941,0.009524234613880415,-0.16629692878099778,0.11516987212869145
932,0,0.08181707835152885,0.09042529863278759,0.284095718131514,0.7997781481804047,9.547417573704386,-0.4542476522526683,1.7082803578522827,-0.5045399740918084,-0.12726350832872146,-0.007879931712364008,-0.12832665992385114,0.0488988828154849,-0.25208699583874894
935,0,0.2666165941180285,-0.11085099655653607,-0.2869980558386622,-0.34548529291577523,9.607429353780084,1.1408860750584449,-0.8688526388290342,-1.1269631826287707,0.531584338747206,-0.1224943447752728,0.30417695977066445,0.09277963071993886,0.06251552455321711
937,0,-0.35015779230618627,-0.348608633013912,-0.23251357606153533,1.6798520251807334,0.13245655821151026,-3.848840271585624,-0.3600332592296428,1.5519831475628039,1.0581250276853298,0.11114945931160515,0.21322436831145006,-0.8739646861654347,0.26193235712532725
938,0,-0.09002113596142358,0.14477108887844103,0.2386540997881852,-0.20289050181788504,9.750024950052445,1.1896128199487013,-0.3469601163114501,0.46839281042541037,-0.18699071787991742,0.006544454597990371,-0.28726242599968826,-0.07146536274765006,0.18783382669006032
941,0,-0.006913092815512556,-0.16405943497188957,0.08790180648664858,-0.18504222510979051,9.794928526682778,1.1895977905643023,-0.32711860030297024,0.24700281983521916,-0.1844691245205075,-0.24982861133996268,0.17178379150579814,-0.30120555300757723,0.12381999708600583
944,0,0.16472680922955973,0.07801677897407977,-0.07866597690917843,0.0854041598812092,9.884743173573288,0.7917413184349754,0.22546191733089896,-0.8950548924470908,0.1654137332701639,-0.34767406877095075,-0.22577056092096798,-0.09453484815577934,0.13695711705215804
949,0,-0.3441963971708759,-0.05737075367530409,-0.0375078622631726,1.610795376702658,-2.861513525814394,-4.3948233764928,-1.2905457988708662,1.2869150140640744,1.3284866475146837,-0.28677747662737463,-0.34357067999355745,-0.9640492566147184,-0.43420919762567767
951,0,0.20279338080358933,-0.22049707865443047,-0.4040460063432576,0.38282655398512144,10.028292816314366,0.3716477263151409,0.7793555880931923,-0.9041518202241192,-0.1437512500044424,-0.44698915549041973,-0.025042881893035995,-0.2004600068530496,-0.12816454733114843
953,0,-0.13637012656742975,-0.06843879888906379,-0.41695368609507,-0.6204772628508683,9.374769216281251,1.4590665261831395,-1.393138309518097,0.7743484484408034,-0.4080034600878909,0.44792020883233374,-0.14544928587527964,-0.1079071106504721,-0.18984366859729807
954,0,-0.3856798181278194,0.5492154524843595,0.2537776239907963,1.3212806247769864,5.083051501181994,-2.4612653300905256,1.1244837922006747,1.3162877881007835,1.5334251322043428,0.9583461901561577,-0.7028217622567575,0.25291694456653085,0.5235860417697552
958,0,-0.38214946014274176,0.20463028693542462,-0.21566705728344715,-0.5681393477063352,8.777913734413275,1.1579184464436136,-1.0355867409996338,1.6677024419505606,-0.721626101519049,0.777982254933943,-0.5540391927036934,-0.0038230970175207324,-0.516252299026176
962,0,-0.029124962294943657,0.037104718336168574,-0.15297443779003217,-0.07491674941946691,9.92690414869747,1.0830257956116152,-0.05962200362520903,0.21164445555788566,-0.10959701166875818,-0.2879969366930175,-0.20934821884414193,-0.08987250743412038,0.19195786281222443
965,0,-0.08272607254046882,-0.1608246946333196,-0.08979798569389175,-0.43660940023849637,9.63880949814699,1.3824561503424317,-0.94273840025418,0.6239619587271217,-0.3485834589413297,0.13981052113176756,0.07605640616275522,-0.2427286236062586,-0.020795344374964546
966,0,-0.16743554883930045,0.14567701178311765,0.3490275474450186,1.5314671149451868,5.638122397778278,-2.7639070698720394,1.6481577591298313,0.5319162188892812,0.7427816151875373,0.8858168801281104,0.07457553930607963,-0.1354658907805527,0.2707733148952104
971,0,0.09151273247564973,-0.073692371204098,-0.019066942503275897,0.5764867319680849,9.779260186124276,0.042313847367745586,1.3394724298621012,-0.44330802033468875,-0.12487309549694278,-0.40100982501536536,0.043363559724033,-0.12800906329727715,-0.15456613788965845
972,0,0.014120512134377705,0.30346717803905854,-0.3611372958980894,0.7760301225885309,9.772298811579951,-0.34694665206792014,1.614220445180572,-0.30700484985310705,0.05642765515626505,-0.070925912779704,-0.5378792046811063,0.38156374722892406,-0.1935655904547093
975,0,0.5273029397951543,-0.36181590309569067,0.36638395106365707,-0.1658658183390478,8.471584824716498,0.4134307722403717,-0.6394617518316783,-2.275102917676522,0.5925608135541741,0.17107972354470968,1.0305061201606,-0.17057485082790486,-0.34354119939675487
977,0,-0.1752021752951194,-0.1275079847439109,0.44681206034573506,-0.24028971385405917,9.432660834576513,1.1289877958024133,-0.39443729091482094,1.088500750348096,-0.5006590878292444,0.11190079761788019,0.17268851509532626,-0.29554035564966624,-0.030217355744696764
982,0,-0.18264559506145694,0.12843965984680672,0.1467918223615463,-0.7075998695196457,8.981445550514572,1.4665443532937101,-1.5363248015921989,0.8470472537169683,-0.426332220409685,0.7066545570110142,-0.24412142024177655,-0.12503584052560532,-0.2694238342453775
984,0,0.1428885881562234,0.15144102793954417,0.08862995621332104,0.255462955703341,9.832267551423314,0.5474755728567628,0.6230700590507781,-0.8603169802041043,0.06686872823588362,-0.29583304941196764,-0.3830489214081539,-0.07440390446371385,0.09566726162241171
991,0,0.4350385731130686,-0.10916853858124043,0.574893439137373,0.15772937909742613,9.124788423137183,0.2426060428009651,0.06755584194088281,-2.1264423148236924,0.199610445770794,0.1572863632382903,0.38124240579966867,-0.38297806836432646,-0.24681972224699011
994,0,-0.04782128018297982,0.35297343962074024,0.5764773919607684,0.2126925322227895,9.564071568118123,0.6028108112595325,0.6239183118300374,0.036288459324727546,0.0546502760749506,-0.1330193306824994,-0.5355041922785864,0.18123151383595537,0.22224251721151123
997,0,-0.043741737886762166,-0.024949023192117892,0.0960483241643395,0.02069650361074915,9.879609488624052,0.9564073546993775,0.19752446442100638,0.3196715909523094,-0.15411321523805344,-0.340838820475518,-0.038169540893427695,-0.14864087973927032,0.15350854560432659
999,0,0.23978045870154752,-0.20876059279845016,0.4728238223749486,1.4160986153055273,-5.130634337369835,-4.809191663456937,-2.478334024967599,-0.057151247554357965,-0.7506602709733253,-0.8463153493469978,0.3512367318920542,0.39264602539378324,0.14712174513743187
1003,0,0.13036310871621026,-0.34466903688620043,0.16126782713626397,-0.6988475212841383,8.97864552991582,1.4622655784836724,-1.7076924866695717,-0.2227950992189048,0.19632847867649422,0.29625465565681924,0.6868763985577272,-0.0918854432378542,-0.09618998041236193
1004,0,0.020805022497578207,0.005549770513898267,0.27375010640736974,-0.7258927462081952,9.061832697140698,1.5166040200070328,-1.7088948055794064,0.0684282119635696,0.07578668264101701,0.5286461967768339,0.20967440741732252,-0.025078435849724322,-0.06747178908685839
1009,0,-0.22309254598656914,-0.02329897481034493,-0.2893573587212508,1.0021984340238346,8.819043517273364,-0.9780256913115659,1.7671115896969356,0.9018600228491745,0.633494274574355,0.009846561030096318,0.3765719861797483,0.5580463511504474,-0.1691444980624644
1010,0,-0.046235382025059835,0.04192476079226459,0.2228689055539803,-0.6879711841416745,9.169867322861002,1.5140139161847292,-1.5824192640927006,0.33070233398675236,-0.10945863058404387,0.5381982397754363,0.04098933290461321,-0.0887769879829172,-0.08342794072305648
1014,0,-0.133495554575779,0.17740130129586973,-0.03193177218794929,0.41962145806421214,9.810633329505759,0.31429907272797486,1.0623977535675937,0.5667481156132227,0.09439210451382975,-0.2783346287961806,-0.2596783645866068,0.37288150949903287,0.07359578522617899
1016,0,0.16963672944637231,0.06350367398387391,-0.0062439776573626204,-0.07534025156237423,9.850106636729265,0.9815478098109213,-0.14774155193454241,-0.8725515640213899,0.26615603462508935,-0.27741508905830675,-0.095188873389522,-0.06970467326762834,0.17127762500527954
1025,0,-0.360033923712626,-0.18044173737683167,-0.03179564895070541,1.0232342032623007,7.983739810876245,-1.2362253357160184,1.3942057836400494,1.5705146563242638,0.9244168124859597,0.09778773672073951,0.8242236509914875,0.3409004145900025,-0.00019323916481371606
1030,0,-0.14741408350187335,0.07798763394481512,-0.19477263308083792,0.46416585108329755,9.789803616392003,0.2319885581754118,1.1277802653802667,0.6972715288918904,0.10665137537243055,-0.3337246281347147,-0.0825593530389821,0.3674150669826175,0.01735830732493111
1032,0,0.18191045696956287,0.2054796993950916,-0.2797118714174154,-0.03372337638292011,9.838384880715076,0.8946989441318643,-0.10078158904533219,-1.038266150448105,0.335030909171026,-0.23291091743129833,-0.3880410627628901,0.09720952725158773,0.1788457600932433
1036,0,0.003507421119490317,0.24670790302038093,0.750577359268199,1.4470310346321966,5.6611773695435135,-2.6426456699999608,1.6701952377861935,-0.07721407098693733,0.119461838981353,1.0121552502677997,-0.06503168494059364,-0.11146815320266189,0.20379788523661457
1039,0,0.19963800055898595,-0.09039679159744729,-0.05585661330389868,-0.1316023678108471,9.79823219727281,1.0319827416324399,-0.29555968268491817,-0.9031311619038905,0.27363618465907,-0.3247643280164826,0.1734641496669819,-0.157678552702435,0.12063428346258356
1040,0,0.5088046165809335,0.47827906295607825,0.46507880534569424,1.2968139802503815,-3.7860401543912765,-4.434216700819933,-2.1730126024915264,-0.6681254523348152,-1.2749026740988376,-0.2730551681267117,-0.16213578256699443,1.1455685372315187,0.5669749152600828
1042,0,-0.015372149915108935,0.14187949393068777,0.1519440376831902,0.3765566045621247,9.83038689387218,0.41000856505349226,0.9970706927457179,-0.025714744409042326,0.015816604913428053,-0.35458075336393985,-0.2677087259326125,0.10999230868084467,0.08308310317091151
1045,0,-0.09755342926954214,-0.1517192011768156,0.3402553044629144,0.04457034169164675,9.689705675671924,0.8704431510290214,0.2692953958086791,0.7006312096163998,-0.2705921723337923,-0.3028260577793945,0.2725501166364046,-0.23362211356401735,0.06619160348126989
1047,0,0.2611905157114407,-0.010084225659671375,0.03938015449864807,1.353606000619532,-6.343366604899798,-4.806370453169286,-2.694998542801219,-0.0009123044341303177,-0.6333482612819962,-1.0939354664010916,-0.08890026210594915,0.6970498295275338,-0.14067150544684454
1048,0,0.31346852625774524,0.12358187971797818,-0.03437511730582088,0.3184258248576941,9.735566740687954,0.26658452309846553,0.5111191368673201,-1.6765845840945517,0.04496485973829191,-0.018720873990216116,-0.3412281366335657,-0.17104035270959136,-0.0969918406980454
1051,0,0.0735599893270642,-0.0767811483219134,0.6623080902369232,-0.6452028592125805,9.040372446272801,1.4510048975575218,-1.529250863021516,-0.13543780244717274,0.16336763926337416,0.3910613152985421,0.424034269705317,-0.10877703532989903,-0.0011379073949813398
1052,0,0.029889080914694333,0.06983091260090468,0.07883879879365807,-0.5720436762288288,9.476177915796058,1.4650757867277804,-1.3295245548641874,-0.03038349801251468,0.10493033904333791,0.2967660881264959,0.02625458506563222,-0.005327449381774051,0.07663068306901447
1062,1,-0.16062683538564038,0.5220324146579056,0.42696057913400054,-0.902619135482047,8.139028849408696,1.4687567432174389,-2.0638038649352204,0.5085394876522437,-0.10964054194285057,1.0669669322466553,-0.5063207754646503,0.21040002605624372,-0.4115041249149015
1064,0,0.132136344419159,0.016082054777681876,0.32761611363985566,0.23868977556962445,9.756020790121674,0.5811495900021209,0.6292944503373078,-0.7118852927270524,0.011456456868626286,-0.3681180166844399,-0.0805180246445168,-0.2250790151311388,0.07293798097933256
1069,1,-0.007789916234761662,-0.2419878010499037,0.674622654295284,1.593494845306445,-1.8216223912576401,-4.575739295993168,-1.4811080862818007,0.45152763435205423,0.14443952661588885,0.17556198867113382,0.6027862911181529,-0.7486338610256758,0.5792900564052962
1071,0,0.27012694947383764,-0.2746013173555415,0.19185961516233974,0.1555690646376533,9.655145991510764,0.6009923152096546,0.3102942166360118,-1.2210327923333395,0.04812171517681983,-0.40314845472646593,0.3989041768342605,-0.4457277356366215,-0.079830475860932
1074,0,-0.023771306422890603,0.19747194082821373,-0.008138197491099675,-0.09814695938019513,9.890685452328224,1.096410272339868,-0.12620290823103403,0.06838238638351014,-0.016434891316174354,-0.17144851832307195,-0.4228212622996127,0.020647353872006814,0.25090173202490224
1077,0,-0.15475278349641464,-0.008025518854474,-0.38780092946771205,-0.45522956633705025,9.571824799585343,1.3648549626573614,-0.9761091768938301,0.865611907188811,-0.42360416453262884,0.26637289661559155,-0.2458114450603508,-0.09835801336670204,-0.060332285478728986
1078,0,-0.3342877248595002,0.016858402835588038,0.2635628013411804,1.400093083858974,6.486377397666973,-2.272757734092115,1.5479121459941003,1.1340157151724235,1.2126144493058812,0.5090071649900552,0.4373095421539137,0.010375029653881453,0.2234963470592929
1083,0,0.03839824653544177,-0.14888979606863195,-0.14825222755778,0.3330517413765217,9.94449771146671,0.5077962070796587,0.8600179800637713,-0.0971185676877143,-0.09474878697393196,-0.5537913694757949,0.08541624878361787,-0.10712451368581113,0.0012682940182173266
1084,0,0.05749177452230292,0.05466923860460682,-0.0672148151830747,0.49129257870669374,9.85662703985664,0.21440098723688358,1.1888952749163544,-0.35730234764468577,-0.040959047908641785,-0.39529394380038496,-0.20901791962749766,0.015916054168941852,-0.03920327027045719
1087,0,0.568342920890565,-0.04899736353243078,0.5561700479764475,-0.02173139745627317,8.268319255622043,0.05784325810932356,-0.47034642777818453,-2.649378741285412,0.5064865769120754,0.5387812820221453,0.6137915305039365,-0.0552178217214628,-0.37857237597115334
1095,0,0.20584078709207532,-0.07341776232015462,-0.20306140202669098,0.37069826622600743,9.899211581496605,0.3626474159317055,0.7943327536685492,-1.0199543151134989,-0.08713966372320978,-0.3862952928178463,-0.12849820051455912,-0.23918072347456099,-0.07488029975960356
1097,0,-0.13435032113725143,-0.16612039420984104,-0.056823309281210044,-0.4133407287989468,9.562424606594195,1.3331915839277013,-0.8557075809913455,0.8758665683288337,-0.47200494162383677,0.17835239065961103,0.055641571420113965,-0.26722543305208823,-0.07195745395346634
1101,0,-0.04940092698076093,-0.03260247093160373,0.12665950857813968,0.012821659245995765,9.865215225059579,0.9631586189155541,0.18154635629486263,0.3569715587810409,-0.1676962636160335,-0.32814007490157154,-0.017547270008440308,-0.15875759420114385,0.14901625840074276
1102,0,-0.23165507868160695,0.029173122026570297,-0.4391334305100152,-0.3731400255661441,9.495269336677339,1.2345110342125298,-0.7426341039455127,1.2189022962684017,-0.5355816845397283,0.2949628209689944,-0.34132763181725656,-0.03711695081278313,-0.11072983506861817
1107,0,0.012894425769456319,-0.0018915784690598514,0.21547414157112854,0.3396598061349092,9.8068425079916,0.4725823182050771,0.9246617079772005,-0.06596538974526898,-0.04642440193124148,-0.4436207956031831,-0.009558585233470286,-0.07728371595376232,0.05207244402553888
1108,0,0.1568406505393245,0.34486674028546815,0.09788539821466813,1.028414560435051,8.923588756343221,-1.0800292288409,1.8081187797428537,-0.9115660580752586,-0.3272531458375846,0.5414148722015999,-0.7095102005079836,0.24162695100331988,-0.30374131770538354
1114,0,-0.03570882114080298,0.015522519727083406,0.009996820764179404,-0.13040632565849508,9.880043486520467,1.1401021681208736,-0.18318619285040114,0.2676755223371102,-0.1406381107207501,-0.21609959751306115,-0.13276074482128697,-0.1438398024155197,0.18233475135954974
1117,0,-0.03907717069607308,-0.3641271841002869,0.2677884277815288,-0.15878668618984992,9.617013566378056,1.1159422998877413,-0.2708454484661238,0.5440423091114197,-0.3534104745076429,-0.2646659391806965,0.4820676735851397,-0.4280488739902418,0.020830683526298504
1120,0,0.3932466035337807,0.09873484494417184,0.4110894722241305,-0.30916739595053366,9.001641480597748,0.7864285048399811,-0.8105999588289561,-1.8690836490894152,0.8313188888704852,0.21551394263121146,0.37302378219071264,0.22400468148837788,-0.05555371349982571
1123,0,0.11485752863518073,-0.18648043459208985,-0.21850529789744755,1.5252181594248375,6.152526748775801,-2.5786092851370213,1.7349440432755476,-0.33169798427181374,-0.3444238936847259,0.5847975236183923,0.45385885977632034,-0.20136799507603553,-0.09733312264510725
1127,0,0.15780875041011733,-0.15610490145849099,0.04693698411220737,-0.04916239857457105,9.8214423182343,0.9834530859612259,-0.06691968024653316,-0.6661791634893384,0.11541391246557625,-0.42114410666111946,0.22076080433070158,-0.273880694232837,0.11630150771155427
1129,0,-0.18529841839943906,-0.12141136278332532,0.0005398967165781698,0.5897263600875213,9.488793141636375,-0.07088705487954436,1.3122099218949665,0.9836443187979775,0.18746213648232263,-0.3098418904238836,0.4665437190575182,0.29165029329651526,-0.10261040013090669
1134,0,-0.18642286299133737,0.1366481767358465,0.1739982848803301,0.734842800493225,9.310054280277317,-0.36771432657691916,1.5804078626205746,0.7606071048586049,0.37730860635679864,-0.0839244208447548,0.0797978878433375,0.5352997512714517,-0.07238739401975222
1136,0,0.5783183407573045,0.3546222630146101,0.07330797540243594,0.5892339428042797,7.587686726613071,-0.937700191007284,0.021716012283008373,-2.743860422828174,-0.434911044305742,0.9327159049410559,-0.5466856023998181,-0.04351812053223673,-0.321045820422735
1140,0,0.10456001927206238,0.08545920982249022,-0.14270007355544934,-0.4155141861774436,9.716244119118748,1.3408069837892895,-0.968217667081808,-0.43361371382321007,0.2806227716270573,0.02117512562551509,-0.03259933183645568,0.05427461637043063,0.1698906715832701
1145,0,-0.24255367292938423,-0.23355584415303277,0.43936566569509594,-0.6410889205568884,8.745559524409089,1.3109210914867395,-1.2816452943681091,1.2994310826241051,-0.7544622762531367,0.6053519399597368,0.20858175399175205,-0.43401693975942085,-0.5008917002762211
1146,0,-0.08621913116567548,0.16463398990468647,-0.14345877066134705,0.03582468028538299,9.921489822477309,0.9330213467724481,0.21482409657888457,0.40968066536952175,-0.10372400920044554,-0.25373399108949635,-0.41419108222440154,0.08902056015502666,0.19986013120119028
1149,0,-0.031108940458238976,-0.04433801393557424,-0.2249106359790254,0.10665470451518866,9.984922417875694,0.855908756642118,0.3695470350277261,0.24899047795141996,-0.12125186849888932,-0.44342509943529973,-0.10362925384241022,-0.057467601794404535,0.13067747076283714
1155,0,0.028952492774665828,-0.18476814218498383,-0.014034740931901268,0.27228498962134484,9.875991070461364,0.5955741294302421,0.745334295530357,-0.008689023755181657,-0.11663252681761307,-0.5620857300223323,0.1988161079204202,-0.18802736459455954,0.023910326552184436
1156,0,0.12906261613494152,0.17907337905437082,-0.32814953426362337,0.1336483837761464,9.891357010351584,0.7418771249143647,0.32535770309207424,-0.7803465913674879,0.14742576424792847,-0.35801415746794596,-0.4872384554560933,0.03622616844315914,0.16618955965072574
1158,0,-0.3329116545326958,0.6277574291564818,-0.29046934424896165,1.4114947425197757,-4.62342187421675,-4.249282107758959,-1.738904058503841,1.0410508853797287,1.675486555273717,-0.149136694094526,-1.0668035938447302,-0.7546800479340876,-1.154223515844334
1162,0,-0.06882291851447597,0.1060383590596139,-0.18899075890284323,-0.2571926435449754,9.822486301139318,1.2604847466628122,-0.5090176854621908,0.39134142671454486,-0.16076053981307942,-0.03965048579113753,-0.3134008179645049,-0.049858380253859025,0.1733197510895244
1165,0,-0.017444819023728186,-0.08789501259198573,-0.06055973214647281,-0.6587625277805227,9.291639578415356,1.5126362183644022,-1.52920578388137,0.27946122115296496,-0.10368356637579874,0.38888915485982045,0.1554055386314471,-0.1292353787391522,-0.07673138632794646
1166,1,-0.4154612804402973,0.15271565644990304,0.7551262266476364,0.3300229660030949,8.410870162379293,-0.0379546514816807,0.6136857627270339,2.0780079364494557,0.13734069778237312,0.5019463643927954,0.23755034437965244,0.49945054501040154,-0.03612978310183741
1168,0,0.16813781465009825,0.05400328348083683,0.09679930773985745,0.5901311500299196,9.746154841634151,-0.03251710063324066,1.2700688069022945,-0.9050970615416206,-0.1900826977239495,-0.1849421023412112,-0.24791606260555937,-0.16501684856179796,-0.15838422071619634
1172,0,0.23816946826381624,0.35503752258584065,-0.16753117581230015,-0.1529661245945273,9.670687668068389,0.9044900098717688,-0.43913233450672406,-1.3686304223680772,0.583144306651397,-0.003490911138773499,-0.36629399326001605,0.25563966182673553,0.13719465517841403
1175,0,0.32586292848898246,-0.2000308802623323,0.514440799751192,0.6561230908378444,9.103268462157647,-0.3729411436030645,1.1488335573433641,-1.4930111572050873,-0.49370452720955793,0.022976547286277654,0.29759899059648615,-0.6432747215719404,-0.3808802055804402
1177,0,-0.06764098416929798,-0.045083582070130745,0.21787760429712932,-0.07420578171032366,9.80219511385081,1.0574731467724061,-0.02250678649243054,0.47464942790050535,-0.2235790256207353,-0.22855094865281514,0.014546163526709593,-0.2009200698715053,0.14088824153272966
1178,0,-0.2118809768353529,0.2819151276236198,-0.06898442596748922,1.5774526971043912,3.931838465700138,-3.1727987612672193,1.0621975905417274,0.8561007847218249,0.9272443977626492,0.8500917623428585,-0.45703536858813304,-0.23224598600946694,0.6986996178894217
1181,0,-0.049364845398814694,-0.2263034669489734,-0.284537329857681,1.4738535708667078,6.987847154212095,-2.306297963865291,1.9426224399804728,0.1662483420019621,0.2904008498142887,0.5387612934861854,0.6026258146001127,-0.013070099197323298,-0.21219866908977006
1182,0,-0.4082668252195649,0.2048852138941868,0.20369313220884777,-0.3616744809924981,8.858390478355656,0.9425437259166287,-0.5839712241817306,1.9051859359624452,-0.6617240683357292,0.7611332794834695,-0.3968209256752741,0.07922688261731534,-0.37685557857121704
1187,0,0.06989982979440157,-0.030897489491909624,0.14593474972532405,-0.10933813448730012,9.858922255561545,1.096721536159366,-0.16341779119447064,-0.2699154498086846,0.03691096186165606,-0.3032685400360866,0.02440236116849815,-0.20452893895074242,0.1884383940258253
1188,0,0.06904382911066698,0.24575710551430596,0.388343583167277,-0.22869265984298615,9.70503102674445,1.1688078804243056,-0.4870524474014232,-0.4316524310376081,0.2256258307415021,-0.006522780830801461,-0.2799578291263676,0.03984264069130112,0.25553517753180777
1193,0,-0.3286531628620075,-0.11522901343389336,-0.0024000304996896205,-0.6763993162235153,8.702771646548367,1.252758527798647,-1.2687473712977195,1.5403980066032683,-0.8209380687112955,0.7032496790487267,-0.10121338390583146,-0.2987994863632497,-0.6726773877251551
1194,0,-0.10055671921581144,0.0378824850598356,0.4701405343145524,1.2682699153204027,7.732604652801117,-1.8005296355213076,2.099599510308658,0.2806480252841785,0.4431426490614372,0.5619164906831685,0.46474403620335114,0.18312851665749824,-0.2288681753884414
1197,0,-0.004363076521222808,-0.29438757487409006,0.10980645432364966,0.4056585312315546,9.729030332893242,0.33874019320335086,1.0287983141492312,0.21897831266124668,-0.12354476272143158,-0.5592452024530961,0.5035702903681492,-0.1779532842798393,-0.08792260152210565
1199,1,0.5507895488176651,-0.2006267572573872,0.6135831187122065,0.5356593810206309,-6.758461549538269,-3.971243123923726,-2.9389734899555,-0.1805618724745066,-1.5457962877059988,-0.6660907686823456,0.6415659208487628,1.6248224561990383,-0.5204475359682207
1200,0,0.3522715347259435,0.40761702548446976,-0.046632898708640624,-0.7078639503149189,8.330597565109507,1.0272074337211858,-1.6835062998765489,-1.4545913915531519,1.120487360071476,0.4496779874199669,0.21498947358997667,0.9017809758642166,-0.06052459710237321
1204,0,0.5114305751555559,0.14796002207090275,0.7681835633134142,1.2653205549105495,2.4199644638113034,-3.2587239648266664,-0.27614182479447713,-1.737919072307575,-1.4538109677875877,0.7200137123865367,0.4788073698397898,0.03969728724789473,0.054334287880549816
1207,0,0.14458660168593163,-0.03256205318735361,-0.1568474673651643,-0.6921507028615261,9.127566465372883,1.450475534297263,-1.6735217794388633,-0.43737264796158404,0.4144804196376494,0.3136455460737246,0.33380740901063655,0.16907237088212868,0.005446562482086081
1209,0,-0.19161346373242338,-0.28767888160571964,-0.3168136352094244,0.2514042259507616,9.933080406322048,0.5139933003071541,0.5858697380293008,1.205943412846066,-0.18927949413536393,-0.26588130722171793,0.3632506009737164,0.16383784441254506,-0.09874760252712723
1214,0,-0.18638664194430632,0.0027572347206081815,-0.05024893375157191,0.010743410485755334,9.800815320742934,0.8908234765669474,0.1776557327447093,1.0580864810506956,-0.2924801061801622,-0.12460728803080327,-0.07269025934747586,0.022177868513367907,0.05439623103762815
1221,0,-0.06332076294098243,-0.027321055637827385,-0.17238160885425202,0.7657677915815384,9.591789661023697,-0.34224316055786175,1.6723317505701623,0.25542495203535864,0.14952670652985994,-0.2798494523321111,0.15027188093892202,0.2942337193723658,-0.19738064645892384
1224,1,0.31292138538519687,0.602963666995942,0.45806840318249087,1.1116273679522664,7.131835657795626,-1.7706226014592898,1.251607605923491,-1.5338331714263047,-0.7321321488634628,1.121296401689345,-1.058704906174923,0.3287768532774116,-0.17351101421888016
1228,0,0.0072208637443136325,0.036457493452035195,-0.2352847633978037,-0.0020379795313125726,9.94961203232019,0.9965895929611197,0.09953979486183454,0.005799744888329003,-0.0469481669720139,-0.38523215532921185,-0.22640803224696715,-0.07453576040802491,0.1951950935101289
1233,0,-0.3857003168522386,-0.05669050185170832,0.40725942983981156,0.09047415885337351,8.983111923719388,0.42481833112022144,0.2617555251153254,2.074756836501181,-0.298683265220128,0.39153693535935996,0.3343289498885807,0.19418457979467513,-0.1964070338051082
1235,0,0.031311016417644666,-0.20029171894989162,0.2755154215037159,1.6512721761022302,-2.566964825600846,-4.674747845462049,-1.6906820734535573,0.33857395099695287,0.05129265894488205,-0.010446820259509354,0.41618599554567504,-0.543890060309526,0.4650470485358599
1238,0,-0.1458077044399353,0.24577281114997795,0.052961495666711045,0.17660819400646055,9.845059971738635,0.6992272331547125,0.5492581676869837,0.6466198212806961,-0.0490159703596138,-0.1791955718493003,-0.4390978031304176,0.2669365742862496,0.17141083739041207
1247,0,0.18551468395350135,-0.13462565070673094,0.12457954572586516,-0.30169951219171187,9.64547139603016,1.2012380492348607,-0.6943163210315096,-0.7424045519171881,0.3119785635256161,-0.1910843222460369,0.36119116265280327,-0.1648346281657369,0.11639974056038173
1250,0,-0.03908908552586787,0.10454639093069495,0.22253902213625665,-0.6823119326989779,9.187190678001674,1.5106988960314818,-1.578096930462214,0.26693531826302347,-0.05307707957254715,0.5461031456497865,-0.023441213076698518,-0.030280266486950314,-0.04916526335154085
1253,0,-0.10934309796426867,-0.2631197291734271,0.11649719608979225,-0.576061657712835,9.280901247929151,1.4278798055630744,-1.2655713267748743,0.781725442538457,-0.47009628058087566,0.34935216692480786,0.25006319111535485,-0.3466020777408521,-0.1942121892060572
1259,0,0.06400305947623508,-0.05090927164307857,0.02823737004066018,0.10519922681201743,9.879103157744897,0.8384772089428758,0.3589995801928051,-0.26481925062963546,-0.027084786685994018,-0.47370308420187546,-0.014708894558381334,-0.20306725708377074,0.1425217958933795
1260,0,0.03313637691944393,0.17897039997466102,0.22315917879281955,0.3542664956900605,9.793211849101368,0.43063451491290994,0.9283069967246598,-0.30901071440927114,0.01762070991570372,-0.31791670555221807,-0.36258602372953663,0.053147044132086235,0.09653846651181795
1265,0,-0.19680774626532127,-0.10551195211151843,-0.4426223206261177,-0.22974811726465116,9.786319434332615,1.1355635835715547,-0.4302257602665119,1.151318876934803,-0.4827915048939684,0.07784850798367705,-0.1607993226947854,-0.03167244826455742,-0.05855455409060695
1266,0,-0.03771979495357236,0.2675948869340061,0.020635431637948898,1.702274285859767,0.47828322014086133,-4.182342167874445,-0.38009608458410565,0.48942346693992256,0.447609991523372,0.6596216565446194,-0.37537479383129285,-0.47757854031234726,0.9596049629235959
1269,0,-0.20870533015982673,-0.1283403846755089,0.4890491626412512,0.9705387786070068,8.44035519841174,-1.045659504114438,1.780018565155047,0.9398416964270893,0.5530478530417402,0.08314164198403202,0.85173039511382,0.231558420155156,-0.18907210688923415
1270,0,-0.3234136490972439,0.11920733311255738,-0.2654913329611581,-0.15297487995325865,9.426061710008266,0.9124709566904419,-0.2062487487152646,1.6502384321999974,-0.4659240109361403,0.31932857517863705,-0.31595449822527044,0.1704042100295134,-0.1141300063713861
1272,0,0.07001749471674046,0.09882668953027007,-0.05757489404791727,0.2077707393657433,9.906408858727755,0.6819929448906052,0.5757663907164611,-0.4244013652523764,0.026415778418017177,-0.41883249987557314,-0.3088716826057298,-0.046074930069047074,0.14406165729957898
1276,0,0.06109291231103953,0.18062010006628704,0.0926830284120932,-0.3043181258465695,9.79417411812878,1.268090542718291,-0.6698700249206335,-0.32051725426258393,0.1913424136589341,-0.007005883835066569,-0.22386872820404224,0.03364991233339762,0.22974758595151298
1283,0,0.03974234537023058,-0.27134031696673766,0.29648415638841286,1.1612156810633083,8.281760022871751,-1.456303092633414,2.1038110497515525,-0.1078431133458557,-0.08534197700488615,0.22308263933375222,0.857380812224168,-0.14930843739024874,-0.49206238154465204
1284,0,0.07587306281451589,0.012849868335299774,0.07746480535812239,0.5155652332056739,9.807399565152924,0.15687125153416673,1.2387024201187666,-0.4259542388276082,-0.07540300160940887,-0.37302817432713775,-0.10008491296086902,-0.06680362549777832,-0.07725033139898682
1290,0,-0.11033500933085705,0.3805628049309675,0.04834280860537987,-0.046054413306623854,9.742819651388519,0.9982212279572301,0.0007759882342975311,0.4001364646540886,-0.0556299190128096,-0.03772693556941807,-0.7202056473337902,0.2229324584500262,0.27112009875644666
1293,0,-0.011713847203349559,-0.022977514328873738,0.12317388402675888,-0.15093470220996874,9.84776489297451,1.159054797749906,-0.2359148513792701,0.16893968819496719,-0.1175857367415104,-0.21825188542274862,-0.03346625434077773,-0.19908877769770245,0.17864537517275922
1298,0,-0.025701017067099485,0.5307028375724947,-0.29197036449173197,1.5736238469588661,-4.788221091993951,-4.632725270114114,-2.1466072957250266,0.5001338223942153,0.7376915171525902,-0.37509868754953013,-0.7498614069688571,-0.21215065162395988,-0.3654171838009151
1303,0,0.15594516148409987,-0.28274901117071494,-0.12498672257597576,0.01653261602162015,9.929356837006054,0.9194556439442694,0.055109869942058534,-0.5861137256138479,0.016578682147619758,-0.49282977369391245,0.27058294131468746,-0.2736653006752845,0.06415649802427055
1305,0,-0.16021242127196267,-0.020661294762364335,-0.1288858112610427,-0.5559585149887605,9.326560146262533,1.4175963006887156,-1.1894809869748384,0.8838418353838566,-0.45890234328992296,0.40433230284779936,-0.1270250021047868,-0.19690278917055032,-0.14502072534864388
1306,0,-0.14075848199192187,0.04919209648687506,0.5551710148414024,0.16634273622264217,9.648592873153422,0.6695581089716681,0.5549388840386106,0.7684448184677444,-0.14427289201828097,-0.1821299303417714,0.05942611241823209,0.008403957533329433,0.09871150238901774
1310,0,-0.16786572687419543,0.12287281260682192,-0.16603580990979694,-0.39314786322181083,9.552325938545088,1.31995649126528,-0.8041865250141644,0.8676758888769072,-0.3833574516921474,0.2594642617768079,-0.36103107287252667,-0.06383275721341453,0.021878782641409966
1315,0,0.046260921558113566,-0.10278374719434602,-0.4430989058767878,-0.3720563513892641,9.922214368445154,1.3514796040109631,-0.8720481392213159,-0.046475306676302564,0.011233733972747267,-0.06183371483403188,-0.015990183963931787,-0.03194637197561688,0.11172198846285249
1316,0,0.08825720604210474,0.20465676271710365,-0.2287701378777669,-0.8106327523339778,8.773020678535413,1.4856777900809663,-1.9717119150166185,-0.27249900180191855,0.41724670421121157,0.5938223786183199,0.06079130117262593,0.3704595690710421,-0.051800838196352894
1322,0,-0.0907484247862822,0.04445840095377385,-0.10178960301572815,0.19820086790076363,9.926228095997427,0.7040084791353693,0.6028768910792917,0.49278540078698596,-0.09338722104252398,-0.3792680490700187,-0.14994664733440696,0.07441506467697212,0.11547825017432942
1325,0,-0.0007004129356662503,-0.15081262679639984,-0.3639424086308942,0.12118016517351826,10.080604634699373,0.8404439592637833,0.3599799341826866,0.1474039264510568,-0.13253890496150308,-0.489437771042486,-0.029945658742048395,-0.0594939329343193,0.09265496223096907
1327,0,0.5303482007609119,-0.08757003601769675,-0.044096202559273934,1.4800716055053993,-2.856525106832886,-4.326181058712589,-1.7177502641160154,-0.9921991449999145,-1.5956034297769652,-0.346917017320187,0.4937021528088551,0.8321270081174228,0.5465946068512412
1328,0,0.21255470517281871,0.12940951093613506,0.24849020077127904,-0.11235542219581696,9.697106979874341,0.9438898598978327,-0.2621123955992325,-1.1342303055435639,0.3997177092486849,-0.13509422341183405,-0.07233807384553659,-0.01153175852280948,0.15226723064980535
1335,0,0.27695964366613524,-0.13221637340263825,0.09925870745899346,-0.5092492243248778,9.182313495584054,1.2206594524046586,-1.2296463937210358,-1.0773864945515221,0.647682339897167,0.03788411600040145,0.5910131005682568,0.09614056620509055,0.023814745149623784
1337,0,-0.09963612259539012,-0.12925894082001754,0.011697821467421932,0.4358990296996019,9.760363427558904,0.28203601486538055,1.0988895458073202,0.6029718646999815,-0.009236016130994028,-0.45008098397498275,0.3117871883770654,0.08140836142415525,-0.04043301497768127
1341,0,-0.10473266467173836,-0.23129635094874423,-0.2775609129626879,-0.12602047525055138,9.948296160527242,1.0937308955165237,-0.2024260387766374,0.7795042482412244,-0.3708928800194851,-0.18888946260073414,0.08067085269110603,-0.14495072638123913,0.018142897431779464
1342,0,-0.32361545207355924,0.1271430330441241,0.24712118324379873,0.5033458641885011,9.167375952660635,-0.05928727480063986,1.0398178826921078,1.5572464239175279,0.2871463307717641,0.08409597902202312,0.1613970915103085,0.5737574136235786,-0.003190002640991528
1344,0,0.5247406734788349,0.00737895286371959,0.29318705423191105,1.0512235119965494,-6.265431588702335,-4.409609469411153,-2.711186124652653,-0.328443864052593,-1.4889487446758656,-0.8137587025973877,0.3290366538970422,1.421951308910188,0.05698312417114054
1346,0,-0.056141694343063264,0.1737283420375384,0.10331665854266703,0.1362978176693308,9.888073916253536,0.7934851294234204,0.4629957095287819,0.22064699566101725,-0.04424991140072415,-0.29583769591468273,-0.3582239268638123,0.07503197170203735,0.19522867044260866
1349,0,-0.07915267396124115,-0.13839687023552116,0.5120753009485064,0.4407723728320665,9.50291165259171,0.2186070805797583,1.1415398618268076,0.5047938399768307,-0.026860724335477648,-0.38811838875453947,0.47823939001786125,-0.06035837836312771,-0.04890530778972617
1352,0,0.5678475670883483,0.39733648480694583,-0.0056806917183891414,0.7190188083601701,7.520301267296754,-1.1294319759591769,0.14326144046596828,-2.633403636939639,-0.6292119955396152,0.932071742215704,-0.676331942320268,-0.04252266292900592,-0.2963427873879618
1355,0,0.07537719140489862,-0.09862247623699005,0.3935885421452596,-0.49612220812652374,9.456545558678886,1.4035313828568996,-1.142028720762504,-0.1639208666176362,0.11326170591598207,0.1340975452865073,0.3254411260315582,-0.1751750457844104,0.08391257484285762
1356,0,0.012453970984294571,0.06912401346951036,0.15470586077364956,-0.4641833964769093,9.632690002378098,1.4107532271099235,-1.0446880512788135,0.030297407589577177,0.031955434995687856,0.1748975220633755,-0.03395242979993769,-0.06939969122793897,0.1290710794751198
1361,0,-0.23034745006899726,-0.07106285326730877,-0.02784873210914185,0.30177541927623963,9.669502215552559,0.4121643323557444,0.7629760659142908,1.2833475065832356,-0.0666258234999287,-0.2008002426819024,0.2491443831989017,0.22150563332341758,-0.02845605532101017
1366,0,-0.23363982182032217,0.20839828705793728,-0.27692886495817604,0.9392830836602792,8.858001168958321,-0.8480841631547599,1.7274369925721145,0.8610303168401501,0.6553322411808635,0.08968227931249717,-0.08229269241249679,0.7565911324757173,-0.08688556805592904
1368,0,0.08639437167228614,0.06621804558774258,-0.15622709419843162,-0.15859109911496372,9.91703018830627,1.1415293976387682,-0.3167714877472928,-0.4082317499405095,0.14250136547180048,-0.2564498272867006,-0.16414208883257062,-0.055192595476953474,0.21353559657978227
1371,0,0.1354736965857306,-0.23731414888984403,0.22572465775308004,1.6592252294900591,3.4680681406917016,-3.47820218955893,0.7987227962873104,-0.28705083138328813,-0.42528090906405425,0.44909334005390344,0.7716640218131957,-0.6750153693705426,0.47609998167430895
1372,0,0.09203561508796021,0.3502259330655928,0.6464105327514318,0.9352767674610902,8.812504235037327,-0.932478239012398,1.820561374082998,-0.6796913520293424,-0.15082876036522627,0.49927078503989625,-0.5072823130010756,0.2232926969704469,-0.236621884537461
1375,0,0.3804893678388872,-0.2334880777294508,-0.09267624126105645,-0.13266519366861296,9.471812972053154,0.7748845926219919,-0.44620139734260095,-1.7030102485818228,0.4856741454727688,-0.13870428306288932,0.4869891349419715,-0.09782734926205808,-0.10184673590722351
1378,0,-0.056364913541901984,0.011263855431218772,-0.021231499099066298,-0.26858447316888423,9.79887652346487,1.271626761137867,-0.5239063263060727,0.3915751326617951,-0.19185990141265682,-0.05463736178296032,-0.12586285316728604,-0.15608074723362214,0.14573312719507392
1381,0,-0.07712612899185878,-0.20654700991162578,-0.22199644836007693,-0.03833315721976671,9.984376936885958,1.0146409922364037,0.012387357553384076,0.619150975930052,-0.2920555020887748,-0.30701173560891204,0.09168120276985031,-0.14068883804708446,0.05788812593280217
1384,0,0.41032866964881265,0.08298688047658764,0.17443953090641529,-0.18022414487936267,9.210373512306695,0.6633422805803963,-0.5595379752976328,-2.0043242203477822,0.7089441779529762,0.16658065033615818,0.24806328939691213,0.13728527514604488,-0.08611764712634604
1387,0,0.11170149916241101,-0.03467899658345708,-0.34306303324916243,0.5639717960779707,9.936008278449531,0.08620537428801217,1.2437451042694339,-0.5675420578255438,-0.12800664138984158,-0.38426667357269917,-0.20092878963604877,-0.016334405405742013,-0.14394958365069344
1388,0,0.01559621802486788,0.20823065712991173,-0.0373077179678134,0.6427084763036142,9.756258193973878,-0.09148855557343341,1.4679572172681172,-0.2643618433608153,0.03882121544848757,-0.18637656296282104,-0.42488227062934397,0.2733254638655302,-0.0783983014601467
1398,0,-0.15155538755631248,0.04278496286128686,0.258874491573728,-0.4539493853907697,9.432693077836394,1.3582965406382383,-0.9350434872167483,0.8295543424828234,-0.40994578329929426,0.34609907079155694,-0.13759516867285101,-0.1913399287636303,-0.02569910756038717
1400,0,0.16378509288935206,0.3402979108004871,0.5773405356615378,0.07494053304542403,9.497422715664271,0.682752802069203,0.16403761845886353,-1.0840094246622278,0.2909894292583453,-0.025648454404068016,-0.4779232210462613,0.05664522115881995,0.17781375645238837
1402,0,-0.1064558655200436,0.19343089276656222,0.09357724027018932,1.7015278480333604,-0.2635867486745811,-4.268096651306177,-0.6359362835320395,0.779656027883616,0.6386376638527534,0.5529613822745205,-0.2850136429973178,-0.6200011092957902,0.7782265028375213
1407,0,0.21370377041452926,-0.009881225728346266,0.09283606237445952,0.12945927492126552,9.812945391193459,0.6880648493004549,0.302089948129055,-1.1015680727580857,0.1429855732880993,-0.33282351525538384,-0.04052712124129376,-0.21754671193232575,0.05674028691990647
1409,0,-0.2978144077169116,-0.299610419667264,0.2823195012030517,0.2711829448234431,9.143871541967552,0.26579458988436583,0.6061032947936156,1.7810674682704488,-0.15853024222067139,-0.014499552858184855,0.7691837693514038,0.08215826699335921,-0.1599138462688661
1412,0,0.16686556821611376,0.24700245362416418,0.9731185784314569,1.4202446323113467,-4.556559875846525,-4.818558208385322,-2.3738903463536447,0.11822205862092283,-0.18833602935194338,-0.46827832996038776,-0.16927818390137497,0.15067881705329256,0.14999513215213034
1414,0,-0.19631100981407812,0.047945417886895214,0.0655795571632396,0.19766259013502374,9.808039423427328,0.6248256976929294,0.5901204925641135,1.0488265804010108,-0.12911962898238072,-0.17676089281438903,-0.027284868374030956,0.18189918982272218,0.055494476700486704
1416,0,0.1199703829806289,0.162604534050649,0.0017944208749511859,-0.2934617643529034,9.787319019256849,1.223042813255509,-0.6673612897976496,-0.6083190718231596,0.320931634303147,-0.05527399438593961,-0.15983407220505497,0.06960917164354896,0.21672249285203624
1420,0,0.016595305436093,0.0007724351909672578,-0.35873378046837345,0.5784185976298484,9.913268161508192,0.07340153856156785,1.3308685436302174,-0.12270378001178188,-0.0078117872821371614,-0.4143317945467525,-0.15939430453491543,0.17320730919844862,-0.10246249375783761
1423,0,0.25699441766531095,-0.011929361038458097,0.22210438632250273,-0.6847273917064065,8.811550290964636,1.29961689822405,-1.640796020337779,-0.9344657162374715,0.735636691307889,0.30154423407271685,0.5589444437232614,0.32458660265519335,-0.0015620685346517116
1426,0,-0.010295863943472483,0.014618570591890645,-0.42639956675230906,0.5171353513839851,9.94782211455924,0.19087098944907183,1.2133807233941731,0.012241871844300228,0.015485090124253968,-0.44625364430262404,-0.20361435544428663,0.2242527269840058,-0.047759872823578575
1432,0,0.447464369051346,0.13480972530127566,0.7386701915820097,1.3310193868763394,4.7291584960444775,-2.7607405851475826,0.7251135422255386,-1.5971121575203993,-1.344747042602346,0.8339417670049424,0.3006611672088544,-0.00996057385951754,-0.15755258798390942
1435,0,0.03431008125345336,-0.030260563475776436,-0.06604028957544728,-0.047179658784905154,9.915197316130179,1.0457351660322476,-0.005340949057798555,-0.08691984279462185,-0.03824006376190653,-0.37449689535337427,-0.06179407622873917,-0.17504036514987095,0.18424217885980837
1436,0,0.06809569228920509,0.4325659814175076,-0.43534697261348043,-0.3372724788337962,9.910478209557404,1.2623920940243878,-0.8406240006166679,-0.4751025178247574,0.35356415303469757,0.0441927756543333,-0.41237963291351126,0.1909382198870257,0.1693783319745023
1442,0,-0.08847078252806462,0.20449998426018645,0.0377576725884623,0.9637026969306346,9.178112307187657,-0.8370534178434366,1.9341475182788133,0.18987398447517262,0.30144540160492894,0.13927447957018374,-0.14811815809129997,0.5309132019967951,-0.21496876561095205
1445,1,-0.21498206331623848,-0.31685535187611613,0.5450850138715815,1.5403742936397595,2.0951409548737123,-3.642888914463117,0.2714150763370706,1.1167979028245545,0.7031196828231014,0.4716484547689729,0.7896597940626905,-0.9923076067589721,0.7844576120407438
1446,0,-0.12323206217775962,0.1272272063696427,-0.13288501317743595,-0.18515825308604006,9.803552521764065,1.1703590692595998,-0.3083553034554467,0.6536536230093806,-0.2469775093307453,-0.03215060214975055,-0.3597830940513823,-0.01610360014464028,0.1535729750952694
1448,0,0.2146068771345373,0.10964444994537459,-0.09924554447707123,0.8892862466735472,9.424971174045798,-0.6825971374313448,1.611426818909052,-1.067997375683994,-0.4150335637518511,0.17656301240882682,-0.3921405428083889,-0.07225446460339477,-0.34154517489601577
1451,0,0.20825136139976053,-0.1905649333861703,0.5717091682861337,-0.4947804851301303,9.146540314872926,1.2812211058101932,-1.1864581839039168,-0.7476791693807368,0.43660109382749984,0.060708623411670645,0.6628973441315874,-0.12043085201099538,0.045624149568511435
1455,0,0.1632832013626011,-0.11788366098689096,-0.2918484323325359,0.3587447299767308,9.982778875615232,0.42646255437037917,0.80371878020621,-0.7750974713737717,-0.08983376702878382,-0.46668371363007033,-0.09809706707292079,-0.1750050051162071,-0.05461518872132032
1458,0,-0.03532664095674498,0.3139803439586224,0.4118235093435558,-0.8159517796854314,8.649637487094544,1.5071455880016171,-1.9373958079632325,0.15267162973389742,0.10600796283108187,0.8276834152293118,-0.13418443779892195,0.18486115413935172,-0.13165902493435128
1461,0,-0.07010165829159654,-0.08318552016363512,0.04998911563521702,-0.8615686561262024,8.663098683221694,1.543555664205945,-1.980166352313758,0.4610452113996775,-0.1958020896931028,0.7257328358115164,0.17802600313743175,-0.12989876213024945,-0.36213012494625696
1467,0,0.10568573302356832,-0.199874151812363,0.035940207188087214,0.29053424747904755,9.828742188531027,0.5450734536526878,0.7524688612188988,-0.41576379339390024,-0.1036993585701122,-0.5586561224153004,0.20018675695092225,-0.29200246029500443,-0.008456610031343882
1468,0,0.019706733456045455,0.04508639905253098,0.10981079500669821,0.034042781142617606,9.897204486674593,0.9393067576909252,0.20639063535757204,-0.08148507121716479,-0.03119062698118614,-0.35720322565608226,-0.15151068532313633,-0.12459652691752711,0.19470882438558682
1470,1,-0.3329785421950433,0.6334036051807139,0.10137819588963382,1.347721626820463,-4.381984779896885,-4.282703670348315,-1.7317452443651256,1.061359903162445,1.7184204390383115,-0.046310444687582775,-1.150616041756062,-0.7231321514047033,-1.1064095900792812
1472,0,0.478513300953729,0.18261785518832774,0.1528096922390354,0.6950081835770301,8.6455997843738,-0.7206808880594657,0.6281178430246059,-2.2910529970755977,-0.5550087972276988,0.6300156618778674,-0.44996675391948593,-0.3052903956206969,-0.3537154032360395
1479,0,0.10892294290470694,-0.052709971145528556,0.28128666837391236,1.11274323962194,8.79286849764852,-1.2477033626568028,2.051348731516682,-0.4967600410240962,-0.2718530915915215,0.318915462184064,0.268018669506884,-0.04302418925513023,-0.4705644772346753
1481,0,-0.2103229825463302,-0.18184057692872457,0.5108373752214348,-0.23085755877543734,9.293884420205902,1.059127358431691,-0.36354906361774836,1.2976583598039313,-0.5715276001519609,0.16808213432624278,0.288038939033381,-0.31577792862663523,-0.10402610897985601
1482,0,-0.16114509962774015,0.3049811427381037,-0.07466678022541018,1.2576667391460141,7.892338675095572,-1.7039927553514074,2.019278087149007,0.39387162281740995,0.6828546236143089,0.5916649232165228,-0.23335845174349598,0.6175490553953621,-0.10741205974169829
1486,0,-0.148195727201621,0.07058962579272254,0.11469381800878864,-0.051000211063461975,9.802780882242299,0.9990239291652004,0.041813928397922584,0.8168351542778309,-0.26744339193037847,-0.10076914506885573,-0.1838865450075643,-0.025908398835202406,0.12152369907276118
1491,0,0.030434186021086163,-0.1814744531297272,-0.014727175599599462,0.025134311938510123,9.906975873247905,0.954127407623683,0.16733627059669864,0.025035713845128177,-0.1265378447099931,-0.46574305094316526,0.1605632834985911,-0.25980130860631495,0.11653054902471092
1492,0,0.07953946213648067,0.16339938505736207,-0.1902146228912649,0.1581020132923534,9.911407850774264,0.744165252036124,0.43464802765513183,-0.512282065848807,0.07985334648459921,-0.3841352083883624,-0.44610806955786125,0.020213405524706345,0.1809313831272486
1497,0,-0.2230210467483662,-0.13800270373424972,0.18740106901885767,0.48178910266679065,9.414827336222071,0.07385038586170295,1.1007847787849863,1.2358248131802476,0.1038604446342581,-0.2376826165108842,0.5423535191178951,0.2294583306325758,-0.07837090579963757
1501,0,-0.014353311294165394,-0.06322779373136456,-0.021755694138299475,-0.21905179016844656,9.834564123625189,1.2307906977990282,-0.41238860419574774,0.22219278120356703,-0.14192097811547694,-0.18551426618528835,0.0016455155603517652,-0.21285279753140068,0.1535772905019588
1504,0,0.26332241379641097,0.02789532372636927,-0.026103174489428227,-0.5863300071184305,9.110303904535328,1.2574899198261367,-1.4132774434789512,-1.0482518698252683,0.7335320176594983,0.17666154642436663,0.40104410235806864,0.3062621159927836,0.042041028495738486
1513,0,-0.13880217632729952,-0.006736765444204096,-0.20632359447466797,0.07604238611704428,9.901573443676053,0.8499474145316205,0.31430312574732633,0.8078603104879747,-0.21168788564566554,-0.2791253391752616,-0.10868641013668287,0.040098760835560146,0.08914632482529108
1518,0,-0.25634739526808303,0.22516929837713917,-0.07908787414749696,0.3105178677100957,9.673116835599945,0.4012384289496038,0.7700038210297812,1.209921684528648,0.05166406709885019,-0.05021489916837066,-0.2889776251723186,0.5119459204831815,0.0719380803268517
1520,0,0.42181631313093426,0.3949560395275924,-0.44627028922061385,1.6372619935466401,0.9305811671313604,-3.872678378515328,-0.5673255306457146,-1.2607779860095782,-0.9642949964922785,0.5157746462542061,-0.24793455189197158,0.21767894956221523,0.4832688172867967
1523,0,0.0005189397671898632,-0.24369234776306392,0.08635091272990181,-0.281934219371228,9.757882942437842,1.2749847937025918,-0.5843950531676483,0.2662196619027082,-0.20580806687848713,-0.15750030775892496,0.2774314235119862,-0.32294919563625185,0.07660673263178094
1524,0,0.18423080886915777,0.02953951648000519,0.6245481049114048,-0.24874757745969545,9.496511304357654,1.0996721595965082,-0.5666920522220676,-0.8791252005184079,0.37491947092220534,-0.0659764800832403,0.22020119026503143,-0.11315514797829793,0.1489646207392808
1527,0,0.3742559981457969,-0.05350076578459806,-0.13996051015388034,1.2604296331149802,7.7109205103191085,-1.7889876180434103,1.4729404731284905,-1.3643246130399256,-1.0887859561238806,0.5852119259800096,-0.017239092454290388,-0.2639428652087567,-0.43511965364574035
1530,0,-0.04189993880129883,0.22296104055481258,0.36862399409010393,0.25152049395874787,9.748906348511856,0.5907746758415173,0.730919059128323,0.08435396390940852,0.012992049503512654,-0.2631725454296197,-0.3582754307683853,0.11266627928311834,0.17146460249331402
1533,0,-0.05176629135146271,-0.06551772287263802,0.16498771693559178,0.9117536672446347,9.263829612772447,-0.7118393646518769,1.8996527124566975,0.19511183389209547,0.15427856454795424,-0.08427787438593043,0.3883168373908636,0.2000401841424713,-0.295328504583127
1538,0,-0.030463532765569568,0.0318371558106989,-0.10841704258727702,0.31063286806622337,9.908452265490045,0.5408605685136753,0.8484927935062959,0.15241791293086712,-0.03402876544512504,-0.4656994683766826,-0.13803834601807197,0.053117589263188644,0.08303399346438166
1544,0,0.18795494297950732,0.020602322289823505,0.05644093959616825,1.7042227212891277,1.0409557014276958,-4.133304526259915,-0.28777447166556247,-0.38008314199413656,-0.43648294138105503,0.5048566144972757,0.2274440159101449,-0.44420388868044935,0.8656771763168722
1547,0,0.11632688746202469,-0.023115652748520787,-0.3603713785375291,-0.3270483810351559,9.875390522942883,1.2811801854941471,-0.7695688598519993,-0.4517083153286503,0.21824939336840446,-0.13686952953479897,-0.009110962382716858,0.01147535734778151,0.1588186042540136
1548,0,0.0006402513845724656,0.3728126777895451,-0.1664307933198792,-0.20191126985347552,9.87934498728514,1.182359533427694,-0.44019809448692543,-0.15394229346234073,0.13961536079857403,-0.03616321998919096,-0.5874010172131572,0.1466635837316836,0.26083366533471236
1553,0,-0.13300347443887084,-0.1309949362561582,0.0478975860425237,0.06186317167979816,9.795629294644606,0.8477684934695342,0.2974904606928999,0.8700634077473931,-0.27643629356456945,-0.28877776917004516,0.1746669212762219,-0.1183895703457946,0.04460616429737853
1555,1,0.04273354512037386,-0.17384019662582695,0.9098022179392835,1.1210679946718534,-6.791925736495474,-4.852530416747641,-2.8570411357418535,0.34810726194370456,-0.04337021066812563,-1.3520946929379645,-0.1421059010329302,0.2554447393453762,-0.7700589035321064
1558,0,-0.23012037196645707,0.00690626846457576,0.3199492385135301,0.34107416078937014,9.574237642938769,0.33356434307812177,0.8651461293512934,1.2206228339084695,-0.006043165362168562,-0.1276960437402493,0.23013508461773322,0.25100581005737266,-0.0005084480670621422
1560,0,0.12410188315796411,0.23629107650711312,0.14661685095300214,-0.51668970073169,9.440527172951068,1.3515313698592328,-1.233155024538296,-0.583043944626322,0.45621635781115,0.24693151785032263,-0.06702968451788069,0.22340520118403162,0.16527269599298472
1567,0,0.4351316429525198,-0.06497441492418154,0.06128568430844439,-0.5558024871696157,8.591654629891263,0.9172075283791821,-1.321024566204167,-1.737449756018835,0.995900215664272,0.20525417988102143,0.7402598199009769,0.45333494656472617,-0.14041748873487675
1570,0,-0.030734661176239797,0.14871250702336347,0.05782422480930549,-0.8687085205610623,8.652622446730064,1.542506957869371,-2.045180765753357,0.2118469890484941,0.04654795500871471,0.7914115932188583,0.009232821439978167,0.11643131659859948,-0.23469906915723932
1573,0,-0.0575747988602906,-0.055350255414490235,0.19687384965302357,-0.34082773592769744,9.67596710304639,1.3221154527182284,-0.6938027020125457,0.44383040935526846,-0.23748858619063232,0.03879277257063303,0.03383450694098085,-0.2412219239095209,0.09524982381368799
1577,0,-0.27989835671358776,-0.03483178455590874,0.21831001840989117,1.5669569220561037,-3.8551963319982905,-4.607325381496393,-1.7226650190950432,1.0596357242548788,1.2079893052487403,-0.3889111189918312,-0.35715293272459747,-0.8373288928613355,-0.5778332016567232
1579,0,0.13056296662346156,-0.2565185414123796,0.2901320434440464,0.04837599842822282,9.66006469906619,0.8608602407201982,0.1930545139148838,-0.47572751358606424,-0.02627551868651031,-0.5144760909423428,0.4158997433635215,-0.43465765674857765,0.06733804535408307
1580,0,0.01880436810504804,0.12123941521111625,0.021032995809939337,0.18367302060374424,9.903569789155362,0.7294870668819083,0.5505313030428863,-0.159651815668231,0.0015619301256540319,-0.39305321999959436,-0.3123645345791568,-0.004042853399064166,0.17247438554223954
1585,0,-0.24992791124042135,-0.10419742686457134,-0.2117746167249095,-0.2857872182872043,9.522024630504447,1.118780530153792,-0.5098938844324545,1.406007280568808,-0.5932216629405658,0.24125698927797468,-0.07405714838451424,-0.11215278933130912,-0.156798049210866
1586,0,-0.04518544890199827,0.17424104820537245,0.3392976738446798,1.2726706764624192,7.9106936525987726,-1.7718604319588096,2.146184448931376,0.004818493508798587,0.26793881813478704,0.6720005388098826,0.07364596047506794,0.32157873506767914,-0.27062283904802836
1590,0,-0.11564267312116883,0.10236783197747634,-0.2522704004377623,-0.032953394738671093,9.893848339002997,1.0080172948619082,0.051842202414362784,0.6223580456964557,-0.19293828083411946,-0.2086488364573045,-0.33987564529826236,0.045486398653298024,0.1604412498631746
1595,0,0.20914840018889969,-0.18089794392134984,0.19511984606197075,-0.4321128129869152,9.41716883338339,1.2696242717064166,-1.027292339027153,-0.7762903805360611,0.41045656679257686,-0.06388752121535188,0.5347384389393463,-0.11101047728728561,0.07126243043439331
1599,0,0.2942911385631728,-0.10045235763059068,-0.10526263922052692,0.8562702782116629,9.328986543246906,-0.6516941235225099,1.4468006833838507,-1.2996398428430327,-0.5847222107400462,0.09730941200611053,-0.06829681182773276,-0.36037237041675924,-0.4227139730211613
1603,0,0.041282396550263556,-0.08505892082211197,-0.22066731509548987,0.25500164687288684,9.97790213818649,0.6371321897704219,0.6844859394643584,-0.14370261838585108,-0.06961036398503231,-0.5368039198991751,-0.05535630506920326,-0.08570775289135651,0.06694447323315192
1604,0,0.06001951235691827,0.11715928651127427,-0.027565848571679652,0.03332538446180511,9.916553559556483,0.9265954664695625,0.1704372359206836,-0.35289020225803025,0.06699580227967551,-0.34486688750686806,-0.299054989413346,-0.050489360076771926,0.2166350587615476
1610,0,-0.1229396557857978,0.1504652460508229,-0.09926342425826817,-0.7126455732479919,9.091975603400712,1.508222029320689,-1.6143896711080254,0.5923672832596494,-0.2505116952034733,0.6337192465098552,-0.24089728927597598,-0.029895182162306258,-0.16928053149960215
1613,0,-0.020592802861454373,-0.17076450385547304,-0.23013645652788028,-0.8828029527394321,8.686765513786703,1.5466914437352393,-2.0904351330983366,0.30916511275429515,-0.08989231449336538,0.6955139858133037,0.2525032029219097,-0.01291458486761559,-0.3530165284577544
1616,0,0.2528271859472504,0.20200255240178322,0.42158181116722915,0.9694164368392446,8.84702309670433,-1.011543239668857,1.6164286269585724,-1.2598586719136489,-0.5536057287015158,0.5355762736456918,-0.4297286094348742,-0.12279524697084342,-0.3459385408456901
1619,0,0.034036443038720776,-0.31056007409525677,-0.08585885672697913,-0.5419567874230129,9.551470363117893,1.4483262841260047,-1.282856066619459,0.1586829192242701,-0.11098535064722047,0.1473372076004842,0.3714044106154091,-0.20453850008285462,-0.03983863745926533
1623,0,0.12130356091539696,-0.060543206892628376,0.06276591314700752,0.28695445896218885,9.827439324825686,0.5385831051773998,0.7406358176509222,-0.5959073092451497,-0.04361741238616468,-0.47986525499948385,-0.015469274677739404,-0.23730825466133512,0.03194930555216777
1625,0,-0.20414805295002125,-0.20603517881334632,0.23735536385433065,-0.037598613928322866,9.524480836517732,0.871722948151567,0.07075011495739375,1.2988000081656137,-0.4376372508335816,-0.06745362660129325,0.3523234630637457,-0.19270371763519575,-0.05954063422009187
1629,0,-0.09121048564952083,-0.16627914315964532,-0.01156102097483469,1.709592777594212,1.422543764436706,-3.9817069294752248,0.04481772777295562,0.6674950697368394,0.38459248601802076,0.43321887103894563,0.37293663740330685,-0.789752940536377,0.8762359761778765
1630,0,-0.33842448685723703,0.059047462179396604,0.48343700019199076,-0.1345734404857124,9.18530557882443,0.8159379537147068,-0.1322359376825923,1.7703256722343532,-0.5069373045787069,0.44760607191325175,-0.010811856210051068,0.044689298401991095,-0.15693831904658273
1635,0,0.036176542632814446,-0.30195613739534366,0.21668800841809244,-0.07057463920995488,9.731501654295162,1.0450842184464564,-0.06859077293528706,0.0928103719810314,-0.17832400361666567,-0.41842795790215015,0.4139878527143049,-0.4024202262728892,0.08409804149454235
1636,0,0.06733186527055324,0.05514334245813579,0.14297875450153796,-0.29253219995354307,9.805413818263919,1.2689219550729132,-0.6274331687928161,-0.2720079492761941,0.12867364699513406,-0.07739659210265898,-0.03710012138889482,-0.0878960930505491,0.1983662697837337
1642,0,-0.09843952735886141,0.23219347692244874,0.15880296384671055,0.5934813541631052,9.631132261844204,-0.024745010780083176,1.4095028015061715,0.2989531861152242,0.18329682718259235,-0.17699082340042782,-0.2876308732988323,0.43139682137765734,0.0017672621462488658
1645,0,-0.017595887868044002,-0.03726446576824394,0.630957673815935,0.4984767641593679,9.486261958536467,0.11793104582385702,1.2687868161253277,0.09062838461841705,-0.015942122347255255,-0.31932469082497617,0.26499965089378236,-0.06322997780117869,-0.05248798987951922
1648,0,0.13204635401926978,0.0008619678120691532,-0.10841955648590584,-0.21053699625302036,9.857945760294609,1.1663758034997571,-0.4579263370594036,-0.5862448290813292,0.22287022218106506,-0.24216943313527411,0.011382731231379825,-0.08577791707890976,0.1815162745773167
1649,0,-0.2616748205011099,-0.20411917470100427,0.30656332316576496,1.2927348380194301,-6.505548288225117,-4.75207024262937,-2.5244764877904866,0.7863140155712967,0.9993922660527187,-1.0344797504948966,-0.42202897084198676,-0.5143742293852483,-1.2755733656270614
1651,0,0.04260145365424073,-0.09109301205101339,0.8829040331952775,0.40149902565375406,9.298909159751137,0.239890812205191,1.048466560819998,-0.17598140697888465,-0.08891790657390894,-0.3273239353070263,0.36083322590211986,-0.28780067779425855,-0.03620953940665941
1655,0,0.18576451083583834,-0.25628453115912464,-0.013323087518841703,-0.7853712235928372,8.712182392500043,1.4391323084445797,-1.92202619209634,-0.4568199095634304,0.43454996116803823,0.38567085476612567,0.6831856132756942,0.17070436003179595,-0.11266924266888789
1657,0,-0.11520193565766768,-0.029599074856243135,-0.04597713326064934,0.2624400317787643,9.877460346743312,0.584753861779153,0.7447589564712274,0.6635659172282866,-0.09106427381257272,-0.38892912709129307,0.04916573458405711,0.07514306312376158,0.05691080376338927
1660,0,0.07327069390403729,0.1486543795216182,-0.4274810403315925,1.6635288196941485,-3.509529048462997,-4.667043567168902,-1.9229115483898456,0.266638826036657,0.17067360342367305,-0.1352450221053054,-0.31116053507767033,-0.11773004106034264,0.31345525285089826
1664,0,0.43283684631409614,0.02548112947897252,-0.17234130975281303,0.07403491514533567,9.440053451811128,0.38795808735682014,-0.11809719861657299,-2.1391161357723374,0.37801612134687046,0.11129548218994822,0.06394450949752298,-0.07150722361876635,-0.18050729477435246
1666,0,-0.06394094111791127,0.2640341775260513,-0.4153826235747822,1.7142040075167886,-1.6037142003800149,-4.4045503544680376,-1.1663590033911082,0.6524392708671084,0.6035200883434418,0.30633593541950294,-0.41639469594029,-0.48264088677255523,0.5258917603896781
1667,0,0.06290939398161832,-0.037539307851787385,0.38874074372224854,-0.8802550131997082,8.455787211956114,1.510848708568615,-2.099701477706752,-0.054825574825192055,0.22020624855004825,0.7131282372548052,0.42862772019851186,0.09941769103376263,-0.21014734340010577
1671,0,0.10336667604559402,-0.19914644755219868,-0.3993360697049724,0.17708194916007258,10.077061052544096,0.7437749033465412,0.4319589261581335,-0.38935468716601723,-0.06473320134600671,-0.5428113770872407,-0.003822874962417719,-0.12269897045500971,0.050629869413122905
1674,0,-0.30155663541489375,0.1606133314815601,0.2189969034360466,0.9720736964481373,8.420345176866025,-1.0398381715665665,1.6440637639761013,1.1856051980406992,0.8232513852465994,0.24702694910914635,0.24060902382468238,0.6415820962585508,-0.024196590543898167
1678,0,-0.2185633316776343,0.40902715536702416,-0.10830815814660255,-0.5187985362304568,9.260868122837874,1.3610222643722942,-1.1267312865463854,0.9120221142477496,-0.3551959869435355,0.5750418238402975,-0.6517469217463789,0.08317992288906834,-0.06576557720204197
1684,0,0.058605736275435305,0.02634258520041044,0.18903300845039794,0.5047132444224829,9.776646584893115,0.17109718834002052,1.2358490280945609,-0.34900658910879384,-0.05680590276579685,-0.3582099583077654,-0.07881510042528914,-0.051808806863692665,-0.05874850498031532
1690,0,-0.12272325763531633,0.37191504030457523,0.3738128313744902,-0.31055782173381186,9.487572372860036,1.246444985108592,-0.6430855221964952,0.49482681554102154,-0.14245724798329745,0.2803244097672172,-0.5806916321456326,0.09932828002994178,0.2050452076792332
1693,0,-0.033676616033538664,-0.0062140822355072345,0.004281162154761375,-0.009370433782544652,9.906806690132804,1.0007205141718836,0.11605588075120295,0.2565626836841229,-0.13479336171407713,-0.33403577840156756,-0.09816310596767591,-0.13378485499483034,0.16946305974809658
1696,0,0.21483061002293802,0.12538766613863395,0.046143904225239396,-0.19224781369247346,9.714940569319388,1.0329019979100227,-0.4581559618643477,-1.1051050487106147,0.4567651249360171,-0.12422743807188348,-0.0544173466121959,0.055791693994645716,0.1588986138912969
1700,0,0.14567518601399598,0.22744358645241647,-0.26348066514488977,0.9932496065655947,9.260883682063174,-0.9076098527917037,1.7978443178391628,-0.8090364210736894,-0.2874034904741595,0.29315235229838266,-0.5754843403947163,0.2181871247242535,-0.33543516016300484
1703,0,0.15874165373736382,-0.13127812149496165,0.3016718310706814,-0.10809399501268491,9.712636996533515,1.031241512638798,-0.1990245994058256,-0.6781490958004261,0.15886144238333352,-0.3366584409071627,0.28579912382550754,-0.2903479996557026,0.12719125216796706
1705,0,-0.14769585654674522,-0.14137944384646595,0.18556007357073767,0.3541824118129506,9.667798640858017,0.375744929122135,0.9272904150374051,0.8932861553068059,-0.061062561543807126,-0.3641378237385454,0.4038572975234429,0.047512123485903675,-0.026239926628088477
1710,0,-0.350910996262602,0.10052298773661583,0.03071574056606252,0.8033980140981596,8.581524943049292,-0.6963310214797465,1.3539830800215364,1.5439892878124515,0.7284455196329114,0.12726490747109953,0.30104678706988564,0.6748834565075559,0.0007054504141039784
1715,0,0.004274455254913434,-0.022665521409731326,-0.04683385055093936,-0.2666998165599539,9.841880089098503,1.2750638845955404,-0.5419881184422916,0.10365383310092319,-0.07216110268226933,-0.13325875213114052,-0.038755341058436865,-0.16597381153981364,0.1656608897178547
1719,0,0.3269616119476382,-0.25875273310196967,0.02049640362424654,0.09791507307332203,9.691682865283987,0.6137228334397775,0.10425094769223522,-1.4988873332230002,0.16230317177082948,-0.29057132059259877,0.36048600295197697,-0.3379985931237173,-0.10988089034385096
1722,0,-0.04811409750846707,0.07318912167649749,-0.3369747054356722,0.129964466119175,9.950522132961094,0.8184649703386784,0.41918922023939054,0.2576271550256131,-0.07436121105812683,-0.41875666920644944,-0.30792987477794215,0.059988487080364084,0.16171911569079703
1725,0,-0.09274211040226454,-0.2863650419422381,-0.15358860679939212,0.5252645031309502,9.804041897279323,0.11800343699159428,1.1966480983352805,0.6278323068471681,0.001492236437430343,-0.4607590059453754,0.501021806596193,0.12992459290362302,-0.13986061989013004
1729,0,-0.19516507141405093,-0.08155035765910412,-0.15948461122392743,0.5054105097740722,9.676228833187427,0.10746776548973486,1.1452968496746503,1.0324628622383454,0.12555635123982845,-0.3044266859340477,0.28311716825978395,0.34485747156747437,-0.06284238506291578
1730,0,-0.1970945992478388,0.4156133040774215,0.5714136378722756,-0.8765191502159151,8.254436604643924,1.4565287674010834,-1.940698373439794,0.692021498478756,-0.2740723036558275,1.0405636209752367,-0.4403584635463679,0.06212893920366851,-0.4637000288332505
1734,0,-0.17930264101534377,0.21617075613369252,-0.007408404194300999,0.45571788777900846,9.714179644633703,0.21762006692703165,1.1082507106627066,0.7701422279709941,0.15770894208264727,-0.19231109061513907,-0.2649555888791585,0.48961281314768135,0.06410197862964218
1736,0,0.16845849306095317,0.07224722425546481,-0.04896210453717842,-0.13617979555599913,9.8401275868694,1.047596160164897,-0.2962340870683993,-0.8514735338001359,0.30345107854381764,-0.24135133598094605,-0.08348196673692866,-0.033819585487393014,0.18075751343178006
1739,1,0.30199913342992524,-0.23216087599726087,0.9910431370347368,1.5179085926169202,2.185122946360594,-3.689258015046941,0.0157858133016634,-0.8797370143276005,-0.9411588243597371,0.5495753520717697,1.0061047177582982,-0.6083282068381544,0.41903151259376564
1740,0,0.015345728536937386,0.23592779712391376,0.17293925719338077,1.5769640219806282,5.109098009763483,-2.9310097440864604,1.496796455657329,-0.05778886905042516,0.09326241256269162,0.8520369024450514,-0.2563419733101847,-0.1348167779678422,0.39634709977209226
1743,0,0.3474145945340297,-0.22434648637137222,-0.43658123955416883,-0.4290485995182918,9.296132857519641,1.0792977235948278,-1.121277332897153,-1.3782080309611229,0.6879929984944453,-0.03062543300711415,0.5124948132960657,0.249686900334245,-0.04831524324102439
1746,0,-0.00019915540759818384,0.06731037852136446,0.17792287792357087,0.14118602884028864,9.87147202806625,0.7895626960634128,0.47296384168041017,-0.009454290827184506,-0.04327159854760655,-0.379763641627681,-0.16879447947595638,-0.0763041110812475,0.1690509749400782
1749,0,-0.15873744500485643,-0.09714930978145198,0.15907924769923554,0.10997247396944676,9.757058426904926,0.7590452172420645,0.4117976171526254,0.9752652371873016,-0.24735131205004118,-0.24394597457005388,0.19191829239064306,-0.05721519933213333,0.034227719478888745
1750,0,-0.272634697923559,0.09542691606124443,-0.3951744553423566,-0.7431668887469822,8.759716594235268,1.3937260814139119,-1.533773083545617,1.1869017224449028,-0.6177929156915191,0.7255461209574801,-0.399116308166621,-0.11631270445826747,-0.5254406904154755
1755,0,0.05784240967040688,-0.15174349916952856,0.13703453183958914,-0.30727399190265237,9.730723946394836,1.2927141018413213,-0.6569877094240467,-0.07916698188913582,-0.01223045732578604,-0.15726824042366816,0.24954218052711163,-0.2707529579501055,0.1280117945768058
1756,0,0.06329478117178056,0.14047146905065233,0.6837646076072303,-0.8644770659514738,8.344165426767123,1.4730807471098515,-2.0763254361967842,-0.13890772209863733,0.3114279818863148,0.7877119749968158,0.2952756391247418,0.21008979893215077,-0.15108875704621264
1761,0,-0.34142605735900844,-0.23299935319442255,0.3683238331080787,-0.45976926978440424,8.739420769137151,1.0401598660345341,-0.7954842318943429,1.8033832934539484,-0.842972038642568,0.5944407626529142,0.22073306992799951,-0.34525976960386506,-0.5373594528828445
1766,0,-0.09433566473991384,0.018314824267479324,0.06626805563634619,-0.577860936014031,9.387665830981778,1.4659738110219145,-1.280596793731066,0.5632883635239808,-0.27286719919171926,0.40025816991012025,-0.06572957447239372,-0.1577518991031162,-0.05259086253039083
1768,0,0.26210335370050153,0.6093619013437177,0.1911683673313469,0.25159242734749654,9.381597504040258,0.23675970903616278,0.29256337521243875,-1.727577884700306,0.28013450547776264,0.32332380479324196,-0.9131791300819392,0.19240313921870975,0.005320829340387023
1770,0,-0.2770434714749612,0.22130559100495617,0.6640075575748945,1.2482522125169204,-6.125000721429529,-4.657044978412139,-2.3791958682621255,0.8484905524847681,1.3267928181402575,-0.6434521090232779,-0.8038885895880514,-0.5667776208403685,-1.3254448923790885
1773,0,-0.012569849041417669,-0.24552270133948717,0.12283940719219544,1.3290095671389075,-6.711185835182067,-4.859484716121069,-2.7228107724744164,0.4334478136728729,0.14082482342051672,-1.2941280262981016,-0.2057416508891377,0.08482145879766245,-0.775747498708245
1775,0,0.208255643456555,-0.04500121870094809,0.6318345838029487,0.009261524992807857,9.540954799135434,0.8009758847456191,0.044863992081384765,-1.0436287663689867,0.21324633570369952,-0.24367324345782426,0.21095366168013777,-0.28566946539130056,0.08059008729052737
1777,0,-0.3959689836855471,-0.05833266523440095,0.30557038290238125,0.7190066036805085,8.196273231870606,-0.679050681389691,1.1061024838650606,1.902274943945101,0.6585551645908009,0.19142950404398748,0.6823225856364692,0.47013415411859494,0.006083184851860938
1778,0,-0.02313754120967637,0.04488931075897895,-0.25257165259712266,-0.08604603268087097,9.931258345435648,1.096350239162772,-0.09825629773816462,0.17710177217447276,-0.09364635233225795,-0.2947812610275302,-0.2440717403774837,-0.07043965650483784,0.19634304785549808
1781,0,-0.05608645380686106,-0.1614134010461168,-0.017634972987998765,-0.12133498231436946,9.854306545555918,1.1167080176114141,-0.16133286803026936,0.49562223912665604,-0.26844832465519813,-0.2597620653211417,0.1084897621694365,-0.24285339240607728,0.0986394561239827
1782,1,-0.3467128440141387,0.6117772468912612,0.793925102340939,1.2469119105542035,3.105816654581905,-2.8948872364620426,0.5675394988328388,1.3799913787069231,1.4931670409493598,1.2314859226674892,-0.8437957022929388,-0.09282075452308285,0.747017236927588
1784,0,0.30094591642126467,0.030421670909143828,0.7553625943498297,-0.7802317711821689,8.092530137611508,1.192196417107484,-1.8447735161410983,-1.0483651838385832,0.8757610272710288,0.4699253734573612,0.741222965413129,0.5067318283630058,-0.08303528352738523
1787,0,0.09352193963183275,-0.00033744663743640047,-0.08210656952277517,1.4083791593669694,7.208516206579071,-2.1785010278710604,2.0333101789446735,-0.3752046052702318,-0.23926645103325134,0.7051814462974301,0.21044839669120963,0.013330712790956878,-0.3178151583625615
1788,0,0.02891754971051519,0.19792199704084368,-0.23011319575272537,0.46082833405542534,9.858023772383152,0.2649995179045779,1.1109698252385396,-0.30528820411109353,0.029053907839516308,-0.3472887176575303,-0.5097620213506538,0.19922285765401104,0.0372382770165787
1792,0,0.44783748187040295,0.07321912099435934,0.2813136099555358,0.25349161887463456,9.258214404336972,0.08580478581554105,0.16503451729201687,-2.2640599206171554,0.13270326220151976,0.31468586400585535,-0.030258650726826836,-0.22830053040207354,-0.24673550879556272
1799,0,0.13443403447026725,-0.17646294843143906,0.10028166395619564,0.6680149162728855,9.648038660957425,-0.16845060096037562,1.4682827600330302,-0.5853330156641986,-0.2368853951182824,-0.3245972637715433,0.2472258868716189,-0.2678252476971551,-0.27356548671583936
1801,0,-0.1852617993189245,-0.060077064681005155,0.14227586024506067,-0.24972094583864157,9.562123730983597,1.1601168480660946,-0.4193488010943107,1.0911744880709806,-0.4800873470288713,0.11273436406322754,-0.012600798227287664,-0.2029565766778368,-0.015419198771633884
1802,0,-0.19831558595120669,0.14177734382215945,-0.43950121821823984,1.6324276589469298,2.2723193909772403,-3.590746454890283,0.4169328284130909,0.9791611809344487,0.8644559862891985,0.5923470090978417,-0.3097754735688583,-0.49716369450132986,0.8797268008127496
1805,0,-0.052544665133225976,-0.34744722392341565,-0.05273549274150113,1.3219432247256382,7.718219516988344,-1.879022853385471,2.029067546457486,0.2449583286971882,0.25984251653225016,0.3488726692591078,0.954808203106061,-0.00678170882472047,-0.39356804076041674
1806,0,-0.3132946091067037,0.17850304018771723,0.8195017959930375,-0.13251037344320427,9.056440602639903,0.8263121710978452,-0.13894143555832966,1.5918731717490313,-0.445916763576841,0.48119212485174073,-0.1257047831080739,0.07272787748863743,-0.058439525833146905
1811,0,0.017375001218969288,-0.09308079653085599,-0.12519161993915873,0.07535212847730399,9.953284332823785,0.8968626209212548,0.29070450844947593,0.025821858379148993,-0.09792886980006954,-0.47189841572020563,-0.0034732226500976404,-0.16407385859007695,0.1349527585414702
1812,0,0.11691313193104769,0.11178049767950426,-0.03937292793155578,0.4085574842221198,9.856264018445998,0.3304501132849027,0.9694726510759227,-0.6998226688422109,-0.03300480758616463,-0.3397136343291623,-0.36292559637295946,-0.051179514551709195,0.008600463308785042
1818,0,-0.06595021767579468,0.18005972183349428,-0.06168931647606968,-0.5799700612989431,9.432275067540012,1.4737225449018359,-1.3252542054142413,0.34308377592033606,-0.09640128584877501,0.41512305883455003,-0.25613579818373844,0.017388864914050874,0.03409492743917095
1821,0,-0.0650580356037338,-0.17355512637148074,-0.3977996836922344,-0.6589425908239539,9.39819778371196,1.497333205391126,-1.538375405163702,0.5155067174159035,-0.2743054811463155,0.41817392699237355,0.050050990579814686,-0.09793483235958682,-0.1704904833574325
1824,0,0.28924367984524224,0.19749943182842955,-0.20707994310404132,-0.8998740156151859,7.961551265521147,1.2492258305871036,-2.1069983304081634,-0.9337269006893556,0.9232274531223684,0.5001239156187023,0.4318967112490988,0.87056568296525,-0.1099171782074919
1831,0,0.10076538745914476,-0.007612793617155944,-0.004848480491979501,-0.3770723849442357,9.742418496021465,1.3253469902144868,-0.8566074324158196,-0.37082386927308386,0.20209029305638104,-0.04755900371781317,0.09409609474019695,-0.06978810051525375,0.15871482784616825
1838,0,-0.24351715787480188,0.02962912225659231,-0.27408495788254683,0.21660295455965528,9.759018449969961,0.5534800375907863,0.5734124986578086,1.2977932891101263,-0.11259894917860486,-0.13788894424522302,-0.04977127782621181,0.3075086469462597,0.0073374657638872985
1840,0,0.39932448078061,0.08132899182902342,-0.13977081428415872,0.9720268389617543,8.684084142070898,-1.0779470052959526,1.2165455858829335,-1.744261517410019,-0.835097391433064,0.5041145845113945,-0.40559239343133785,-0.30125768669390607,-0.40179808377906245
1843,0,0.013494121252540126,-0.06569699673807428,0.43966616622754984,-0.22028012391602436,9.701761830244543,1.2072693445536435,-0.41282193540233497,0.07175426147642443,-0.08597975318237477,-0.13817618142304885,0.1356401768487566,-0.2719665798291746,0.16184778063496327
1844,0,0.04965455391216089,0.1495006214271868,0.05266672788424387,-0.011624291833264078,9.899573391859196,0.9804692427198483,0.06690424727017392,-0.31202289128644906,0.07651828424190814,-0.28483102719294967,-0.3223195828612111,-0.03450419870346094,0.23593299020714392
1850,0,-0.10412920294357875,0.02335668831793747,0.2683680317953048,0.7489926306938397,9.40884808369244,-0.3637445176633408,1.6697604585509371,0.424460001788311,0.21931865128530267,-0.17112305250712925,0.23827226164864856,0.3049292489328099,-0.14958653889046156
1853,0,-0.04175109441163016,-0.20152256959131698,0.3564996637703004,0.6834019602880534,9.364606276083421,-0.24549798190010205,1.5812739032960157,0.28837825464795674,0.03680240843085532,-0.35178259580483356,0.6180528381854202,-0.03502035921050584,-0.20994807985899638
1857,0,-0.33551028470517075,-0.011156816655889301,0.07587757062400158,0.1946472640694097,9.382743608259972,0.4259726990121214,0.4845251916206447,1.7919567155656209,-0.1553078195478297,0.14204152526931715,0.19740751444141447,0.3023140318862331,-0.09183140376867809
1860,0,0.13301512150566097,0.15056359187290802,0.2310067761279555,1.4993147978278794,-5.480415040441103,-4.880444806472519,-2.4889401041666437,0.20472640956395116,-0.07713163190329769,-0.7820394427478454,-0.3114891300361808,0.21288823058107698,-0.14133419589007062
1862,0,-0.11026731554153812,0.1545876690776513,0.1963090822097051,0.023910453407330223,9.836412495555749,0.9261369992514341,0.21275436837126002,0.5474998528307408,-0.14924381820837346,-0.16804111850397271,-0.2987919938736425,0.03696155510160797,0.1837694692212396
1864,0,0.24424121761373563,0.04483000915206503,0.2883734988190838,-0.6536142726766787,8.906738863227634,1.295744109063919,-1.5675522340906047,-0.9342370642559348,0.7224529645068084,0.30471057630019605,0.46677248090211076,0.31364685259011316,0.028531468453181136
1871,0,0.21429775873335188,-0.2668681437290008,0.018064272964579686,-0.7709202823408488,8.680619063612166,1.4064689418691505,-1.8859727277712843,-0.5737943594565056,0.5061924118326163,0.34285540868334763,0.7395166716688892,0.19705251885828073,-0.1010488209707547
1874,0,-0.006528979583890759,0.4519479393766215,-0.1555812763413691,1.2100628693776843,8.478332129457751,-1.5040231372160706,2.051079112381355,-0.26135098739037066,0.13785881102536596,0.662807301701625,-0.5574485526408519,0.5516560684515863,-0.3376163674761176
1877,0,-0.06264785644419746,-0.0307413360798634,-0.36853661242522406,0.30497558757644994,10.011602248668567,0.5539743744049679,0.7953239352049538,0.3627755811763932,-0.054862471257593734,-0.4719674203216696,-0.12217721944808937,0.14517192733439388,0.056448296400530444
1880,0,0.3144273043989596,0.5349108455959364,0.12977397232398147,0.9291102872868819,8.553509743477655,-1.074534958366896,1.2202864194955598,-1.6689357244591518,-0.5641057738245272,0.8158568747123081,-1.0599529357514612,0.0954007814065146,-0.2582568453936006
1884,0,0.04120026925004616,0.01793716170948123,-0.07644321114818453,-0.20255612627850805,9.897566151588272,1.2083088415436811,-0.39811005810692274,-0.12784424688399496,0.026706296628786826,-0.21256857548291755,-0.09557931815497081,-0.12100547677848061,0.19922202564829278
1889,0,-0.25382326593019755,-0.12094667618142907,-0.1164138246299018,-0.1016131224153618,9.632726078959838,0.923550085406253,-0.09273196953710236,1.4685412800908217,-0.47934279106672306,0.09113807061721654,0.07242541162389338,-0.029938946912589817,-0.10408356482922808
1890,0,-0.09331263077030805,0.45714190043888436,0.5076116380740636,1.394396427757914,6.136991215621481,-2.4277343862036838,1.7793184932572585,0.16252363037173378,0.5258922402900716,1.1157394585052423,-0.5348417180137187,0.26501813721001966,0.17106688120755406
1893,0,-0.09848660896493122,-0.11523633797410504,0.0471759051422751,1.5896391448793956,5.091561139645228,-2.953608341670542,1.5034324676822937,0.4451864480671102,0.4187405518079083,0.5890735675503223,0.47533792755479587,-0.46997394918072194,0.3155736039861119
1896,0,0.2004959301759186,0.13265140671922637,-0.34091482360629755,0.6980425071162095,9.682314966839655,-0.2602352585494271,1.3377501959063012,-1.0708321187869994,-0.2668106553902127,-0.06461086061738694,-0.526346497187681,-0.04382117659134467,-0.2163034464741217
1900,0,0.07486477974167371,0.23469579730884504,0.8648423795115932,-0.24458548567415717,9.405461569904244,1.1307309903290295,-0.541238823592671,-0.45191921871362695,0.23576393354678377,0.07569366047170006,-0.1339170712876024,-0.022196228166911608,0.23249559698014738
1903,0,0.2899574178897115,-0.08498740201801525,-0.15014747854595356,0.6073832490822522,9.664266863318947,-0.1362739648573646,1.0899794070955304,-1.3771469745938243,-0.35032979411798465,-0.11597514519177494,-0.139908387549052,-0.36178516472991984,-0.27782097071720857
1906,0,-0.009422585032202946,0.045471538883765206,0.02434013217603237,-0.20367151852951348,9.868000044894917,1.2148390445842416,-0.3775484746132346,0.11682636749723745,-0.07070969381088438,-0.14888345414439086,-0.15057220698933757,-0.12584664112906185,0.1976742376971629
1909,0,-0.1132831710773683,-0.15555219421527156,0.3360812893221947,-0.7325955569268785,8.891173851534301,1.4897812103596368,-1.6302854097749848,0.7003146985794823,-0.4016998525732791,0.6017989399601515,0.21438459165759943,-0.3093064450940237,-0.30397544695993495
1910,0,-0.36275229339063486,0.30460294164825186,-0.19210874693816393,0.37874091308774016,9.233331490754704,0.14430324506352096,0.7622171025808716,1.6834759199880778,0.20944424146049662,0.18337166267953398,-0.2853210463057588,0.7347085517566614,0.020255373494531055
1915,0,0.07511122675577475,-0.0918019157558394,0.2074874057716798,0.23046982974032115,9.786462690105726,0.6380000734854504,0.6564564216065453,-0.3201565878358784,-0.061195761033917356,-0.4997015549460083,0.09938693904574304,-0.2551889536836955,0.07033595250897733
1916,0,0.04810702609366935,0.30492990009883947,0.004568766563348703,0.1867768509746659,9.817791548721505,0.6830739624584752,0.5086573219214849,-0.45299436974991725,0.10674908957678597,-0.27106778905917567,-0.6453596388298108,0.13866658539544865,0.21757300873829807
1922,0,-0.05707656463301625,0.07106383441817776,0.38709643448743236,0.0022602870968415623,9.784102776323877,0.9583639092863034,0.16167367219428816,0.32309428527199235,-0.1338760785236502,-0.22290276799255518,-0.1224411852496056,-0.11209298694092873,0.1850189368351549
1925,0,-0.04676495068932063,-0.09241169791458681,0.08672372984993615,0.1284626476164057,9.851761290270677,0.8042746657658317,0.45423149529694884,0.3696940730065036,-0.15822219224305767,-0.43515548544234045,0.10429966468208589,-0.15650908792239956,0.10126609686309074
1932,0,0.005278715073606222,0.15386238657505658,0.409429469996212,-0.453718314694906,9.545180066664301,1.386130085718262,-1.0209726140292406,0.007842230568165756,0.05902556002732527,0.2393035506351315,-0.1009222587763861,-0.03522320228714321,0.15596317767578774
1937,0,-0.31334598917328194,-0.2540062367948561,-0.2705142040402606,0.6392435405861061,9.172930813688968,-0.31152605900347285,1.0921258214449983,1.6346953466261342,0.35403929996411687,-0.08247319157359587,0.6781884845729094,0.4965592510943321,-0.1398971469295061
1938,0,-0.02078679381872206,0.3326177276634752,0.2431340367223811,-0.23272638282558455,9.709088987641493,1.2020631558747608,-0.4799109959684589,-0.018017195974493624,0.07185702447183302,0.05996407886927879,-0.5181987769233343,0.1047053070899947,0.27616623657112355
1942,0,-0.09399288997790656,0.060389465081724936,-0.006773337143162195,0.6006457202752746,9.706125858515222,-0.013283240362244375,1.418047095888821,0.3906681290325471,0.14025197839552683,-0.3152327609847325,0.004293799022378011,0.3130357992410065,-0.05887406508119555
1944,0,0.2592149219064801,0.2514082265497173,-0.09778053022243327,-0.3505574149760342,9.44277183215097,1.068103700517124,-0.878330745658163,-1.3115079297624446,0.7164783465872973,0.0794673509962095,-0.08368739319444286,0.33363342338590685,0.1276022526782105
1947,0,0.10471922619321639,-0.27428736631301653,0.7526863068822358,1.2420407930299255,7.077530989067765,-1.9431347444110765,1.9826803890349454,-0.34933154169104624,-0.33254010939170636,0.554154560304907,0.9990666085396015,-0.4146123269656102,-0.4233252838559927
1948,0,0.21029608717125825,0.28067754843461934,0.3490397157897007,1.661991703496562,0.6565169036392895,-4.190883118200824,-0.5057727728433593,-0.45127044175299835,-0.3814175653395507,0.6934112345066717,-0.14086770415576372,-0.21805120496026775,0.9231326302430382
1951,0,0.24655786817359804,-0.07156688584768212,-0.23729621756400476,-0.05073676435020369,9.847379784606012,0.8918401802022096,-0.15941019046901592,-1.1776436714373337,0.30469266163573694,-0.3159299741423782,0.06806980394312101,-0.09278224012277289,0.06876155101650286
1954,0,-0.022479291488568975,0.2372688134962786,-0.14197383873336022,-0.2232115497145517,9.850007990597057,1.2219710062072648,-0.45479754886985035,0.05678501270564772,0.01650518976986749,-0.053300501016414814,-0.4755376389378097,0.07028046584824309,0.2495595294712767
1957,0,-0.09295857936734642,-0.03611794877554253,-0.03905862731602738,-0.15695691917897925,9.813442892666266,1.1491651491705444,-0.23160650156918666,0.6093582469086091,-0.2757898413574321,-0.15301093840408975,-0.07662766085960006,-0.16708800302392735,0.11969183436787889
1958,0,-0.23919736445010464,0.07374497007985603,0.9482520234841161,1.0295031935884102,7.7609111781632025,-1.3599202452595736,1.742711936994068,0.9647557082514748,0.7195756633752493,0.4456743750412584,0.5840476742163827,0.28517507985695933,-0.0662675402667731
1963,0,0.10497088945639454,-0.222168346751344,-0.07835114706067259,0.41442056418139783,9.883858690199158,0.3485020117213838,0.9945333611081608,-0.408707837109046,-0.1420112290849747,-0.5383599420058313,0.18904330905483027,-0.22346169805255067,-0.09644524342971461
1964,0,0.022098554891778477,0.015736558373069087,-0.33014039925346594,0.9711744753851006,9.454172564979736,-0.7836878321564906,1.90780836193207,-0.1828488714673343,0.002773074810268325,-0.009699895953735903,-0.038143976822426595,0.2901640702438226,-0.3546184199901261
1969,0,-0.12385999106057177,-0.009300956628248258,0.2171428737990233,-0.3468382148281073,9.588315647414703,1.2981602086047992,-0.6814537796500348,0.7431839698291672,-0.365081689367382,0.15147666019125264,-0.06850632709141524,-0.21701175441857767,0.04757882615327685
1970,0,-0.1165093679282414,0.15039168491318122,-0.235454244828464,0.8691073290044349,9.355712183840396,-0.5970430579230959,1.7872346503767536,0.3713281081124985,0.33086194558961324,-0.06780362166640394,-0.11696126737648621,0.5605199469301123,-0.16862222298083623
1974,0,-0.23494812009217014,0.2959596849595716,0.11349673472716759,-0.4339599505187981,9.28609296760769,1.2816973784502614,-0.8761610030783307,1.0717714142917525,-0.442255073242301,0.5137179812471675,-0.5632767288162908,0.03571733663784675,-0.03291548150456085
1976,0,0.12084499956502626,0.044635333275476086,0.1304720906321961,0.07385742498316628,9.856933098536302,0.8392882333147695,0.2483306925767159,-0.6412582054568529,0.09902648030585463,-0.36650077583561985,-0.13475369821561883,-0.15304981098984508,0.162399216361113
1981,0,-0.20206376039407736,-0.2716423087404003,0.28205533691221873,1.3409697156154605,-6.279738420038945,-4.801222890472996,-2.528243969453719,0.7248760992862543,0.7712820511276697,-1.0940707395690543,-0.29722692500155984,-0.43879242011743097,-1.0803989607697617
1987,0,0.032349419675085755,-0.023458544235337442,0.0458220536793732,0.47118012513265217,9.82139952076723,0.25056459073622633,1.1790978760494304,-0.17191487720499193,-0.04633195745629888,-0.4481331855575135,-0.0025063598616288274,-0.0377054581260414,-0.04147554746058046
1988,0,0.08348057788347596,0.3433872632629207,0.3032346222050464,0.4161889051742711,9.624386198609354,0.25159920694214066,0.9844880760026261,-0.6931286986978212,0.04482412904806901,-0.11111170532878342,-0.6807719891595024,0.13371179868434252,0.08352263718586403
1994,0,-0.09606352317921996,0.009794083667008735,0.22508099886216826,-0.0983868045859313,9.788397597393914,1.0761191052669332,-0.07558893473396613,0.5884784234786311,-0.24691636376223572,-0.1462157107380554,-0.07569427103186246,-0.15014438726358,0.14180735223798663
1997,0,-0.038853180669310206,-0.29678241300470454,0.026354447545507753,-0.39418514607354505,9.66568551660853,1.351281233344717,-0.8632789086927132,0.4950131714804674,-0.3202647864996938,0.020143598131843438,0.2940994651389711,-0.3203637471406269,-0.015074054348574333
2000,0,0.15352049350826036,0.1774088973510768,-0.11627002555945865,0.1974357441005754,9.868329064910231,0.6287983329187765,0.46600686607703007,-0.9227394038145791,0.1251383110173117,-0.3029954729235324,-0.45441700913078786,-0.01779019358273223,0.12313425426338603
2009,0,-0.11135979442282284,-0.331931294922585,-0.27970318402843475,-0.360287317582368,9.748290991608968,1.2852685745724157,-0.7808858434611906,0.8553494225376103,-0.48949028983405685,0.06894418629881811,0.16313028427317497,-0.2368073105456857,-0.10013809567413347
2013,0,-0.0864456209106379,-0.11198002376955607,0.665162148585221,0.6355215733912898,9.219349087362211,-0.20381619833696682,1.4986084094930616,0.4687955825810052,0.09686300778610832,-0.2434775548036577,0.5688114494510675,0.03657692453502104,-0.1396175021067005
2016,1,0.5365844356450182,0.2386651462912539,0.42996795789079556,0.25158594152583724,8.433832623408804,-0.2541260649145036,-0.11181261679082807,-2.6992525900505147,0.1674118067435658,0.7442229095593031,-0.1113130678625022,-0.055873484377104335,-0.331087632305893
2019,0,0.05910720469797326,-0.15221390460332707,-0.1667582576335036,-0.5967347904521803,9.487483526296955,1.4762162027229364,-1.4194412388718256,-0.03257173900827085,0.06619168552035772,0.22398112699699912,0.2511327934974428,-0.0619299554871577,0.0005353493361164724
2020,0,0.037000678640996654,0.0359653376973057,-0.29615380801678626,-0.8608582787869183,8.69206740240002,1.5354845683913876,-2.0699499116467135,0.01362644575236165,0.18586514542065677,0.6462461671628934,0.1655197789149765,0.18303759199924818,-0.18973070215693935
2023,0,0.5523415761948378,-0.2405776744736965,0.02772003895637809,1.169063657708259,6.85245099286844,-1.85879482466736,0.7127824993071545,-1.9612293176963216,-1.42846803415263,0.4721512320181232,0.3964201042040649,-0.4722812944283715,-0.425293384545198
2024,0,0.4941532012878831,0.01620784555222876,-0.10390926549789725,1.3385563574897361,-4.822188783016695,-4.5005693460931475,-2.3261917965069268,-0.5673595324434975,-1.4136629551675854,-0.6377233439298378,0.23900355502557466,1.168400395152765,0.4265089770682615
2029,0,-0.009942788273079373,-0.09725778519541883,-0.10154859736635302,0.07385696929450747,9.942628696434959,0.8975381687979558,0.29821177002502275,0.178609967379229,-0.13295263441602687,-0.4534511330375019,0.015611481316465163,-0.15701455563742456,0.127132937322433
2031,0,0.2502264986214371,-0.26842052205643085,-0.21162554597107075,1.5306965118654077,-5.0576612195291615,-4.679031824931133,-2.361584787538673,-0.08287066418176708,-0.7528592889304666,-0.7080628084109627,0.23783202351024446,0.44352473549261684,0.21707533644505717
2032,0,0.32887700218514127,0.13207055984329408,0.10459344011994887,-0.022328078248854855,9.584873212939165,0.6670287508000479,-0.16948466523763384,-1.7286866659039677,0.4728022955809272,0.0019403468132974527,-0.0656873639072655,0.014925014528374393,0.0014623212254533304
2036,0,0.2958337688879986,0.4809768276512969,-0.2968082466611506,1.6063292798755961,3.3729481322182187,-3.3913449373200786,0.46728432737448716,-1.011521605142753,-0.6917838369926544,0.7772981967673516,-0.48482907265623754,0.06485594004909173,0.38494610359363546
2039,0,0.07858042442709134,-0.09104825226892999,0.1140937515918452,-0.0923860705877031,9.844256743311817,1.0772146945092698,-0.12503618859663423,-0.2761127027316026,0.016974347575474086,-0.35865896794942653,0.11231886881641373,-0.2543261165966002,0.16714463831432277
2041,0,-0.20841038334586948,-0.11404186578447373,0.2570071648415464,1.1680243892452449,8.014007568116888,-1.5102661222483735,1.901381720349181,0.8206302888424432,0.7004742276600289,0.22989792592656655,0.7982994859636069,0.19743250552581476,-0.1727359829123839
2042,0,-0.17329087086539197,0.19756131297406299,-0.4085667392872132,-0.6430963759492747,9.182179516040655,1.4585806246746202,-1.4354234878452172,0.7960631384622414,-0.3566272855127729,0.5591262886670113,-0.4128714137002708,-0.012228633463579157,-0.1754052607549015
2046,0,-0.24554615963337056,0.11046841766908067,0.02908876376197611,0.3939540214549675,9.639815477082891,0.26465875238093217,0.941448915303104,1.2064669118439013,0.09512315829200337,-0.11828278840969746,-0.010518220772092633,0.44168243619187786,0.021411643057712766
