seed,ray,displayed,pixel_distance,cx,cy,height,width,lean
1,7,0,4.4999991059274365,14.51828232386659,14.322161630418684,19.465910829265674,2.5467724622773273,6.9407972943630405
1,9,0,4.499999607273868,14.23247050783022,14.09830924149875,19.50838759059026,4.040198723911164,4.567501051760095
1,14,0,4.5000012340047215,14.31254233081306,14.374826226416198,19.58281633358649,2.9613633270014743,6.933473579861019
1,20,0,4.500000229986118,14.494983308538512,14.546749831311837,19.35050225035536,2.013627939268631,6.202564237283973
1,26,0,4.499998837308853,14.332179179792835,14.400190460910952,19.25549878329088,2.945636646143691,7.008843433770206
1,29,0,4.499999997630975,14.389295274083967,14.15465841247956,19.138857414837332,2.7327465681090386,7.138297776574731
1,31,0,4.4999991738214185,14.880768784319079,14.256277777458477,19.35897619566164,4.062922556717926,-7.977831904520848
1,32,0,4.499998998428761,14.696814570238478,14.442401898850019,19.108605196192393,2.985547948496975,6.899969364001272
1,39,0,4.499999361620117,14.658378335690676,14.129406826444725,19.289807142671314,2.883219094998412,6.9915190804555
1,41,0,4.5000022018039685,14.315241289206602,14.300319145871073,19.366057064102094,2.4865807631864913,6.837361129050514
1,51,0,4.500000010888697,14.425947982265505,14.19885451014697,19.643504868869993,3.4815054702753203,6.55015577412161
1,52,0,4.5000014720405686,14.574789444970872,14.515231600094344,19.50062534754922,3.3164853898388476,6.829889025500314
1,58,0,4.5000014143594615,14.369035500576377,14.474806553100187,19.51511841108872,2.599439483019504,6.950743079489246
1,61,0,4.499999374784263,14.362211597308006,14.297389346499955,19.72689283110037,2.3886939703707815,6.730391590061906
1,62,0,4.4999996349580265,14.010786209870696,14.460575076734976,19.29322554130807,4.151102311314952,2.9300563345265633
1,65,0,4.499999316604227,14.183604169135172,14.250267835323958,19.59701129841945,2.145011655994137,6.122879010857751
1,69,0,4.499998811195515,14.238218942826375,14.140419585731488,19.37125637619192,2.8677796666986652,6.92093270518701
1,70,0,4.500000692080884,14.202496460459376,14.488273285321235,20.049410122503783,2.155424801886404,6.091021454674237
1,72,0,4.499997742888187,14.515096770663202,14.482410811915118,19.636327272152677,2.80437840291239,6.922605549204931
1,74,0,4.499999201088369,14.237873984712973,14.419192883254784,19.491806333344478,4.127362127018226,-9.279220826242563
1,79,0,4.500000289655405,14.715497308163414,14.23584183525492,19.61228554171906,3.0794549493755814,6.733788648181044
1,82,0,4.500002543473571,14.413598032828606,14.462358479215787,19.39172099234398,2.452738404705691,6.93284037684581
1,85,0,4.499999374940612,14.257270977118877,14.14065314169976,19.062880970062153,2.6086658298376744,7.00859973197263
1,86,0,4.499999300501213,14.004326922494648,14.819354023888936,19.6959309949966,3.8778461698225923,3.847884872419705
1,88,0,4.500000805495911,14.930501694856732,14.619697510030715,19.953515836666515,2.6220835219887544,5.567121439738466
1,91,0,4.500000004848154,14.46668803760208,14.323067519585832,19.29607766588488,3.0020669719704145,6.996344433102603
1,92,0,4.500001162642393,14.46659197514321,14.505673297087585,19.436090866520388,3.3410811427255167,6.875558219032911
1,98,0,4.5000006879879395,14.325846611315729,14.483974431089832,20.277719769701026,2.469871053063855,6.481536141759815
1,102,0,4.4999988325145575,14.30378891712326,14.66255641374472,19.253801298730824,3.385557023007498,6.698736145915671
1,104,0,4.500000979899728,14.684929434833032,14.389302603723241,19.20768031283265,2.469233851379882,6.696410237309763
1,107,0,4.500000273588621,14.574923444234672,14.323683935704276,19.73212041613192,3.7670026835163446,6.067134986416054
1,111,0,4.499998729540459,14.525841726728485,14.22817974007059,19.432900009754256,2.7199279071274454,6.963185094591985
1,112,0,4.499999100557104,14.773350166612744,14.491303832293706,19.784725800753005,4.309921641026041,-5.925882278767031
1,114,0,4.499999588789042,14.394471763760444,14.707138068726676,19.694732265658274,2.8241764442754413,6.8333843029684225
1,117,0,4.500001391659615,14.32131998846146,14.353248110879184,19.95101820487935,2.9260396042886176,6.763308186032919
1,120,0,4.499999097582335,14.682320830937016,14.94498059097218,19.35398432285551,3.374954531273332,6.490399667796666
1,124,0,4.499998503365967,14.437922408827056,14.391312769486884,19.529445601085428,2.3492284159212327,6.8316863088471
1,130,0,4.4999996378370355,14.377755835604972,14.597589083285678,19.62366810422576,2.3503828891312333,6.756408112414913
1,131,0,4.500000783408008,14.442244601354988,14.2807453546172,19.231579087825384,4.144335825056539,-9.461298127829421
1,139,0,4.499999794683077,14.486827232122138,14.143090791678489,19.49871813578578,2.9250725528002812,6.92018921953613
1,140,0,4.5000009550861195,14.421959775968663,14.433953826125435,19.773776699658264,2.8843530376142903,6.888006182635298
1,143,1,4.499999337198557,14.856627531900235,14.291997371990908,19.241295092560826,1.8490659916943637,4.8247217897936
1,145,0,4.500000454018272,14.169412732923934,14.336967068484888,19.059166032462446,2.6103960304659797,6.817845422191379
1,146,0,4.499999793929359,14.373716521437602,14.505343365522378,19.665973695860057,4.393668564113212,0.6486045903599713
1,150,0,4.500000366261968,14.190625715738575,14.775786496156412,19.328548409567773,2.3771934529759027,6.542143727021855
1,152,0,4.5000003717400485,14.528228482822977,14.37280518543825,19.35202604416113,3.2016345641902655,6.925101037109322
1,155,0,4.499999521322778,14.634310521832193,14.34117320747253,20.22443838332257,1.9897871652060584,5.557235273863819
1,156,0,4.500000352458629,14.549484564878812,14.920406405679598,19.496948564966218,2.683488194592236,6.770323762987552
1,165,0,4.500001718856875,14.347205155232295,14.201097616927411,19.359018019441756,3.115529296277935,6.960195355832582
1,168,0,4.499998910302718,14.75238380265255,14.501781104455254,19.78138829750683,3.396920220540755,6.328689695791571
1,171,0,4.500001486896177,14.552669943472658,14.25527279036829,19.230310201661258,2.6705672914210705,7.048083276391775
1,172,0,4.4999990076710095,14.425473740152489,14.444436329104118,19.196968306193412,2.6265698356318303,7.015812249874834
1,175,0,4.500000215989022,14.914799280416226,14.026926458664688,19.546637646212535,4.039773845824608,0.4418056757712545
1,177,0,4.499999011568578,14.123740947986871,14.170318261361047,19.781214873461817,3.0649861152768425,6.2480579177818285
1,179,0,4.499999652900872,14.446276044881293,14.263672225674718,19.764655364899053,4.214107306411961,-8.40424777206466
1,180,0,4.499999741850878,14.551394476074284,14.737435295997688,19.889907008151255,4.082822075366666,-8.854556008234056
1,182,0,4.499999261587383,14.221327812308035,14.427929211330168,19.46272668959986,2.7803154979798794,6.887450552669701
1,184,0,4.499999289517673,14.567927385744486,14.552475732267228,19.50779194222952,2.0908354808439147,6.280305126451555
1,188,0,4.4999993716233195,14.569250372711917,14.726930197449663,19.025146428000127,3.97917819831111,5.550328115859376
1,191,0,4.500000782548024,14.629104534761547,14.30182909399146,19.63892619265107,2.043273209211301,6.027416754308568
1,195,0,4.499999817275059,14.484049676451532,14.029483166876247,19.682133115562205,2.3414608299921187,6.653620877873493
1,196,0,4.500001024499799,14.475051566356465,14.452645209569162,20.01713841436653,2.691731388044219,6.770274416664872
1,201,0,4.500000829410237,14.058746856474675,14.089483454961282,19.35740689310162,2.453833071627076,6.223421113229577
1,202,0,4.499998469570704,14.307259773109223,14.546342694088972,19.94441520727956,3.3997272222017116,6.437316177494708
1,205,0,4.499999861519185,14.405173630980123,14.326460477788565,19.495835666393425,3.1650794305984493,6.898193167531517
1,211,1,4.4999998916580415,14.480510014166512,14.150968558622585,20.42889675823583,3.5458554879203215,5.8698267445789405
1,215,0,4.49999940332913,14.587625417566175,14.24440848616475,19.208493693662923,2.301511340643599,6.778365775975978
1,217,0,4.499999033513989,14.274225233235041,14.253333912835918,19.21387115307159,2.7467522848937787,7.021154680416277
1,218,0,4.49999928902634,14.251644080492392,14.556252201542197,19.79998629216341,1.9830852347566925,5.943543377613773
1,222,0,4.500000847646013,14.112063640654188,14.470895458731638,19.438304271397957,2.8293555619807673,6.657279487835172
1,227,0,4.500002017758341,14.464090703136304,14.351389194406071,19.411731012942514,2.8199700150348552,6.9870723200684175
1,234,0,4.500001013938667,14.347614166100747,14.399609966295666,19.307294847973296,2.3193401916469116,6.768797309717602
1,240,0,4.500000285746599,14.680973168764513,14.701570118849352,19.6161552334697,3.162122039543133,6.625077971384709
1,244,0,4.500000969880473,14.789349810170657,14.47749803741954,19.353873677918,2.095166846021048,5.729480815607026
1,247,0,4.50000048667395,14.63633099276885,14.321707489052574,20.079343188357395,3.6165614688729226,6.045381669980415
1,249,0,4.500000174059385,14.307203071159531,14.202549203484828,19.71777021194948,2.479288412929672,6.662762037077748
1,250,0,4.4999991366372925,14.311796983292599,14.693330841046507,19.33951985029803,4.358332698616374,0.7047211328315353
1,254,0,4.500000382588207,14.090388130240479,14.38022173361945,19.575572268128106,2.587579601900602,6.432599894597558
1,258,0,4.500001631164551,14.346005186367172,14.650654864251042,19.380523217337775,2.7171587023839385,6.941433452993387
1,261,0,4.500001091893488,14.355609650508969,14.285263411058242,19.185228791289767,2.564283335359643,7.024519860697556
1,262,0,4.500000815830198,14.049996886399025,14.61893909086488,19.710990615849266,4.3250690749857394,-2.115025386975671
1,264,0,4.499999438693122,14.732342115642949,14.623228368437418,19.73199174479713,2.236961532043904,6.054147741580213
1,267,0,4.500000039598443,14.559341796770932,14.215867966590913,19.177031481632586,3.649431830679119,6.6907662106976105
1,268,0,4.499996798498344,14.418631694929195,14.408506616741212,19.454082656616382,3.010405399812659,6.971339896323332
1,273,0,4.500001012018203,14.118324508338533,14.275191912612625,19.648414749369838,2.0933470535955436,5.886498986503478
1,280,0,4.5000006142994655,14.585839300071003,14.488342435552692,19.834049679334353,2.9411339223952715,6.792778923037197
1,285,0,4.500000426062407,14.35633091251074,14.341103430809236,19.803728919608247,4.342685249552743,-6.800515080116986
1,287,0,4.499998190958191,14.62407294105122,14.23265301800945,19.53641646756166,2.768781257900761,6.844707461134348
1,290,0,4.499998270346624,14.38854497877987,14.36873197072327,19.568409032971754,2.9736441317288165,6.942605618931445
1,295,0,4.500000291044049,14.73381593211094,14.16026250703754,19.601247187164688,4.291094223620416,-6.2992934400106435
1,299,0,4.500000365285753,14.471562795475874,14.345970558139845,19.67770929201848,2.50351619098647,6.888807963021517
1,300,0,4.499999470893107,14.44091785185579,14.696854826434624,19.555756945994215,1.862950039505833,5.614866885173871
1,309,0,4.499999247113803,14.154251010591551,14.216257613248043,19.81560671597325,2.6613057123981525,6.463733461935131
1,310,0,4.500000068999701,14.127421067297153,14.437972997536631,19.062362122817902,3.2680378486290036,6.453979938207166
1,312,0,4.499998439551634,14.512047153697713,14.544767485200405,19.30672703808235,2.6605024680677922,6.984094745678071
1,316,0,4.500001098901429,14.477532348727921,14.388398893081643,20.136943935225617,4.028993410491253,4.25790224850644
1,319,0,4.500000812025686,14.83224883771888,14.336808911880821,19.42712145580088,2.4181137563425232,6.180024121378899
1,323,0,4.4999989848697615,14.447861664399358,14.181478382516335,19.189364181543546,2.2454506769376947,6.823657641647934
1,324,0,4.499999344651926,14.547850016897318,14.373943204569132,19.263403388897512,2.0954212438538278,6.390070256582586
1,327,0,4.4999988300807585,14.760907333023841,14.341254134669963,20.060508358060535,2.8191995879738587,6.464098076631441
1,330,0,4.499999310009354,14.368994638528138,14.513954451195389,19.369334679108324,2.768530924799064,7.009459378225223
1,336,0,4.500000105694022,14.629110161004633,14.407255608297413,19.667386606745335,2.437053678947509,6.698683198452045
1,339,0,4.500000378642318,14.442648130458144,14.275294426786658,19.207025770099353,4.458332992120267,-1.703183720612497
1,345,0,4.500001654333366,14.330325374412046,14.351436540311818,19.4879743943954,2.9986453411334004,6.950327164838516
1,355,0,4.499998243972172,14.507380487715912,14.224155787869234,19.765514470605314,3.5758582143650273,6.431407791042961
1,356,0,4.4999994122503795,14.466309321139022,14.50787579577803,19.478063569506432,3.856585067788374,5.974401983992648
1,362,0,4.499998420368668,14.28508063640082,14.449109022241386,19.546001840902907,2.449749213249784,6.767480285965796
1,365,0,4.4999980956232,14.408432080968543,14.287692276846476,19.62042546981405,2.674959128458055,6.913817091802503
1,370,0,4.499999689307619,14.384301436966554,14.470136899295404,19.39824013303347,4.329248473668039,-7.580297897457995
1,375,0,4.500000744544285,14.589859970413837,14.284618851457592,19.353307170622223,2.9338981943551037,6.955108942405673
1,377,0,4.500000290196668,14.273900254254619,14.176842013482105,19.314778100505546,1.8984548221609479,5.8703105263674455
1,378,0,4.500000666026651,14.272140178773055,14.792841004307917,19.918606651585172,3.2914892938695064,6.353186026028478
1,382,0,4.500000001080093,14.175619312369841,14.45394161924289,19.022206510344212,2.354579907123692,6.5084074056649115
1,384,0,4.500000296979239,14.752487985308653,14.463947324446522,19.391324815552885,2.460301380978967,6.475230594854839
1,388,0,4.499998587378813,14.644033284664799,14.526131234170453,19.764104124498804,3.234147262928658,6.6940664990861904
1,391,0,4.499999852680797,14.602302404071985,14.267752952064704,19.108213891495684,1.825282435137433,5.4265324082859205
1,393,0,4.49999691545229,14.34023094410573,14.29561487609859,19.379238696770276,2.8216780361001446,6.980001771005973
1,397,0,4.499999686697335,14.391571641909216,14.205095606400626,20.218095674351265,1.9162983213628748,5.598857920797137
1,398,0,4.499999675759271,14.124222767519083,14.48474013926166,19.402249781408567,2.8569213767439585,6.704224822061505
1,403,0,4.499998141966828,14.439744610570177,14.261907451623369,19.596930567272484,2.6079510297600277,6.903480557749418
1,404,0,4.499999973421019,14.55176033216917,14.622013220513205,20.201320420348985,2.2809840905342953,6.317948218846684
1,407,0,4.50000029707086,14.696008506474548,14.086796628914701,19.441190027304327,4.302620154469895,1.2244972182042222
1,410,0,4.499998108498875,14.363503253042273,14.41559949292787,19.69868196756876,3.178766219215077,6.835462388253692
1,413,0,4.499998570945944,14.374497601942247,14.198253877751585,19.57097017806072,3.191918674709781,6.777170244689355
1,416,0,4.50000015584206,14.83326371569953,14.414940871613522,19.67513645341986,3.9571693444905662,4.566503398425576
1,423,0,4.499998867729446,14.545621775628788,14.112296319821453,19.8286164556334,3.216245183881105,6.579872095262765
1,425,0,4.499999525253091,14.213152602583076,14.362983310079308,19.852369710565526,2.6643451536553644,6.671148387778366
1,426,0,4.499999197432683,14.20519113683895,14.388098009536085,19.317778420828144,3.4536907882352885,6.383471490439067
1,430,0,4.499998393992687,14.248377769837537,14.507567237935985,19.53498181889962,2.5798412695044677,6.812256992488983
1,436,0,4.5000008204464494,14.53034724392969,14.396055688747772,19.159337143469525,2.7518567775082587,7.017689763599229
1,438,0,4.499999954643434,14.105370564919182,14.672742196425528,19.182129528927582,4.029697675379509,-9.303638175927178
1,445,0,4.499999378261187,14.375020467445406,14.330118766659552,19.442163972189473,2.0709625207303164,6.365907576850127
1,454,0,4.500001080795664,14.277652734541805,14.401571483775047,19.363839999398472,2.6949037050878437,6.932279007383666
1,456,0,4.4999988336285615,14.635715589947495,14.64663331542454,19.27559513813437,3.2919497990250575,6.752638373638618
1,463,0,4.4999995860677755,14.561208846544371,14.364149396613847,19.131353201874852,3.253797443620477,6.981550060572388
1,469,0,4.500000719587478,14.303006183225518,14.13939015494673,19.487230047553513,2.1840033347120213,6.464066924004765
1,473,0,4.500000650820076,14.230946560510896,14.151220203732292,20.31756296580323,4.288798524549993,-4.451539144088934
1,475,0,4.4999972470987055,14.493697152624001,14.319896054118118,19.540388173279744,2.7783754575478197,6.943781029900904
1,476,0,4.499998215407927,14.450921226804358,14.658190247027791,19.644180633009324,2.901989739965024,6.858277334821427
1,481,0,4.500000268274855,14.112732535923813,14.311394578631504,19.63539300710255,2.8327524650964246,6.531708294115763
1,484,0,4.50000069385144,14.616645970083843,14.460120183738368,20.494797117066803,4.119995599410231,-7.548135144974596
1,486,0,4.500000490055295,14.191317480742338,14.578826932656675,19.480836856852612,3.296958887108154,6.563749620759882
1,488,0,4.499998780811431,14.517400875648368,14.412965377661655,19.48246219110413,2.3689693356371944,6.8418023337443294
1,492,0,4.500000806714833,14.463397337685599,14.672893440300264,19.29584467021775,2.8585246446097163,6.9533983930753855
1,495,0,4.500001192072117,14.686768187362667,14.150689925501581,19.804370247238,2.170974319246727,6.066490631549563
1,498,0,4.500001248685277,14.397872507794164,14.553095010713413,19.143249411246998,3.074903971066547,6.967377821740396
1,501,0,4.499998658314638,14.27516386967734,14.192367551145265,19.27760559332111,3.6654772940218083,6.262646560265633
1,504,0,4.499998708117651,14.650045839783022,14.636384186637812,19.852072355624205,4.296538565704387,1.224474268289498
1,507,0,4.500000570362168,14.476227106277147,14.253023301381605,19.328952859398917,2.5308231692995857,7.004063168659833
1,515,0,4.499998937513348,14.439406998321198,14.314502607801371,19.77868420500914,2.5410530753278575,6.8499676801224965
1,516,0,4.5000015635383726,14.521886845839857,14.543421012320206,19.657301126822816,2.6057413595351857,6.897857221604831
1,519,0,4.499999627223914,14.651581066511328,14.063039743645824,19.08542497375988,3.636184160425181,6.606841504716318
1,522,0,4.499999542825264,14.32844368873176,14.461120047492587,19.55331389325053,3.0648226615719283,6.931791838012408
1,525,0,4.499999332280099,14.388114697080862,14.076764613414081,19.973242180621565,3.6278256194242156,5.865716163578883
1,528,0,4.500000314078616,14.579515127949508,14.489360362005986,19.22928775561815,2.1655844302152087,6.483265754018859
1,532,0,4.500000136704259,14.60960981961695,14.563543084422069,20.263070537200473,2.843431279681094,6.477023725507845
1,535,0,4.500001057947687,14.632184035968676,14.257703083098582,19.407578768941804,2.281983762482275,6.585776051743551
1,537,0,4.500000168289926,14.278019723100472,14.224934122583647,19.4505504572023,2.884647315435342,6.915567321828153
1,544,0,4.500000382697169,14.88237456838282,14.986637373341605,19.646241312583246,2.0530387991105954,4.870449633702787
1,548,0,4.4999993289155835,14.450793209171636,14.393231693977286,19.42260285934493,2.8269938229469975,6.996493691069787
1,557,0,4.500001327918267,14.415503731059946,14.349861955866027,19.291928391975837,2.298537226999294,6.7959573907517665
1,560,0,4.499999391419264,14.678406077439087,14.377473583966953,20.22424072368216,3.2658231182100406,6.313968537409345
1,563,0,4.500000779742534,14.433241231077309,14.356574732648754,19.427643892296835,2.475668540159231,6.93494999292254
1,567,0,4.499999024296723,14.533552533127331,14.229210918912377,19.540341713579434,3.262713015201988,6.797065395498624
1,569,0,4.500001006586847,14.193631050367262,14.321874658172796,19.581271689199554,2.4409934702753167,6.543227213173971
1,574,0,4.500000173570939,14.159667848273374,14.65333643781619,19.83135763777783,2.7064926425059475,6.59727845529363
1,578,0,4.500001076221206,14.345348201846255,14.430951707367944,19.463777574869162,2.112058774090675,6.444261457810786
1,581,0,4.499998632512702,14.384897849226926,14.18782654276405,19.574555925945866,2.308560663475967,6.678773948001556
1,587,0,4.500000096232347,14.604419238826175,14.34217640444636,19.969773310406094,3.0429462484867553,6.68788852478815
1,588,0,4.499999126979355,14.428466641367732,14.580475741406158,19.498497364267962,2.72435148900716,6.967015873824614
1,593,0,4.5000008988250535,14.100435888490248,14.11976232298139,19.316627282061226,2.6530542672575077,6.5554915211150195
1,594,0,4.499999151540279,14.407734859698536,14.80632308440686,19.93381609094199,3.557513187309909,6.1215167769307115
1,597,0,4.499999709196569,14.157533589134724,14.360729909803618,19.64513981779171,4.286360518987484,1.9191263792762854
1,598,0,4.499999219180092,14.302941893774765,14.374294452113517,19.217507635072963,2.5793223293806573,6.920591523156226
1,607,0,4.499999230469531,14.736714175533855,14.335767749340576,19.296146019085416,3.2155442400020147,6.754621235536408
1,610,0,4.499998095236451,14.393797461915387,14.45640434654956,19.397662007099918,3.1642326682533692,6.9473976790377066
1,614,0,4.5000005006007155,14.142249704003008,14.51638820982263,19.573016061309612,2.6348722953620545,6.648532705424429
1,616,1,4.49999929671728,14.957407768711635,14.858096205379097,19.504834994363552,4.173884575999857,-1.9006118884821923
1,620,0,4.499998936429493,14.456152528355073,14.543945049246705,19.227623548006157,2.244472846052404,6.727082205420775
1,623,0,4.499999789692044,14.738399510093839,14.19238083181183,19.784378928121814,4.196253659216325,2.2866367867091526
1,625,0,4.5000016840032,14.249806710044586,14.293170067912241,19.477617612328622,2.9280055496306123,6.879042641894888
1,628,0,4.500000179789425,14.732515750428941,14.369917892094119,19.711996073394918,4.337629341541507,-5.881652286784922
1,630,0,4.500000189485416,14.209026388472662,14.542751235770089,19.66946960411734,2.8149038154566632,6.822732239555446
1,632,0,4.500000787237453,14.547527497952174,14.4268309854682,19.712131223212264,2.345825294739483,6.724656891503127
1,639,0,4.499999812464261,14.902532680089164,14.211738595628056,19.537234222492803,2.044559055185395,5.200805750488989
1,642,0,4.4999993223176835,14.331594965091352,14.582609291605964,19.442621225395637,3.240697352185644,6.841098884866767
1,646,0,4.500001014213349,14.341046038189297,14.471366649783079,19.534990837513018,2.4756509347728795,6.861640129517152
1,648,0,4.500000041423368,14.701243176065637,14.508241919571361,19.638928906117172,2.778567738298783,6.7549370958556985
1,655,0,4.500000717724639,14.649072669195595,14.248147673693518,19.76301584630003,2.868638217862382,6.761989052507211
1,657,1,4.49999989769751,14.032767011966525,14.172404890280083,19.638966230689963,3.9035144172239002,4.150805558868592
1,658,0,4.4999995074036505,14.4015438495974,14.528374360699559,19.16317149829212,2.442042246371527,6.925619380768371
1,661,0,4.500002316550946,14.33916603896383,14.321483079836593,19.393607618795414,2.6854471933134656,6.95229823861807
1,667,0,4.499999946140881,14.509728513302756,14.113687423605645,19.396272117096412,3.5788437197432073,6.665138471897251
1,668,0,4.500001331858965,14.470081369736508,14.460810458672821,19.283023954481962,3.669970241130395,6.540781930000733
1,673,0,4.499998725142234,14.179080538331352,14.21294399426441,19.298580469382998,2.9716326394158123,6.8456674147450975
1,677,0,4.50000038212235,14.253103172072102,14.325648339276064,20.190115016268162,2.304001377005183,6.271139761743811
1,678,0,4.499998751011742,14.2664260318088,14.389471577155968,19.38561642035782,3.550337916784499,6.3787497498341565
1,680,0,4.499998689623779,14.584303502762129,14.689434494977863,19.43768181477271,2.435137763239794,6.714982910816143
1,684,0,4.500000432986902,14.45368020296694,14.471287275694788,19.797374064053976,4.0074514296234085,4.996756998255066
1,687,0,4.500001058362595,14.765829872631903,14.28098953144392,19.123058147812007,2.50967295514756,6.614587672478166
1,688,0,4.4999994911056485,14.913272383921074,14.605160578894527,19.577983448883806,4.012779280472571,-8.151335578160918
1,690,0,4.50000107683514,14.399248749486732,14.388929900751444,19.77455888940791,2.811460548707374,6.893435907406726
1,693,0,4.500000256916256,14.318481362371674,14.041630415175248,19.64177408767809,2.9967316842201903,6.741985908621849
1,695,1,4.499999448692976,14.984102421229752,14.154921611880434,20.350467373800466,3.8931532657545267,-6.036634612757176
1,699,0,4.50000020780338,14.492343992940837,14.357570701447395,19.574133845890458,2.0983829099728126,6.409792630535929
1,700,0,4.50000026852419,14.469675201818456,14.649210780814368,19.876588940601795,2.240961451744593,6.513785702956355
1,704,0,4.500000304116534,14.648299494977104,14.37614757415415,19.47698039420956,2.661913042414792,6.850901963726418
1,708,0,4.500000143569669,14.53443201101997,14.774797483112375,19.19639527054481,4.0214395312887685,5.141745920408242
1,711,0,4.49999930719692,14.581509750506939,14.047489552727212,19.693108194618596,2.4125598747300803,6.641849255983992
1,713,0,4.499999630207262,14.243919794818328,14.321617849287145,19.6727993305277,3.267162164760567,6.6015007548352465
1,718,0,4.500000673763846,14.091334053417906,14.87689001564027,19.569990564705808,3.236536618293579,6.0953457650832625
1,723,0,4.499999873448863,14.432675823585015,14.115290741513235,19.376523452945186,2.3908970513839303,6.9018132020043055
1,724,0,4.500000673940761,14.51921288836372,14.401306501204871,19.070758172208993,2.0369128077335117,6.306862256086021
1,727,0,4.499999601469024,14.82783316002262,14.2796781460851,19.54997333098202,3.1899361793002026,6.463756818782169
1,733,0,4.499999914465162,14.367698364451032,14.349695242191673,19.236214527256546,2.8980944561830615,7.037182038658624
1,736,0,4.499998958036356,14.779024835830327,14.627250385472466,19.293328790149108,3.0206735515769942,6.6496659767023125
1,743,1,4.499998746944776,14.485629591332794,14.318353421451524,19.312438909060724,2.7432988615415814,7.01109370446607
1,746,0,4.4999996265850575,14.137662169084804,14.752173049267181,19.510079204620673,3.089556997442187,6.51344851384556
1,750,0,4.499999365948482,14.23591911512042,14.431060675105202,19.326011827802876,1.9876164210689156,6.03017495801717
1,755,0,4.500001563337455,14.419968911697705,14.30190758142099,19.46824359011529,3.670171618241836,6.410862046744178
1,756,0,4.500000227682589,14.498883111398968,14.457516696378752,19.60341411483578,3.0361698556559267,6.912316182410727
1,761,0,4.499999938189894,14.035463887836405,14.12357374848959,19.22009719270063,3.693376938469921,5.20420495156068
1,762,0,4.500000123477908,14.311427121483513,14.513858832260064,19.885506199021595,2.682512658600278,6.800927513398978
1,765,0,4.499999261309023,14.375023243962703,14.214462386947561,19.508970891670895,2.5657688550128928,6.879465731275296
1,769,0,4.499999503036256,14.260272403452406,14.365808113719837,19.391392972971214,2.573062739430739,6.8303655216394965
1,770,0,4.500000175424012,14.338409047067321,14.390494945393991,19.91547335040522,4.394471387530822,-0.4322204043134814
1,773,0,4.499999351407195,14.298397911064011,14.002998180014396,19.568397387384778,3.6462452097075886,6.011648272683971
1,774,0,4.5000001987331535,14.221078841919839,14.667764189074536,19.009683523098055,2.5298189010743894,6.859858593043164
1,776,0,4.4999991830422035,14.559100324077686,14.397821120894136,19.082216807401466,3.0572318795817783,7.0154417895791426
1,786,0,4.500000586473292,14.411761289614715,14.685826427213582,19.46209691220232,2.3118407041250344,6.723522924764193
1,789,0,4.499998919484978,14.292668919746967,14.312135815781208,19.702358428040526,2.307512893095959,6.572431653938953
1,790,0,4.4999996953488175,14.044697866628425,14.4757208320327,19.17821022274389,2.7771917840837967,6.391370319604199
1,795,0,4.500001129835495,14.476454983447208,14.1311211459737,19.726923862993207,2.8009810400377377,6.763422435658065
1,796,0,4.499998997347327,14.496376112840135,14.406442940318902,19.541765358627956,3.1403341295656215,6.910218525911382
1,803,0,4.500000370661983,14.507343167580865,14.344497065360324,20.22475884601514,4.338299703570258,-3.812190422944946
1,806,0,4.500001866724717,14.345890912880284,14.421650647914973,19.567196451380706,2.8318633477925705,6.968157245082946
1,815,0,4.499998523061258,14.616429608190533,14.305829913618915,19.519229448793343,2.305191622905511,6.617692702615006
1,818,0,4.500001438793562,14.389567682223007,14.446491984756392,19.35023793552643,3.2757723079618524,6.900486875669898
1,821,0,4.499999709064086,14.352225711880468,14.255193253717966,19.181572587024725,3.6031308564193134,6.619298141291242
1,824,0,4.4999994051185785,14.71185735725423,14.604931894369038,19.465917844814324,4.1885968539346585,3.109825181591628
1,828,0,4.500002285962516,14.458583422688704,14.554604441263367,19.30534994727618,2.6535080179713413,6.998221583298857
1,832,0,4.499999297155092,14.800128426893401,14.467441902056201,19.145573170709344,2.1199321057957623,5.7664776293049105
1,835,0,4.500000553919886,14.490763399284882,14.167165732313569,19.63313593987251,2.9900918423203,6.804757532335191
1,839,0,4.500000663723928,14.496171323381216,14.265686056829987,19.419416493614364,2.002895695748743,6.181442477064159
1,841,0,4.500000592560597,14.103634286549788,14.262811170918466,19.422593036150893,3.063501080277886,6.446133273805447
1,844,0,4.500000080808055,14.430086402063337,14.40289804719889,19.30406414901285,4.222941021474575,-8.757838197750301
1,846,0,4.499999166163702,14.226220041858133,14.479218232450986,19.25841712692964,2.7872304293706005,6.924683225640486
1,848,0,4.499999606427356,14.879411075944748,14.66164760796589,19.39349888025819,3.4592424154318993,5.685407948409649
1,851,0,4.499998379311786,14.432709599923166,14.196629932771044,19.915638978044253,2.7116165360699074,6.737206768065299
1,852,0,4.500000657515879,14.497044152323687,14.427901381028526,19.597661072716576,2.5674430143908165,6.940941960328512
1,855,1,4.499999593947189,14.845859998537534,14.18108866373838,19.004118810548604,4.197426685346836,2.7892704694221244
1,858,0,4.499998880499234,14.307012317847924,14.613493104502032,19.620431346944077,3.7757576653124003,5.8904830295406345
1,861,0,4.500001529907183,14.388530342826572,14.246650060257222,19.768694629524052,3.227550223388254,6.705711836812437
1,864,0,4.500000683853004,14.529347165297203,14.457642248289662,19.650437406009132,2.960648553293713,6.898410166479728
1,868,0,4.499999711928916,14.533099216948646,14.3803898789826,19.01705596533184,2.6597586935511277,7.07479386650315
1,871,0,4.4999995144255145,14.611379106397184,14.359459132647999,19.651522912272814,3.2264832067383438,6.799443256198359
1,873,0,4.5000000601603585,14.279261160288744,14.128209407379419,19.54100456202091,2.645835016500635,6.7934571103917065
1,877,1,4.499999702419844,14.39638853147758,14.317479780136813,19.367505069430237,4.244272702696387,3.209172645729966
1,878,0,4.500000174382272,14.045887190678192,14.429022374587458,20.000565102581113,2.285987563456017,5.853501874024559
1,883,0,4.499997632441613,14.420119091660952,14.336343947854681,19.289169238667778,2.935930152213952,7.009459347055834
1,884,0,4.499999562623666,14.544402896133484,14.839095611520438,19.358937521352395,2.8999479893595392,6.894594761236757
1,890,0,4.50000152146363,14.357849822846863,14.388241379745041,19.41900581327019,2.3420198904796017,6.790376955276432
1,900,0,4.499999509167038,14.47125767550959,14.542478372521485,19.208135658722448,2.3778228809894757,6.883865650474874
1,904,1,4.499999834540577,14.691280866883782,14.645238521392004,19.326289075641192,4.349210762972805,-6.081039891582174
1,909,0,4.499999657563901,14.404554398420679,14.165583391090335,19.327158884129965,2.925351987051015,7.0386716413465145
1,912,0,4.499999511284207,14.64515353932154,14.636242527269966,19.48640825310727,2.547339653625343,6.707549607401987
1,919,0,4.499996992209467,14.571065974893724,14.347230782690366,19.60843610463113,2.7043255806226973,6.9019993541058895
1,926,0,4.499999084890494,14.10351169223676,14.409797574528078,19.519455318997164,3.5255489308172434,5.831149335160758
1,931,0,4.49999862979452,14.440379543798256,14.303122597138442,19.45722475300148,2.8937253982421938,6.957126465215701
1,932,0,4.50000188869388,14.49918543672136,14.45701942821616,19.738607637920527,3.522807428127101,6.624102720994571
1,935,0,4.4999998717021015,14.68398495248786,14.255743133026836,19.16751386395035,2.377543987030921,6.684114501070269
1,937,0,4.499999352931629,14.067210566063645,14.01798549656946,19.221998343727478,4.40288130512743,-2.790858294498304
1,938,0,4.500002966927998,14.327347222408408,14.511365218461814,19.6931660195772,2.5201387781288114,6.82671009734263
1,941,0,4.4999993041218955,14.410455265554319,14.202534694611483,19.54241372627566,2.537987054836906,6.871613673972963
1,944,0,4.499997028638917,14.582095167599391,14.444610908557452,19.375845942879835,2.8084334398279056,6.961428320863472
1,949,0,4.500000005040124,14.073171961198955,14.309223375908068,19.41700405752584,4.333824656649354,-5.7848283785242085
1,951,0,4.50000021369529,14.62016173917342,14.146097050928942,19.050465913445755,3.105855833931818,7.104977963604551
1,953,0,4.500000668344564,14.280998231802402,14.298155330694309,19.037558233693943,2.102552017095828,6.451454363571436
1,954,0,4.499999832309352,14.031688540242012,14.915809582067732,19.70828954377981,4.044309904723683,2.1597366484721796
1,958,0,4.499999582554783,14.03521889822709,14.571224416518797,19.238844862505566,2.154889932240361,5.85459888170346
1,962,0,4.500001851486707,14.388243396074888,14.403698847919541,19.30153748199898,2.6481125305272295,7.003589295987656
1,965,0,4.499999532005593,14.334642285829363,14.205769434950053,19.36471393409512,2.2864198797082,6.715494645437175
1,966,0,4.50000036941279,14.24993280953053,14.51227114136649,19.80353946723403,4.254496394891883,2.7148075450684637
1,971,0,4.49999934582486,14.508881090845481,14.292901758379275,19.435444977285737,3.2995160119147813,6.855945333414461
1,972,0,4.499999411007555,14.431488870504209,14.670061307622431,19.093374623890924,3.4990594025352273,6.848983958870136
1,975,0,4.499999800112511,14.944671298164986,14.004778226487682,19.82089587085267,2.5571634616076486,5.548269972006683
1,977,0,4.500001664476323,14.242166183074712,14.239086144839462,19.901323980134748,2.4827395660926372,6.509345981866698
1,982,0,4.500000206059623,14.234722763308374,14.49503378943018,19.60130374215056,2.0154294104270507,6.058130697804756
1,984,0,4.499998243046996,14.560256946526055,14.518035157522917,19.543141876002334,2.9784922356500374,6.908952698713499
1,991,0,4.50000068496614,14.8524069314829,14.257425591002132,20.029405358926386,2.8807586590441225,6.201473570427368
1,994,0,4.499998359509822,14.369547078186852,14.719567569204113,20.03098931174978,2.935721812169486,6.640756715408308
1,997,0,4.499996992772476,14.37362662048307,14.341645106391255,19.550560243953353,2.7437257835574456,6.956294635914237
1,999,0,4.500001020327295,14.657148817071379,14.157833536784922,19.92733574216396,4.139127895252224,-8.05394919007965
1,1003,0,4.499999350409028,14.547731467086042,14.021925092697172,19.615779746925277,2.024181758662558,6.055330677206005
1,1004,0,4.499999775628356,14.43817338086741,14.37214390009727,19.728262026196383,1.9971365337385012,6.138517844430883
1,1009,0,4.50000107153324,14.194275812383262,14.343295154773028,19.165154561067762,3.725227713970531,5.895728664563549
1,1010,0,4.499999661503597,14.371132976344771,14.408518890375637,19.677380825342993,2.035058095805022,6.246552470151187
1,1014,0,4.500002625492134,14.283872803794052,14.543995430879242,19.422580147601064,3.1426507380109086,6.887318476795944
1,1016,0,4.499998744843052,14.587005087816204,14.430097803567246,19.44826794213165,2.647689028384322,6.92679178401945
1,1025,0,4.500000573850424,14.057334434657205,14.186152392206541,19.422716270838308,3.746263483208997,5.060424958166431
1,1030,0,4.49999824572498,14.269954274867958,14.444581763528188,19.259739286708175,3.187195131029994,6.866488763682188
1,1032,0,4.500000556101588,14.599278815339394,14.572073828978464,19.174800048371598,2.6893059035637763,6.91507002800526
1,1036,0,4.499998796025939,14.420875779489322,14.613302032603753,20.205089279057212,4.170060314578893,2.737862516833699
1,1039,0,4.500002181242422,14.617006358928817,14.276197337985925,19.398655306485114,2.5914269121358493,6.874917344562995
1,1040,0,4.499999449380127,14.926172974950765,14.84487319253945,19.919590725134707,4.019843260197078,-6.709355007101091
1,1042,0,4.500000451325725,14.401996208454722,14.50847362351406,19.606455957472203,3.099585884508821,6.907072041162365
1,1045,0,4.499998150198998,14.31981492910029,14.214874928406557,19.794767224251927,2.767599621638343,6.766390822962109
1,1047,0,4.50000008857188,14.678558874081272,14.356509903923701,19.49389207428766,4.0766352805662285,-9.266681457609613
1,1048,0,4.499999016101097,14.730836884627577,14.49017600930135,19.420136802483192,3.0414551048043905,6.812251887978139
1,1051,0,4.500000475298489,14.490928347696896,14.28981298126146,20.116820010025936,2.077826420734116,6.117057593562986
1,1052,0,4.500000991051432,14.447257439284526,14.436425042184277,19.53335071858267,2.1509856037178676,6.552863063086242
1,1062,1,4.500000561763861,14.256741522984191,14.888626544241278,19.881472498923014,1.8204101444646494,5.215713996698881
1,1064,0,4.499999460883356,14.54950470278899,14.382676184361054,19.78212803342887,2.961719055516321,6.832705937411859
1,1069,1,4.500000657957309,14.40957844213507,14.124606328533469,20.129134574084297,4.316524125253141,-4.744937243967454
1,1071,0,4.500001101709571,14.687495307843669,14.091992812227831,19.646371534951353,2.8785983445843497,6.731831138800949
1,1074,0,4.499997939856466,14.39359705194694,14.564066070411586,19.446373722297913,2.6248823205665013,6.967370599618409
1,1077,0,4.500000237576062,14.262615574873417,14.358568610728899,19.0667109903213,2.267799713609646,6.648509946875528
1,1078,0,4.499999745632948,14.083080633510331,14.38345253241896,19.718074721130193,4.12312236380567,3.563062544957159
1,1083,0,4.499998462656547,14.455766604905273,14.21770433351474,19.306259692231233,3.056081021323218,7.0211828587568945
1,1084,0,4.5000030104151,14.474860132892134,14.42126336818798,19.38729710460594,3.21432185865339,6.933312187146825
1,1087,0,4.499999920682296,14.985711279260396,14.317596766050942,20.01068196776546,2.7012978824904232,5.345004402912229
1,1095,0,4.500000449513231,14.623209145461907,14.293176367263218,19.251450517762322,3.093727546172704,6.97589672878679
1,1097,0,4.499999962220622,14.28301803723258,14.200473735373532,19.397688610507803,2.3096885511477496,6.63910975388438
1,1101,0,4.499999488555047,14.36796743138907,14.333991658651769,19.581171428367153,2.735850939192692,6.941900372349764
1,1102,0,4.499999346355792,14.185713279688224,14.395767251609943,19.015378489278998,2.3498892543805523,6.571954483967524
1,1107,0,4.499999790487265,14.430262784139288,14.364702551114313,19.66998606136014,3.0626890860816056,6.883527655281785
1,1108,0,4.500000086592671,14.574209008909156,14.71146086986884,19.55239731800368,3.7514438403817474,6.000273903633406
1,1114,0,4.500000663518744,14.381659537229028,14.382116649310456,19.464508740553192,2.5926229542882013,6.956728633810652
1,1117,0,4.499999351084986,14.378291187673758,14.002466945483086,19.722300347570542,2.5642425937568465,6.69369871366824
1,1120,0,4.500000112368195,14.810614961903612,14.465328974527544,19.865601392013144,2.4138618839961627,6.078326627887932
1,1123,0,4.499999484661783,14.532225887005012,14.180113694991283,19.236006621891566,4.248247439371534,3.229211896065987
1,1127,0,4.499999331528895,14.575177108779949,14.210489228124882,19.50144890390122,2.6738668813721254,6.898127465524485
1,1129,0,4.500001433983628,14.232069939970392,14.245182766800047,19.45505181650559,3.3127556400342177,6.56547828892656
1,1134,0,4.500000413957278,14.230945495378494,14.503242306319219,19.628510204669343,3.4578720804399214,6.386739427567502
1,1136,0,4.500000163577232,14.995686699127136,14.721216392597983,19.52781989519145,3.312263222750976,4.6643718739032565
1,1140,0,4.5000008324775225,14.521928377641894,14.452053339405863,19.311811846233564,2.307515093769253,6.792929266408933
1,1145,0,4.499999007112167,14.174814685440447,14.13303828543034,19.89387758548411,2.081940359389808,5.822244671699275
1,1146,0,4.50000198141644,14.331149227204156,14.531228119488059,19.311053149127666,2.7588539602320794,6.9981749697674935
1,1149,0,4.500001559937857,14.386259417911592,14.322256115647798,19.229601283809988,2.829683984461885,7.061607565165879
1,1155,0,4.500001114559537,14.446320851144497,14.181825987398389,19.440477178857112,2.9953142695680413,6.952676217751549
1,1156,0,4.5000010773484584,14.546430974504773,14.545667508637743,19.12636238552539,2.856677663722843,6.968042157641769
1,1158,0,4.5000004853879885,14.084456703837136,14.994351558739854,19.16404257554005,4.134524022466472,-7.546736726926564
1,1162,0,4.4999988094130075,14.348545439855355,14.472632488642986,19.26552116088617,2.465836636401721,6.899171448429502
1,1165,0,4.500000202579924,14.399923539346103,14.278699116991387,19.39395218764254,2.0642667521661737,6.368324725705541
1,1166,1,4.499999648419273,14.001907077929534,14.519309786033276,20.20963814643665,3.0530522459497913,5.487555309669478
1,1168,0,4.500000742411452,14.58550617301993,14.42059741306421,19.55131122752887,3.313160429976616,6.822839988924336
1,1172,0,4.500000445434051,14.655537826633648,14.721631652169213,19.286980743976713,2.570063155352169,6.747372815358574
1,1175,0,4.49999854082726,14.743231286858814,14.16656324932104,19.968952719540205,3.379152370784541,6.179953609447832
1,1177,0,4.499999644700315,14.349727374200533,14.321510547513242,19.672389524086142,2.6488234982363728,6.878880261140996
1,1178,0,4.500000232184213,14.205487381534478,14.648509257206992,19.385527493821524,4.300481977051088,1.0085236129903237
1,1181,0,4.500000240955741,14.368003512971017,14.1402906626344,19.169974589931332,4.196882850813404,4.064532301502281
1,1182,0,4.4999993339146585,14.009101533150266,14.57147934347756,19.65820505199786,2.3613547989541983,5.935075625645842
1,1187,0,4.500002380389816,14.487268188164233,14.335696640091463,19.600446669514337,2.6136911454593963,6.93560740285173
1,1188,0,4.500000386688226,14.486412187480498,14.612351235097679,19.84285550295629,2.4943366201037103,6.781716174034635
1,1193,0,4.499999753073151,14.088715195507824,14.25136511614948,19.452111889289323,2.046629963723181,5.779456793838554
1,1194,0,4.500000659966257,14.31681163915402,14.404476614643208,19.924652454103565,3.991299195267099,4.809289800091303
1,1197,0,4.5000001804941565,14.413005281848609,14.072206554709282,19.564318374112663,3.128687811178251,6.8057154801834265
1,1199,1,4.499999619477207,14.968157907187496,14.165967372325985,20.06809503850122,3.2586886609673273,-9.681776402248083
1,1200,0,4.5000006581400696,14.769639893095775,14.774211155067842,19.407879021080372,2.0151653296317775,5.407282712399692
1,1204,0,4.500001163130961,14.928798933525387,14.514554151654275,20.222695483102427,3.988349834857246,-0.5033503888985109
1,1207,0,4.499999701976513,14.561954960055763,14.334032076396019,19.29766445242385,2.0308785770851703,6.204251612663068
1,1209,0,4.500000501094951,14.225754894637408,14.078915247977653,19.13769828457959,2.974433505897458,7.009765553612233
1,1214,0,4.500000678407793,14.230981716425525,14.36935136430398,19.40426298603744,2.7337726904324517,6.877500468033119
1,1221,0,4.500000019048918,14.354047595428849,14.339273073945545,19.28213031093476,3.488797071528235,6.668474808313881
1,1224,1,4.499999485146132,14.730289743755028,14.969557796579315,19.912580322971504,3.8346566478989628,4.208520805085811
1,1228,0,4.5000004949709975,14.424589222114145,14.403051623035408,19.21922715639121,2.720991300415384,7.026297179610374
1,1233,0,4.499999289460533,14.031668041517593,14.309903627731664,19.861771349628825,2.81350343880007,6.059797071009573
1,1235,0,4.500000559060936,14.448679374787476,14.166302410633481,19.73002734129273,4.374301456048927,-5.49027967831066
1,1238,0,4.500000250841725,14.271560653929896,14.61236694073335,19.507473415455724,2.899637473953157,6.92174511902882
1,1247,0,4.499998842760605,14.602883042323333,14.231968478876642,19.579091465514878,2.4213297677549845,6.722156543320345
1,1250,0,4.499999132447017,14.378279272843963,14.471140520514068,19.67705094192527,2.0407173472477185,6.2638758252918585
1,1253,0,4.5000008935503395,14.308025260405563,14.103474400409945,19.571009115878805,2.1469676222338614,6.357586395219336
1,1259,0,4.499997936851097,14.481371417846066,14.315684857940294,19.482749289829673,2.828228506758714,6.955788305035082
1,1260,0,4.4999976415520155,14.450504735289275,14.545564529558034,19.677671098581833,3.077295775636757,6.869896996391553
1,1265,0,4.500000753409886,14.22056061210451,14.261082177471854,19.011889599162895,2.4932811626820452,6.8630045816228
1,1266,0,4.499999298331939,14.379648563416259,14.634189016517379,19.475147351426962,4.4253035658064634,-2.445031632568953
1,1269,0,4.5000007754462645,14.208663028210005,14.238253744907864,19.943561082430264,3.693568058553703,5.5170403457019255
1,1270,0,4.500000589870124,14.093954709272587,14.48580146269593,19.189020586827855,2.5700543999934378,6.502746857298451
1,1272,0,4.500002450687765,14.487385853086572,14.465420819113643,19.396937025741096,2.9308000193124397,6.983094006017939
1,1276,0,4.500001389027043,14.47846127068087,14.54721422964966,19.547194948201106,2.418711154100127,6.870859265418964
1,1283,0,4.499999790254281,14.457110703740062,14.095253812616635,19.750996076177426,3.8842449610100047,5.3584451701619376
1,1284,0,4.499998104187433,14.493241421184347,14.379443997918672,19.531976725147135,3.2385945131523703,6.884084712443109
1,1290,0,4.500000669892527,14.307033349038974,14.74715693451434,19.502854728394393,2.6769748666400726,6.819504798678704
1,1293,0,4.49999967147376,14.405654511166482,14.343616615254499,19.577685803815772,2.5720945777367277,6.924450040264695
1,1298,0,4.499999548616451,14.391667341302732,14.897296967155867,19.16254155529728,4.296653126905563,-7.7115359447037655
1,1303,0,4.500000157093738,14.573313519853931,14.083845118412658,19.329525197213037,2.7395618959683166,7.006041984296239
1,1305,0,4.5000000436546355,14.257155937097869,14.345932834821008,19.32562610852797,2.167070764957936,6.403245293552718
1,1306,0,4.500000667680553,14.27660987637791,14.415786226070248,20.009682934630415,2.8893720161693386,6.725278020443607
1,1310,0,4.49999840898991,14.249502631495636,14.489466942190194,19.288476109879216,2.3298814167248856,6.629011085835273
1,1315,0,4.499999545586174,14.463629279927945,14.263810382389027,19.011413013912225,2.3509729285574323,6.998899515735339
1,1316,0,4.5000005419285385,14.505625564411936,14.571250892300476,19.225741781911246,1.9123965276127186,5.8497058258256
1,1322,0,4.499999224617914,14.32661993358355,14.411052530537146,19.352722316773285,2.92123014784746,7.002913243287612
1,1325,0,4.500000639862214,14.416667945434165,14.215781502786973,19.09056951115812,2.8442094451202147,7.157289781989558
1,1327,0,4.4999995766842975,14.947716559130743,14.279024093565676,19.41041571722974,4.203100885452096,-5.7798399595427
1,1328,0,4.500002064921466,14.62992306354265,14.496003640519508,19.703002120560292,2.6106738577508795,6.773792127164526
1,1335,0,4.499999517861126,14.694328002035967,14.234377756180734,19.553770627248007,2.2137800556218186,6.258998642874239
1,1337,0,4.499998453950117,14.317732235774441,14.237335188763355,19.466209741256435,3.1589283096462983,6.837048574849089
1,1341,0,4.499999558468912,14.312635693698093,14.135297778634628,19.176951006826325,2.597008804696145,7.024981307817427
1,1342,0,4.500000814359439,14.093752906296272,14.493737162627497,19.701633103032812,3.2263751441351975,6.2440610999508195
1,1344,0,4.5000001985437335,14.942109031848666,14.373973082447092,19.747698974020924,3.774252791943246,-9.18874644141215
1,1346,0,4.499999303341462,14.361226664026768,14.540322471620911,19.55782857833168,2.859327097616027,6.96475906354372
1,1349,0,4.500000353469526,14.33821568440859,14.228197259347851,19.96658722073752,3.163801652778763,6.5795967998818945
1,1352,0,4.500000472339737,14.98521592545818,14.763930614390318,19.448831228070624,3.4420480883068665,4.59698641458694
1,1355,0,4.499999427970998,14.49274554977473,14.267971653346383,19.848100461934273,2.2269070718201727,6.533230705969071
1,1356,0,4.499999302533353,14.429822329354126,14.435718143052883,19.609217780562663,2.258845883469787,6.709375149668283
1,1361,0,4.499998798558079,14.187020908300834,14.295531276316064,19.42666318767987,3.024804699222936,6.746187362842743
1,1366,0,4.499999074245744,14.18372853654951,14.57499241664131,19.177583054830837,3.6623123636069757,5.9346863162485075
1,1368,0,4.500000671906772,14.503762730042117,14.432812175171115,19.29828482559058,2.5644381808317327,6.993715335596455
1,1371,0,4.5000009666426735,14.552842054955562,14.129279980693529,19.680236577542093,4.3822545094367555,0.5447532879818873
1,1372,0,4.499999511912833,14.509403973457792,14.716820062648965,20.100922452540445,3.6583060474077866,5.889189382327514
1,1375,0,4.499999058404972,14.797857726208719,14.133106051853922,19.361835678527957,2.5903640862780835,6.548498119343339
1,1378,0,4.5000009946747035,14.36100344482793,14.377857985014591,19.433280420689947,2.454444806777812,6.875561670755054
1,1381,0,4.50000041838901,14.340242229377973,14.160047119671747,19.232515471428936,2.6846961227269297,7.061062084176143
1,1384,0,4.500000292210445,14.827697028018644,14.44958101005996,19.62895145069543,2.5428051350673337,6.28705865959688
1,1387,0,4.499998845477144,14.529069857532242,14.331915132999915,19.11144888653985,3.287001076024667,7.012693425739716
1,1388,0,4.500002300399334,14.4329645763947,14.574824786713284,19.4172042018212,3.3657377562503106,6.8329433412640626
1,1398,0,4.500000968327868,14.265812970813519,14.40937909244466,19.71338641136274,2.2690798945559267,6.509378225126579
1,1400,0,4.499999208590658,14.581153451259183,14.70689204038386,20.03185245545055,2.7979698129921204,6.574107862954456
1,1402,0,4.4999997054129,14.310912492849788,14.560025022349935,19.548089160059202,4.424557127980057,-3.1869016013843954
1,1407,0,4.500000321496152,14.63107212878436,14.356712903855026,19.547347982163473,2.852488554867962,6.889630538483644
1,1409,0,4.50000015992086,14.11955395065292,14.066983709916109,19.736831420992065,2.9942122247701395,6.220556689257737
1,1412,0,4.500000223764894,14.584233926585945,14.613596583207537,20.42763049822047,4.143273912258043,-7.479874728556339
1,1414,0,4.500001618413033,14.221057348555753,14.414539547470268,19.520091476952253,2.92069187008172,6.884724570717513
1,1416,0,4.499998991148105,14.53733874135046,14.529198663634022,19.456306340663964,2.429567515593793,6.8640041665470335
1,1420,0,4.500000278811298,14.433963663805924,14.36736656477434,19.09577813932064,3.301447877576545,6.989953308798377
1,1423,0,4.499999387817921,14.674362776035142,14.354664768544914,19.676616306111516,2.03830188824029,5.888235438254821
1,1426,0,4.500000813486716,14.407072494426359,14.381212700175263,19.028112353036704,3.2401646313306816,7.0245072618494255
1,1432,0,4.500000744146298,14.864832727421177,14.501403854884648,20.193182111371023,4.054048666823036,1.8058436433346632
1,1435,0,4.500000010772459,14.451678439623285,14.336333566107596,19.388471630213566,2.6758496211617913,6.991882463420364
1,1436,0,4.499999778831133,14.485464050659036,14.79916011100088,19.019164947175533,2.3857568011129002,6.987163356847589
1,1442,0,4.499998535625755,14.328897575841767,14.571094113843559,19.492269592377475,3.686731976877331,6.254797454477842
1,1445,1,4.499999544738313,14.202386295053593,14.049738777707256,19.999596933660595,4.263403573586456,-0.828173897836102
1,1446,0,4.500001260434658,14.294136296192072,14.493821335953015,19.321626906611577,2.5378710268606564,6.8802376690542495
1,1448,0,4.499999161335239,14.631975235504369,14.476238579528747,19.355266375311942,3.6123155266202436,6.501656321335982
1,1451,0,4.499999799894666,14.625619719769592,14.176029196197202,20.026221088075147,2.228248794816566,6.223225462163111
1,1455,0,4.499999371443336,14.580651559732432,14.248710468596482,19.162663487456477,3.081774009923427,7.059464022905416
1,1458,0,4.499999333745583,14.382041717413086,14.680574473541995,19.86633542913257,1.907077500261265,5.726322634384729
1,1461,0,4.500000027882034,14.347266700078235,14.283408609419737,19.50450103542423,1.861460623820494,5.739783830511879
1,1467,0,4.4999987108502495,14.5230540913934,14.16671997777101,19.4904521269771,3.013563527425744,6.905427335821212
1,1468,0,4.50000288583915,14.437075091825877,14.411680528635904,19.56432271479571,2.757072061089314,6.973889633964777
1,1470,1,4.500000481423687,14.084389816174788,14.999997734764086,19.555890115678647,4.0707509067671594,-7.305299632606699
1,1472,0,4.499999304705438,14.89588165932356,14.5492119847717,19.60732161202805,3.4180374635237265,5.722284931663985
1,1479,0,4.499998897362642,14.526291301274538,14.313884158437844,19.735798588162925,3.8357725195686365,5.869553644938707
1,1481,0,4.500000994909917,14.207045375823501,14.184753552654648,19.965349295010448,2.492171721171259,6.370569567496087
1,1482,0,4.500000497679133,14.256223258742091,14.671575272321476,19.379845139563603,3.9806960190927105,4.969023822385758
1,1486,0,4.499998526008763,14.26917263116821,14.437183755376095,19.5692057377978,2.6720290688832344,6.879466029532484
1,1491,0,4.5000005208848455,14.447802544390917,14.185119676453645,19.439784744189414,2.7481635918852065,6.98366102053809
1,1492,0,4.49999828286811,14.496907820506312,14.529993514640735,19.264297296897748,2.88113129323905,6.988092998064449
1,1497,0,4.500000782471421,14.194347311621465,14.228591425849123,19.64191298880787,3.204818382613487,6.491512483512256
1,1501,0,4.500000257010133,14.403015047075666,14.303366335852008,19.432756225650714,2.50397748977825,6.911249270915373
1,1504,0,4.499999081583665,14.680690772166242,14.394489453309742,19.428408745299585,2.136699272828266,6.186989051825513
1,1513,0,4.500001427119414,14.278566182042532,14.359857364139168,19.248188325314345,2.7990716660637407,6.978258590966238
1,1518,0,4.500001167629037,14.161020963101748,14.591763427960512,19.375424045641516,3.033547147656792,6.74980198289013
1,1520,0,4.499999681307144,14.839184671500766,14.761550169110965,19.0082416305684,4.360291273493337,-1.9927336855784539
1,1523,0,4.499999313561504,14.417887298137021,14.122901781820309,19.540862832518915,2.4410950605754684,6.834568089728027
1,1524,0,4.499999113081978,14.601599167238989,14.396133646063378,20.079060024700418,2.474281702487001,6.5731964516478385
1,1527,0,4.500001026606527,14.791624356515628,14.313093363798775,19.314551409635133,3.9834589130616767,4.787605657609294
1,1530,0,4.499998870223943,14.375468419568532,14.589555170138185,19.823135913879117,2.9745497739054443,6.8255914958020405
1,1533,0,4.49999854083036,14.365602067018369,14.301076406710735,19.619499636724605,3.634782947191331,6.340514760062632
1,1538,0,4.499997846866892,14.386904825604262,14.398431285394071,19.346094877201736,3.03366214801292,6.9851374127802295
1,1544,0,4.500000640176595,14.605323301349339,14.387196451873196,19.51095285938518,4.427252001235824,-1.8823591512821185
1,1547,0,4.499999665051731,14.533695245831856,14.343478476834852,19.094140541251484,2.3959808989115405,6.952075670233068
1,1548,0,4.499999135524422,14.418008609754404,14.739406807372918,19.288081126469134,2.521118010093221,6.956030134575325
1,1553,0,4.499998878639858,14.28436488393096,14.235599193327214,19.502409505831537,2.7848924516264946,6.87231444193479
1,1555,1,4.499999268540358,14.460101903490205,14.192753932957546,20.364314137728297,3.8440972746185498,-9.715240589205289
1,1558,0,4.500000979495696,14.187247986403374,14.373500398047948,19.774461158302543,3.0641034407360666,6.650922790228954
1,1560,0,4.500000515771441,14.541470241527795,14.602885206090486,19.601128770742015,2.2063395792150065,6.517212320241253
1,1567,0,4.499999779114051,14.852500001322351,14.301619714659191,19.515797604097457,2.1672267927770807,5.668339777181448
1,1570,0,4.500000343205873,14.386633697193592,14.515306636606736,19.51233614459832,1.8543207593856341,5.72930759402025
1,1573,0,4.500001709930235,14.35979355950954,14.311243874168882,19.651385769442037,2.382201544018999,6.752652250336574
1,1577,0,4.499999930087702,14.137470001656244,14.331762345027464,19.672821938198904,4.2899862020028,-6.778511184708105
1,1579,0,4.5000006967987085,14.547931324993293,14.110075588170993,19.74464396323306,2.7714052783749192,6.736749846356375
1,1580,0,4.499998601576769,14.43617272647488,14.487833544794489,19.475544915598952,2.9067023005504407,6.980254936445547
1,1585,0,4.499999325150441,14.16744044712941,14.262396702718801,19.242737303064104,2.437242061659492,6.598709777794632
1,1586,0,4.499999119993481,14.372182909467833,14.540835177788745,19.793809593633693,3.9956999564091156,4.987378799888958
1,1590,0,4.5000007316827535,14.301725685248663,14.468961961560849,19.20224151935125,2.6900758852080253,6.970533486293181
1,1595,0,4.499999023248933,14.626516758558731,14.185696185662023,19.649631765850984,2.2909164669597812,6.493853980673574
1,1599,0,4.4999992103833515,14.711659496933004,14.266141771952782,19.349249280568486,3.5792995581583593,6.4056716905370905
1,1603,0,4.500000114315824,14.458650754920095,14.28153520876126,19.233844604693523,2.9780309268195833,7.054587285476675
1,1604,0,4.500000712402931,14.47738787072675,14.483753416094647,19.426946071217333,2.7563546644085015,6.993238706846668
1,1610,0,4.4999997024025475,14.294428702584034,14.517059375634195,19.355248495530745,2.0103837066987045,6.168660750690897
1,1613,0,4.500000225683804,14.396775555508377,14.1958296257279,19.224375463261133,1.8402263272072643,5.76345066107689
1,1616,0,4.500001407854766,14.670195544317082,14.568596681985156,19.876093730956242,3.692445716785941,5.923708243994515
1,1619,0,4.499999810143551,14.451404801408552,14.056034055488116,19.368653063062034,2.1810724925236835,6.628155510408078
1,1623,0,4.499999317695527,14.538671919285228,14.306050922690744,19.51727783293602,3.0099837389088853,6.904124472115871
1,1625,0,4.5000010989466475,14.21322030541981,14.160558950770026,19.691867283643344,2.6854306660183735,6.601165983807917
1,1629,0,4.5000000243231835,14.32615787272031,14.200314986423727,19.44295089881418,4.432622057540908,-1.5007710882731082
1,1630,0,4.500000000905984,14.078943871512594,14.42564159176277,19.937948919981004,2.588455839460984,6.261990726114615
1,1635,0,4.499999847809919,14.453544901002646,14.064637992188029,19.671199928207106,2.6524546407367415,6.808186801585347
1,1636,0,4.499998890044526,14.484700223640385,14.421737472041508,19.59749067429055,2.4304970799931533,6.882098965554103
1,1642,0,4.499999245787414,14.31892883101097,14.598787606505821,19.613314883635724,3.3165106341098016,6.707817409134389
1,1645,0,4.499999140922289,14.399772470501787,14.329329663815129,20.085469593604948,3.2215060441060643,6.562947105826652
1,1648,0,4.499998986660401,14.549414712389101,14.367456097395442,19.346092363303107,2.512492283693676,6.934630907584793
1,1649,0,4.5000005449047755,14.155693537868721,14.162474954882368,19.761075242954778,4.0157641179661265,-9.428863140934931
1,1651,0,4.499999016053995,14.459969812024072,14.27550111753236,20.33741595298429,3.1245283056004505,6.375594307041322
1,1655,0,4.499999493065608,14.60313286920567,14.110309598424248,19.44118883227017,1.9376580563538592,5.788867539790228
1,1657,0,4.499997324069926,14.302166422712164,14.33699505472713,19.408534786528364,2.9854693117254607,6.954145494033497
1,1660,0,4.499999963151191,14.490639052273869,14.51524850910499,19.02703087945742,4.386558099640845,-6.432843901172811
1,1664,0,4.499999371699985,14.850205204683927,14.392075259062345,19.2821706100362,2.797064195092032,6.516738599101313
1,1666,0,4.500000661706415,14.35342741725192,14.630628307109424,19.03912929621423,4.437233287463485,-4.527029053089829
1,1667,0,4.500000051767423,14.48027775235145,14.329054821731585,19.84325266351126,1.8427742667469882,5.532472359246299
1,1671,0,4.499999405788551,14.520735034415425,14.167447682031174,19.05517585008404,2.900111229106769,7.153746199834281
1,1674,0,4.500001115771803,14.115811722954938,14.527207461064933,19.67350882322506,3.6951029763948338,5.497030324156212
1,1678,0,4.500000796930192,14.198805026692197,14.775621284950397,19.34620376164241,2.2042307437162396,6.337553270128058
1,1684,0,4.500000662380023,14.475974094645267,14.392936714783783,19.64354492823941,3.2277425243691793,6.8533317321833
1,1690,0,4.500000896914268,14.294645100734515,14.738509169887948,19.828324751163503,2.4124714582128846,6.564257520150221
1,1693,0,4.499999795723091,14.383691742336293,14.360380047347865,19.458793081943774,2.7136588461641518,6.983491837422989
1,1696,0,4.500000270071691,14.63219896839277,14.491981795722007,19.500655824014252,2.530781466254223,6.791625716609573
1,1700,0,4.499998755908579,14.563043544383827,14.594037716035789,19.191031254644123,3.716278886512291,6.3375688293533585
1,1703,0,4.499998194154295,14.576110012107195,14.235316008088411,19.756183750859694,2.6149352849340115,6.7893221438237
1,1705,0,4.499998074824912,14.269672501823086,14.225214685736907,19.64007199335975,3.077211691759647,6.744483788148202
1,1710,0,4.500000596464952,14.06645736210723,14.467117117319988,19.485227660355076,3.526427294044856,5.658210090339477
1,1715,0,4.499997354938882,14.421642813624745,14.343928608173641,19.407678069238074,2.4563294633867425,6.918565236388687
1,1719,0,4.499999619477972,14.74432997031747,14.107841396481403,19.47500832341326,2.8209443530200184,6.768368012574172
1,1722,0,4.500000624911052,14.369254260861364,14.43978325125987,19.11753721435334,2.8529937460658714,7.027207280251279
1,1725,0,4.499999447094599,14.324626247967567,14.080229087641134,19.30092331298962,3.2482937830776466,6.8807270445695075
1,1729,0,4.4999992968098566,14.22220328695578,14.285043771924268,19.295027308565086,3.2284397897207686,6.7529139804776115
1,1730,0,4.5000001784105415,14.220273759121993,14.782207433660794,20.02592555766129,1.8465101297307813,5.331121751934111
1,1734,0,4.49999979422774,14.238065717354488,14.582764885717065,19.447103515594712,3.178747167725705,6.790864791923887
1,1736,0,4.499997569436652,14.585826851430785,14.438841353838837,19.405549815251835,2.5868494843906973,6.916812734159585
1,1739,1,4.499999890851237,14.719367491799757,14.134433253586112,20.44555505682375,4.240937872563617,-0.7381919063492202
1,1740,0,4.5000005801581064,14.432714086906769,14.602521926707286,19.627451176982394,4.299993301927325,2.1857831570536685
1,1743,0,4.499999551493517,14.764782952903861,14.142247643212,19.017930680234844,2.2939806804284046,6.372818004809826
1,1746,0,4.500003054646447,14.417169202962233,14.433904508104737,19.632434797712584,2.864215308786985,6.948157175356435
1,1749,0,4.499998370550158,14.258630913364975,14.26944481980192,19.61359116748825,2.833001753916143,6.833743574195111
1,1750,0,4.500000783730677,14.144733660446272,14.462021045644617,19.059337464446656,1.9798623911997142,5.836401741525455
1,1755,0,4.500001150815179,14.475210768040238,14.214850630413844,19.591546451628602,2.415755288044044,6.8074090936850205
1,1756,0,4.50000029910003,14.480663139541612,14.507065598634025,20.138276527396243,1.8585522139952226,5.420850574057308
1,1761,0,4.499999342191504,14.075942301010823,14.13359477638895,19.82283575289709,2.263260010162292,5.816105916427336
1,1766,0,4.50000116169761,14.323032693629917,14.384908953850852,19.52077997542536,2.1451683439326654,6.464350978271963
1,1768,0,4.499999290878851,14.679471712070333,14.97595603092709,19.64568028712036,2.974621707294193,6.4582826513304425
1,1770,0,4.500000603551363,14.14032488689487,14.587899720588329,20.118519477363908,3.971281492463617,-9.048315574139343
1,1773,0,4.500000181076847,14.404798509328414,14.121071428243885,19.57735132698121,4.052038847085604,-9.634500687891881
1,1775,0,4.499999980164664,14.625624001826386,14.321592910882424,20.08634650359196,2.7322908049395043,6.617639946425619
1,1777,0,4.500000198354028,14.021399374684284,14.308261464348972,19.760082302691394,3.442035883627205,5.272958379160791
1,1778,0,4.500001284216109,14.394230817160155,14.411483440342352,19.20194026719189,2.6369832472658254,7.007943492725833
1,1781,0,4.499999669561414,14.36128190456297,14.205180728537256,19.436876946801014,2.601694297632327,6.930991692846103
1,1782,1,4.500000564836767,14.070655514355693,14.978371376474634,20.248437022129952,3.9699411905009,0.18250180187209075
1,1784,0,4.4999998174191544,14.718314274791096,14.397015800492516,20.209874514138843,1.9427975087645275,5.169215284901695
1,1787,0,4.4999996960869595,14.510890298001664,14.366256682945936,19.372405350266238,4.131408439313666,4.285201353869256
1,1788,0,4.500000216973561,14.446285908080347,14.564516126624216,19.224398724036288,3.1838576140021217,6.934708919673337
1,1792,0,4.499999626843224,14.865205840240234,14.439813250577732,19.73582552974455,2.976520898821331,6.3348995516271565
1,1799,0,4.5000007886625,14.551802392840099,14.190131181151934,19.55479358374521,3.391044196219582,6.72472380824761
1,1801,0,4.500000155904191,14.232106559050907,14.306517064902367,19.596787780034074,2.473308334108055,6.638808878273782
1,1802,0,4.499999877339969,14.219052772418625,14.508371473405532,19.015010701570773,4.355456938893626,-0.6509954617325739
1,1805,0,4.500000402363095,14.364823693236605,14.019146905659957,19.401776427047512,4.044972504672335,4.79490466427853
1,1806,0,4.500000422479206,14.104073749263128,14.54509716977109,20.27401371578205,2.590518906503492,6.1331257499300875
1,1811,0,4.500001089896819,14.4347433595888,14.273513333052517,19.329320299849854,2.7983814084240004,7.029969480113969
1,1812,0,4.500003316969061,14.534281490300879,14.478374627262877,19.415138991857457,3.131586764168816,6.932949165736183
1,1818,0,4.49999947928039,14.351418140694037,14.546653851416867,19.392822603312943,2.1430592186477533,6.508960214830196
1,1821,0,4.500000082180559,14.352310322766098,14.193039003211892,19.05671223609678,2.0640866891227425,6.474882931002146
1,1824,0,4.50000015257939,14.706612038215074,14.564093561411802,19.24743197668497,1.8231552643315105,5.038236412811333
1,1831,0,4.500001200274119,14.518133745828976,14.358981335966217,19.449663439297034,2.3459568950024607,6.819103643311649
1,1838,0,4.500000814924811,14.17385120049503,14.396223251839965,19.180426961906466,2.9396322345063517,6.835703597260146
1,1840,0,4.50000131840392,14.816692839150441,14.447923121412396,19.314741105504854,3.6950561189084508,5.7607692893610825
1,1843,0,4.499997982470772,14.430862479622371,14.300897132845298,19.894178086016563,2.502749156030672,6.778446977534728
1,1844,0,4.500002088171336,14.467022912281992,14.51609475101056,19.507178647673257,2.7114049881134323,6.976258539149381
1,1850,0,4.499999290936584,14.313239155426253,14.38995081790131,19.722879951584318,3.472021910640536,6.485533230982625
1,1853,0,4.500000118953175,14.375617263958201,14.165071559992056,19.811011583559313,3.40643124023475,6.441291423373606
1,1857,0,4.49999967240959,14.08185807366466,14.355437312927483,19.530389490413015,2.917676544016106,6.459428755550157
1,1860,0,4.499999544492789,14.550383479875492,14.51715772145628,19.68551869591697,4.222344077774576,-8.403729893150917
1,1862,0,4.499999734809928,14.307101042828293,14.521181798661024,19.650821001998718,2.7469397333540266,6.913097642845933
1,1864,0,4.500000531677318,14.661609575983567,14.411424138735438,19.742885418608097,2.0694150072700177,5.983424010517819
1,1871,0,4.499999327529309,14.631666117103183,14.099725985854372,19.472576192753593,1.9521089976058477,5.757304210902353
1,1874,0,4.499999536220988,14.41083937878594,14.818542068959994,19.298930643447644,3.9330921493243807,5.555017276747936
1,1877,0,4.499999492309225,14.354720501925634,14.33585279350351,19.08597530736379,3.0280048675231463,7.088287395958751
1,1880,0,4.499999618388276,14.731795662768791,14.901504975179309,19.584285892112995,3.6521395672335784,5.630194890767839
1,1884,0,4.499998165542338,14.458568627619877,14.384531291292854,19.37806870864083,2.5204731536681884,6.974251298878457
1,1889,0,4.500000536145695,14.163545092439634,14.245647453401943,19.33809809515911,2.6214161575313346,6.7094112262500225
1,1890,0,4.50000114389702,14.324055727599523,14.823736030022257,19.962123557863077,4.11742570770461,3.2136763629116665
1,1893,0,4.500000486608462,14.3188817494049,14.251357791609268,19.501687824931288,4.312668424826092,2.168246286935414
1,1896,0,4.499999201626546,14.61786428854575,14.499245536302599,19.113597096182716,3.421071787062906,6.75900011412984
1,1900,0,4.499999593645687,14.492233138111505,14.601289926892218,20.319354299300606,2.4784437942725392,6.4821467171944285
1,1903,0,4.499999168644726,14.707325776259543,14.281606727565357,19.30436444124306,3.3304125290289486,6.740952010609131
1,1906,0,4.500002613544256,14.407945773337628,14.412065668467138,19.478852051965045,2.519357761417183,6.944685192185101
1,1909,0,4.500000465229108,14.304085187292463,14.211041935368101,19.790593209111208,1.990433723019818,5.967858998824488
1,1910,0,4.499999275686741,14.054616064979196,14.671197071231624,19.26240317285085,3.1017701930344366,6.310016638044889
1,1915,0,4.499996884823155,14.492479585125606,14.274792213827533,19.661999325560693,2.9534991096870176,6.8631478373959105
1,1916,0,4.50000009375129,14.4654753844635,14.671524029682212,19.45908068635236,2.9098061309213623,6.89447669601169
1,1922,0,4.499999412596633,14.360291793736815,14.43765796400155,19.841608354276445,2.725289567043538,6.860787923614062
1,1925,0,4.500000651186626,14.37060340768051,14.274182431668786,19.54123564963895,2.851491927563102,6.928446437560861
1,1932,0,4.499999543276629,14.422647073443438,14.52045651615843,19.863941389785225,2.2693109652517904,6.621865213954486
1,1937,0,4.4999990948870785,14.10402236919655,14.112587892788516,19.183997715748752,3.3622728205328025,6.249615960979153
1,1938,0,4.500000023879446,14.39658156455111,14.699211857246848,19.697645956511394,2.490302897121112,6.785774134931678
1,1942,0,4.500001035066771,14.323375468391925,14.426983594665097,19.44773858264585,3.323675000221971,6.7828110058054065
1,1944,0,4.499999986442497,14.676583280276311,14.61800235613309,19.35673138956658,2.372471864970662,6.519456979441156
1,1947,0,4.500000018025315,14.522087584563048,14.092306763270356,20.20719822667125,3.965070072976622,4.154216136357951
1,1948,0,4.4999999137676445,14.62766444554109,14.647271678017992,19.803551635578714,4.385020983443258,-2.266797949070525
1,1951,0,4.500001197056329,14.66392622654343,14.29502724373569,19.21721570222501,2.6722925155964927,6.924064931896197
1,1954,0,4.500001938057029,14.394889066881262,14.603862943079651,19.312538081055653,2.4998177302321447,6.926693137887241
1,1957,0,4.500000676024593,14.324409779002485,14.33047618080783,19.415453292472986,2.566072360767717,6.890128039956451
1,1958,0,4.500000576186165,14.178170993919727,14.440339099663229,20.40276394327313,3.7525324735351067,4.837596325453388
1,1963,0,4.500000236453327,14.522339247826226,14.144425782832029,19.37616077272834,3.1374498441280942,6.960543837489343
1,1964,0,4.500000569931091,14.43946691326161,14.382330687956442,19.124371520535547,3.694203755331797,6.5308577122699205
1,1969,0,4.500001772246455,14.29350836730926,14.357293172955124,19.671654793588036,2.376191065118589,6.665000794704888
1,1970,0,4.500000734133693,14.30085899044159,14.516985814496554,19.21905767496055,3.5921366089511313,6.432397331130581
1,1974,0,4.499999035954658,14.182420238277661,14.662553814542944,19.56800865451618,2.2890693294278983,6.362778114897875
1,1976,0,4.499998438177934,14.538213357934858,14.411229462858849,19.58498401042121,2.7968867049298627,6.933618245826487
1,1981,0,4.499999327698631,14.215304597975754,14.094951820842972,19.736567256701232,4.063998995562157,-9.20305327274876
1,1987,0,4.500003358710015,14.449717778044917,14.343135585348035,19.500333973468386,3.1942094050793486,6.898084668057415
1,1988,0,4.500001614861515,14.500848936253307,14.709981392846293,19.75774654199406,3.1392181851209675,6.701071345899539
1,1994,0,4.500002017611704,14.321304835190611,14.376388213250381,19.67959291865118,2.624642475360765,6.8650827446840985
1,1997,0,4.4999994677555835,14.378515177700521,14.069811716578668,19.48086636733452,2.3288441338731514,6.742370663898715
1,2000,0,4.5000009626893025,14.570888851878092,14.54400302693445,19.338241894229554,2.920465024047272,6.945014212200416
1,2009,0,4.500000500778272,14.306008563947008,14.034662834660788,19.17480873576058,2.3627419623643284,6.824976138899153
1,2013,0,4.499999662001828,14.330922737459193,14.254614105813816,20.119674068374234,3.358550853337986,6.296034234652396
1,2016,1,4.500000453839076,14.95395279401485,14.605259275874626,19.88447987767981,2.9746152214725337,5.510517770698991
1,2019,0,4.49999897146388,14.476475563067805,14.214380224980045,19.28775366215551,2.126294489494516,6.56416867358714
1,2020,0,4.499999731799258,14.454369037010828,14.402559467280678,19.158358111772227,1.862171001159778,5.7687525496902055
1,2023,0,4.499999283642205,14.96970993456467,14.126016455109676,19.48223195874539,3.8920929376549553,3.929136140158626
1,2024,0,4.500000679215214,14.911521559657714,14.382801975135601,19.350602654291116,4.0615856374364325,-7.745503635726509
1,2029,0,4.499999461822706,14.407425570096752,14.269336344387954,19.35296332242266,2.796886249241204,7.019313843725143
1,2031,0,4.5000001024208,14.667594856991268,14.098173607526942,19.242886373817942,4.253725791812104,-7.980976072238976
1,2032,0,4.500000636176782,14.746245360554973,14.498664689426667,19.559105359908962,2.7007012016978416,6.66155836022935
1,2036,0,4.499999660978262,14.71320212725783,14.84757095723467,19.157703673127862,4.329358559822293,0.44963327950840437
1,2039,0,4.500001411060951,14.495948782796923,14.275545877314443,19.56860567138086,2.6306432093589933,6.920941890602002
1,2041,0,4.500000958841602,14.208957975023962,14.252552263798899,19.71151908463056,3.8910536691919413,5.090692715407073
1,2042,0,4.5000002849558145,14.24407748750444,14.564155442557436,19.0459451805018,2.0799329039974217,6.25886466333084
1,2046,0,4.500000636899749,14.17182219873646,14.477062547252453,19.48360068355099,3.116983301401664,6.716500624373076
2,1,0,4.499998954433219,14.263967118715952,14.660187401506693,20.014376382588143,4.208863257620939,7.846159236444887
2,2,0,4.499999556255182,14.327941573009845,14.798796367456877,20.291151677622327,2.381149789389441,14.88725481447591
2,6,0,4.500000062163476,14.214236352589749,14.854972058352281,20.042903209864914,4.2376589498655255,8.00770372581849
2,7,0,4.500001325143801,14.47107026665547,14.655229999527721,20.130745100300654,3.9305381113762845,24.856287478229085
2,8,0,4.500000728663978,14.511695265886017,14.768503703849731,20.105685324802515,3.754000904612151,7.960503252179457
2,13,0,4.500001017163277,14.2680956561679,14.558622170421778,19.621231718351194,3.3118512715348407,24.304414013642464
2,14,0,4.500001623729487,14.301287972539825,14.698814340516718,20.22676023073833,4.272489142885176,24.784473213250735
2,15,0,4.499999939594851,14.728994752780384,14.439431459075804,19.85617654018881,3.155254827529567,9.192064429614032
2,16,0,4.49999912890716,14.896582268584517,14.704908300083844,20.275292409119096,4.343324210180439,23.74965734577274
2,19,0,4.49999989391637,14.4188780949592,14.683298047890105,19.728050069615982,3.4762276426489853,24.637281046695755
2,20,0,4.500000460375455,14.453747778421803,14.845934018884972,20.03245628411282,3.4706298826237774,24.477807301781134
2,21,0,4.500000229209709,14.275977998534668,14.591162570308843,20.253123911910972,4.436343115164471,8.06231519985569
2,22,0,4.500000861004406,14.044986338010023,14.866272924018952,19.700930506040635,4.0546278069335475,8.275366199672678
2,25,0,4.500000927274753,14.176834677039574,14.627432170382669,20.444930723909213,3.054774550485403,23.542976420154538
2,26,0,4.49999951100375,14.316929484629995,14.71985945709394,19.95655367013461,4.260866728898193,24.904614932391723
2,27,0,4.5000015885796305,14.44189168651298,14.576631122985157,20.196992061972296,3.9763806120486676,7.746943187185046
2,29,0,4.5000015952081895,14.364436697995043,14.518308109938802,19.86253368673756,4.084555080149653,24.93089675230413
2,32,0,4.500000496966132,14.61540744999176,14.753887800164696,19.839127664196802,4.290737617807033,24.69593256570932
2,35,0,4.49999982110234,14.474546513172577,14.543998070786468,20.212483332008933,2.3679916891433574,17.803587694491505
2,38,0,4.499999758852569,14.318128953374268,14.723882490293994,20.21002024930464,3.9810938833997405,7.8657403469618
2,39,0,4.499998471520941,14.58607571803409,14.496572950077942,19.985560271675137,4.208607527459304,24.85381564205919
2,41,0,4.5000018425719315,14.301861877024296,14.636505605182366,20.04716932224121,3.878431384938419,24.86264612392408
2,43,0,4.500000594074669,14.612837010372614,14.133759339331881,19.545373277785046,3.403255394709465,8.699141293926882
2,44,0,4.500000294451121,14.612776247976438,14.955237189198881,19.210138282906158,2.951485957097512,9.907805311721532
2,45,0,4.499999070381547,14.382655788491583,14.388638208484888,20.124965067579005,4.3556079033180835,24.667618050348594
2,46,0,4.499999208827547,14.128944269647665,14.891323519976648,19.570209279633783,3.458648707307439,24.474205636238246
2,47,0,4.500000042832955,14.571780870044623,14.676137180132963,20.391670752996614,4.436785576551964,8.255993847939678
2,50,0,4.500000163232968,14.3610120611229,14.70190470576678,19.828844972774423,3.5358887373845613,8.04988421474042
2,52,0,4.500000508831663,14.5139879923771,14.811525159762358,20.15836639872798,4.553618845991186,24.522413802227867
2,53,0,4.499998298464528,14.326860693626834,14.551084674867925,20.092941668370038,3.3917759023740652,8.341705105459024
2,58,0,4.500000088152512,14.347602773186452,14.781262624062885,20.17126611381472,3.9746966477927526,24.82320155804689
2,59,0,4.499998822749845,14.485041443277398,14.651690625609742,20.11779027604067,4.379953856755924,7.905318136566407
2,60,0,4.500000151158169,14.425722879118386,14.97830666416083,19.905106930661606,4.125241912755067,7.948766516425987
2,61,0,4.499999012093518,14.341576113097128,14.634489867036603,20.347840585607617,3.798520300702787,24.7116767559463
2,65,0,4.500001366038433,14.18691812127183,14.59225859961269,20.243541301690765,3.580742578535081,24.442813193740598
2,69,0,4.499998393503115,14.240908077848786,14.507039620000059,20.053197545262865,4.194993312169687,24.735115099483693
2,71,0,4.499999704994464,14.455989316567141,14.523091520284302,19.930896562156196,4.559609307762589,8.02812006247828
2,72,0,4.4999981319537685,14.4671831554543,14.786538254912008,20.26963575526429,4.142958671716353,24.71553256699994
2,73,0,4.49999960830706,14.113952407252834,14.672235529378206,19.293516743938113,3.764089991761697,8.343519189041125
2,75,1,4.500001033695316,14.676979168934967,14.188721847264782,19.923416647152585,2.5735853796714228,21.074705401817884
2,76,0,4.499999659571182,14.404610079265652,14.84228612610947,19.778089254676846,2.782660191948422,22.963249514106877
2,78,0,4.499999800352753,14.223892303606661,14.890099105277054,20.01057533779976,4.041489296410222,7.997882206822162
2,79,0,4.500000874574847,14.632685208890305,14.584493716085127,20.251081072651925,4.369777659030508,24.626367258413048
2,82,0,4.500000075152578,14.384332280291073,14.771245004691423,20.069371592912947,3.853058619723196,24.833665373352666
2,83,0,4.499997963948209,14.403172873846271,14.486039166041655,20.151055388566505,4.100968261961775,7.781181503235089
2,84,0,4.500001227325559,14.455902272503534,14.699353435284715,20.25500433243826,4.190537489448703,7.840315863688858
2,85,0,4.499998238378149,14.25639474177962,14.507092796901867,19.800710866081364,3.982971246065212,24.812886227599385
2,87,0,4.499999088909603,14.809098582686156,14.687622400161368,19.71849817790373,2.76236836862857,11.436864856629146
2,91,0,4.499999030094822,14.428327426162008,14.65597223842964,19.989986346137634,4.307860825658028,24.904230618640923
2,92,0,4.50000054310143,14.427257241487942,14.804520577478044,20.106402650739273,4.576404663751456,24.60693013338296
2,93,0,4.500001270404543,14.360225888782,14.663509645509844,20.183988884253576,3.6699717700268115,7.966610421151593
2,96,0,4.499999877846618,14.527298915949203,14.762345774243038,20.124605075052447,3.782769925562285,7.954637825312467
2,100,0,4.50000010815522,14.482162663303024,14.812732670989822,19.873689626326634,4.09020798263801,7.742155443741392
2,103,0,4.499999964773042,14.566567954527235,14.58921990878081,20.386340078925052,3.671140395933297,8.193067896270158
2,104,0,4.50000052548699,14.611097459296902,14.711029324357597,19.914979754338045,3.8644482951654693,24.723498342925538
2,105,0,4.500001089801914,14.258082980936091,14.538520536227393,20.341786695084277,4.15160625332021,8.060666059480365
2,109,0,4.499999882446529,14.368792050099865,14.500707585357816,19.50668966528762,2.74144682045741,10.292157838416152
2,110,0,4.500000730525391,14.021438380967009,14.854866389932956,20.196752201563942,4.440010550845731,8.539541025581261
2,111,0,4.500000643995072,14.477534099277007,14.577099071881353,20.10335164875934,4.074013486973649,24.89305931665755
2,114,0,4.500000274531446,14.368758769697697,14.970049976267152,20.317402850127813,4.159160274591988,24.647481407549613
2,115,0,4.49999928537069,14.39095738410664,14.626891011121629,20.04306869931412,3.8661515879777637,7.73906748386473
2,116,0,4.500000469860736,14.510117469325333,14.867309072533603,19.762243355724163,3.9481397359980246,7.847679295113423
2,122,0,4.499999223886941,14.329087305479216,14.744741182679435,19.728820492725962,4.442759113862807,7.868599057244531
2,123,0,4.499999050159955,14.458772427828235,14.407953266735909,20.423789508904882,3.095540758947445,23.775010485549274
2,124,0,4.50000042639393,14.404509052531706,14.71256301147578,20.183490440148173,3.7663552334848776,24.778734710199075
2,128,0,4.500000743099366,14.942258453982477,14.862561286317671,20.25341551082257,3.6074314683192092,9.993381348856865
2,130,0,4.500000745643786,14.35487455765444,14.882009084182112,20.26040706066922,3.770139346939065,24.64285179871694
2,132,0,4.499999435528534,14.433777648418939,14.797058483030078,20.089597237642543,4.363425802848432,7.932149578303015
2,133,0,4.499998078863755,14.307103131100204,14.669188305651058,20.15443897148292,3.2219383450314307,24.201023798717948
2,134,0,4.500000793712603,14.060131177011677,14.747453125938636,19.16809300520828,4.5846076679611345,24.46392391736719
2,138,0,4.499999972167407,14.240567697585314,14.80853902015265,20.094585668543168,3.9629063157439983,7.952561585232544
2,139,0,4.500001673577497,14.444955412525179,14.507009272967297,20.1578980408527,4.243860917854177,24.832075711928923
2,140,0,4.499999869443704,14.39120299264841,14.747102303572536,20.382240949473008,4.20844210884375,24.7016108773013
2,141,0,4.499999292644458,14.374444608221953,14.57908527081091,19.95012842222947,3.9025884101235615,7.711318034847583
2,143,0,4.50000061665056,14.78962050634951,14.623749766749418,19.926085880169634,3.276419195236386,23.77645678169938
2,145,0,4.500000329008906,14.180340995703162,14.667301391160054,19.791079990353396,3.9825101575009763,24.819105611370937
2,147,0,4.4999996877890895,14.425689596020487,14.468832377835513,20.064531822035477,2.9275946958635153,9.349335951832764
2,148,0,4.50000097873945,14.666309620176952,14.898284721161403,19.517985214151235,2.999042099053127,9.785815588961295
2,151,0,4.500001974914266,14.523173082322586,14.65068137185569,20.239863788337825,4.089579306615936,7.820292831194148
2,152,0,4.500000803739511,14.478536219296625,14.697151103370338,20.037094312037627,4.469825009488163,24.774371406628333
2,153,0,4.49999929082931,14.226585024227473,14.497189926107332,20.268909356552253,3.4926288344125203,8.419001904856174
2,158,0,4.499999967563776,14.102836591403697,14.775491404653646,20.37946972278885,3.382906728094121,8.7430984937914
2,159,0,4.500001120399264,14.646736897687427,14.505028036778725,19.58537174116472,4.39379241745249,24.74742774129259
2,163,0,4.50000065661448,14.411214398982093,14.558673250074788,20.372730607987478,3.8898302290543727,7.914588385928429
2,164,0,4.499998553467235,14.463251425940934,14.71437616386397,20.29000186903924,3.3963134199337297,8.396424640967435
2,165,0,4.5000002947686495,14.329803004055032,14.556073045555545,20.042840183345888,4.399074066981964,24.80309595408753
2,167,0,4.499999863569465,14.618242194181935,14.655971198653873,19.750402000217942,4.370348702132457,7.9657070801178875
2,169,0,4.50000053541542,14.126798418583514,14.05268736317112,19.63987366212846,2.5802663572487843,16.40584193847425
2,170,0,4.4999995099052965,14.30368567685077,14.965097989964269,20.198391300278725,4.281816724641414,8.057531719836621
2,171,0,4.500000461802067,14.499435303388026,14.599910668053923,19.935734794314392,4.0331679045765325,24.93564826776852
2,172,0,4.500000077020217,14.394168622194854,14.756568755574138,19.90783025027104,3.9966370245972884,24.920843453959435
2,176,0,4.499999426322823,14.546620572717103,14.711498245131333,19.96606089655387,3.979947316163818,7.757452607124602
2,177,0,4.499999919140227,14.142941890057324,14.528605727190739,20.39335067375839,4.361342248118327,24.31978365045589
2,178,0,4.500000732675353,14.343845323739874,14.92005742563909,19.83020235083068,2.68922712817942,22.50545595757348
2,182,0,4.499998939071124,14.225053886902638,14.742856795525263,20.128104635439968,4.1240439501469845,24.80968943594503
2,183,0,4.50000116928013,14.569365801689457,14.36751367515192,20.03351030267919,3.755811553317044,8.019567066041795
2,184,0,4.500000764192609,14.514408310482288,14.848791436714578,20.166227719016085,3.5434955544603106,24.44352422926412
2,187,0,4.499999286774431,14.526280159479573,14.391460208166489,19.49071804721856,4.3414032814700105,24.786356839150706
2,190,1,4.499999879229715,14.020680109099617,14.954274090344398,19.894115822929713,4.580143897909408,8.651962982388167
2,191,0,4.4999996077076885,14.571349827749138,14.635797462024582,20.281469230386506,3.4861996794088883,24.45661864620778
2,194,0,4.5000011148742844,14.364895909874926,14.698549557436857,20.068686672484723,4.138616171774406,7.734143578880943
2,195,0,4.500001354756725,14.442794598898038,14.41225205654894,20.31022105078445,3.7598943246839487,24.631307906571408
2,197,0,4.500000282084358,14.314962446029565,14.399516198868515,19.752194741261334,4.416854771819823,8.021475802978696
2,201,0,4.4999989915058505,14.089014835921429,14.461443612175197,20.040491386458164,3.8525709858044666,24.294304560417473
2,203,0,4.500001893025357,14.465701676404585,14.65597953369425,19.817246577146523,3.562556866736866,8.036219424165264
2,205,0,4.500000407620066,14.37740492119604,14.658987790757937,20.155340139631097,4.440728266956969,24.773103939511095
2,208,0,4.499999643292092,14.63503200547034,14.75515152769637,20.051101558652924,3.174105793174413,23.83357898773329
2,209,0,4.5000004139262035,14.235711482441916,14.504943158072958,20.128397710285157,4.292747239057078,8.042756044333437
2,213,0,4.50000022717981,14.157997982844385,14.61784001504178,19.864775846793172,3.761878366017691,8.13677861653374
2,215,0,4.49999953111268,14.53016278103776,14.589629778529673,19.915082891228217,3.7232653765761725,24.814746655529376
2,216,0,4.499999798861136,14.510235892926445,14.870062961279057,20.35773266980952,3.847560743611006,8.093856337223219
2,217,0,4.5000010875627545,14.269267514264222,14.59853723143862,19.9226201624815,4.096175433282328,24.893050582254126
2,218,0,4.50000016693139,14.244019075295078,14.856193434499925,20.420301276146063,3.436181348941065,24.35672834331664
2,222,0,4.500001138229768,14.132199946804155,14.779249177232854,20.107749243617373,4.165483301898655,24.69249627488449
2,223,0,4.4999992552045365,14.772401426539684,14.676928970769268,20.191684140311565,3.9705059104629497,8.480012290692386
2,226,0,4.5000004507212275,14.340799213902844,14.9196287909382,20.161611412488806,3.8694173046995832,8.012476495737072
2,227,0,4.499999681861552,14.426180793875993,14.679443799848757,20.085836464946638,4.1569480365895455,24.897837035332223
2,229,0,4.500000495243171,14.343116467093619,14.62754156251265,20.23362052264654,4.076533452461858,7.829020993516828
2,231,0,4.499999876893421,14.65086051709353,14.282865222244741,20.288650385886086,2.779753913591077,22.631420297059442
2,234,0,4.499999452326832,14.328866856404622,14.719776471320804,19.997658516909777,3.737548349340507,24.822607618613844
2,237,0,4.5000002588790755,14.37876897154656,14.339927153047242,20.119655828408742,3.7256229524839677,24.570856550329125
2,240,0,4.4999996585993625,14.596311117722822,14.957457895804417,20.249373767015125,4.424493414877452,24.24806228192719
2,241,0,4.499998820023471,14.18027891946184,14.639867137275008,20.034956943913752,3.1243744985910453,9.034118276806876
2,244,0,4.500000071272071,14.709051674831285,14.787931316836058,20.03429158516184,3.5337625580912793,24.163513892791848
2,245,0,4.500000292264212,14.087523158622512,14.300338830697939,20.255589590144364,4.475939687589931,9.001275638535343
2,246,0,4.499999449656331,14.259215511328952,14.783620923742554,19.867481217951426,3.7215792136278605,7.958634316752967
2,248,0,4.499999239603607,14.54959543619738,14.820264309639171,19.392177012102568,4.153822109468392,7.753138737467726
2,249,0,4.500001444838186,14.29553878879813,14.555184270244004,20.340937615494695,3.873234636564862,24.680348919214488
2,251,0,4.500001647073772,14.599253507319023,14.450975875497662,20.13012875677367,2.968525821164941,9.37874599548552
2,254,0,4.500000471947055,14.111247552601428,14.703559265382758,20.223560302358333,3.9621736660482973,24.585643590585526
2,255,0,4.499999762927373,14.867009100709208,14.552877505662106,19.993757433205086,4.254450827025494,8.680300074454937
2,258,0,4.499999887340058,14.329189303308542,14.923955666613578,20.06089514517637,4.071796329564052,24.736228431190682
2,259,0,4.500000613924477,14.404913306399873,14.691381428816745,20.140327937502093,4.211750019462512,7.7718680705525784
2,260,0,4.499999992798345,14.472611173223182,14.929128064251175,20.327760259484577,4.1910989763835484,8.053120399974755
2,261,0,4.499999552529082,14.336197424533646,14.624552397282175,19.897824381701557,3.9448474611451356,24.93823365118297
2,263,0,4.49999882881615,14.596122166442077,14.318723708051442,19.84935564381187,3.2608707380566457,8.762768457691848
2,264,0,4.500000096469374,14.650350977528552,14.906254037314882,20.352905069446045,3.67088060906402,24.17588965062108
2,266,0,4.500001293203895,14.314152957586446,14.720245750710626,20.312443790186443,3.8118260010032827,7.9792785076261765
2,268,0,4.499999461680125,14.388490818006952,14.726566905456052,20.1209461286216,4.313271097187558,24.831833124508883
2,269,0,4.499999726902742,14.364018062412832,14.33236005687893,20.218609691957447,3.255631799154102,8.781611814570546
2,272,0,4.500000673883693,14.518853898690645,14.980783905477725,20.061160413792177,4.49601141213863,8.423467659041847
2,273,0,4.499999910005271,14.129597363436577,14.613235620686432,20.2884939491175,3.5336404956936756,24.27896151520804
2,274,0,4.500000665096554,14.362932634703133,14.967089180969431,19.526426775104948,4.473471833945252,24.839776544022968
2,276,0,4.50000118810244,14.579511282176377,14.804673633766717,20.21554441264766,3.949241089519644,8.047257280789605
2,278,0,4.499999292015213,14.252190964051485,14.805906388073472,20.48764563916183,3.228154205769197,24.05617086554617
2,279,0,4.499999458173667,14.57311048710183,14.646970917216759,19.76611572533481,4.482322317724121,8.00162253304083
2,280,0,4.499999905967945,14.523611618927866,14.79044711674804,20.42804899196721,4.252865221535164,24.53535217490922
2,281,0,4.49999954608446,14.269516984500333,14.468742967779121,19.60066054208938,3.9609614886621696,7.9463673997546955
2,283,0,4.500001475114906,14.49005320786269,14.504126231845028,19.988177672273153,2.934159090895944,23.538427601133677
2,287,0,4.49999865043524,14.55936582132671,14.58064956339375,20.1894193961032,4.11464084178319,24.806658597955796
2,290,0,4.49999854190377,14.363711390801244,14.693808647290089,20.215105378127824,4.282995576862904,24.80820458736241
2,291,0,4.499998801135122,14.440323583014765,14.471211791034372,19.969364596092564,4.024144504193082,7.690502767267553
2,292,0,4.500001730002485,14.422977742933698,14.740212679039894,19.95190308747408,3.960870261968685,7.6846500636692525
2,297,0,4.500000641946201,14.055618372342206,14.434667467456702,20.1658152246928,3.4831563153864717,8.96691583250244
2,299,0,4.499998526952963,14.432120285833397,14.675048872100271,20.30527085538053,3.8956546765852798,24.770303716860994
2,300,0,4.500000299287698,14.408104835402549,14.981708869499961,20.210098398128057,3.322241465538109,24.171190750009742
2,301,0,4.500000681378065,14.387303869365638,14.638993639835604,19.99465105596837,4.482512748618696,7.912908416705058
2,303,0,4.499999210815964,14.722805787803958,14.225911529527938,19.710390280997956,4.40949893687872,24.43474334501618
2,304,0,4.499999920870312,14.631405168145083,14.76819565273116,20.133292991613814,3.618150682130043,8.337144222377397
2,305,0,4.499999141346688,14.22287774176289,14.323321137703756,20.072049802727673,4.527729728436497,24.206114967614234
2,309,0,4.499999761822988,14.168686959488438,14.567053789348963,20.42152433358125,4.025270320094373,24.487292055625844
2,310,0,4.49999942673487,14.14210766188146,14.752446079126898,19.78947701065203,4.537755178769614,24.61734849211183
2,311,0,4.5000015278879095,14.495114124856284,14.598911940952393,20.255580016345448,3.5531646637162293,8.17659119948502
2,312,0,4.500000595620748,14.464827627344066,14.837662059319868,20.000520844736307,4.0254883544684,24.77956808745399
2,313,0,4.500000686364929,14.186477651499997,14.541809464438087,20.497876307844898,4.287731968819013,8.337355446145995
2,314,0,4.500000112818282,14.252018283368962,14.926200308627214,19.92667059462105,2.808845226994053,9.947415715543752
2,318,0,4.500000902124164,14.149847889660782,14.850117406091671,20.16983377588705,4.096180923112524,8.127801185064229
2,319,0,4.499999658656355,14.741111082483721,14.666657807417415,20.09795093934257,3.816666870859545,24.442679283161276
2,323,0,4.500000472683962,14.412876150048623,14.537695416084146,19.900215195139268,3.6783763161642486,24.809811717593014
2,324,0,4.500000097040216,14.499038061489706,14.69833283860265,19.957863932619333,3.5398596074285553,24.64742168907472
2,325,0,4.49999997131837,14.36206136816729,14.617546459783563,20.187450638528205,4.475144345865711,7.995846010826291
2,330,0,4.500001531851973,14.347656594426583,14.813271156991735,20.051230190459883,4.114020165258641,24.85364095399064
2,331,0,4.500000204030641,14.549380013256085,14.590976768346286,20.287780393685978,3.800941721287762,7.976705760511592
2,332,0,4.4999999740623995,14.396105792887969,14.78053954704182,20.382836677581476,4.050561650394496,7.956662531280362
2,333,0,4.4999996608426605,14.360957751859083,14.647707766173323,19.61039314946249,4.387346468941115,24.91033912139325
2,334,0,4.499999170206136,14.124068513443094,14.73186313820748,20.171792655740735,2.899593329474033,23.189195280955673
2,336,0,4.5000009253477655,14.562345847946636,14.725633683653069,20.297130923296393,3.840377582156802,24.630252484628492
2,337,0,4.499998873652055,14.118861499200753,14.536107053079217,19.876558018037965,4.132597448606252,8.195617352792496
2,338,0,4.50000021271594,14.376097555887315,14.953681681358344,20.335562237576312,3.3346336217759127,8.542278030958197
2,342,0,4.500001098675055,14.291018857678793,14.738312062124978,20.070271370334893,4.22188710317486,7.841960557776542
2,343,0,4.4999993112841,14.614110068285333,14.216205081196216,20.13349250512059,3.898785623005419,24.5296678183297
2,344,0,4.499999511512663,14.540274593303801,14.897357554494251,20.079098646387425,2.940717477906831,9.534379940377459
2,345,0,4.500000420188063,14.31568955886445,14.679551560940842,20.148887110175444,4.303815015000142,24.82274736906868
2,349,0,4.500001011030142,14.336981963913486,14.227148017659406,19.945636522664877,3.6649586962684313,24.31715684192367
2,351,0,4.500000651927709,14.650982553871323,14.595237683164658,19.97137281033971,3.6050407010109957,8.22116846224414
2,352,0,4.499999553412364,14.92557652113578,14.87544355383111,19.79982500403069,3.8330506335663044,23.197714762029264
2,354,0,4.500000137198658,14.366554695905306,14.82508466315658,19.96520935836972,3.6832737801905395,7.951579476435899
2,357,0,4.499999072605882,14.301469800807045,14.685655772708818,20.053926920323075,3.5943774859005253,8.033827449651174
2,362,0,4.499999801976152,14.277007088787885,14.76093725299254,20.19768199640459,3.848435340351095,24.773197098426238
2,363,0,4.500001575014903,14.462984843979326,14.452577260717064,20.10453349827985,4.18201784094758,7.787933646807048
2,364,0,4.500000425654763,14.419772668035332,14.751949130986144,19.809538184012688,4.560657301637187,8.019728214356515
2,365,0,4.499999797616608,14.38005100099959,14.626716307576125,20.258677935681472,4.036786459878984,24.82788319828387
2,367,0,4.499999069951504,14.59932496180544,14.663720840643613,20.262329195347807,2.4543818199645413,13.168740845783798
2,368,0,4.500000299311739,14.692882314753978,14.868693361442576,19.682957075671524,4.09449943977525,24.394924916115976
2,369,0,4.50000059038525,14.237274947074974,14.661884167397714,20.40569302613363,3.9016968715508344,8.097139312532377
2,371,0,4.500000046406522,14.399551908573555,14.330082107166756,20.280285944791302,3.1622978515012123,23.834509728909666
2,375,0,4.500001788430971,14.530329240750822,14.62414584894271,20.03746936888276,4.251256815051619,24.865161632111104
2,376,0,4.4999990472671545,14.503600881773956,14.71311765876179,20.23883601568814,4.402783850490428,8.046936009097802
2,377,0,4.500000766835803,14.262582694493418,14.526896929034445,19.99968216408805,3.3589196708098834,24.336171222946845
2,381,0,4.499999419043186,14.237581535713955,14.35971782904126,20.171889664702373,4.4336059518344575,24.345637969466253
2,382,0,4.499999335441174,14.180641585121707,14.766770967835992,19.75147590207096,3.761392157975882,24.75117199173095
2,384,0,4.499999514535891,14.66653586471393,14.773123051407277,20.06867784366922,3.85779093188623,24.509678170483248
2,386,0,4.49999975139844,14.304279099470596,14.749530209948627,19.273501632117537,3.6558466693975524,7.962760300107224
2,388,0,4.500000995867956,14.568501392643082,14.819479903310219,20.36858978075901,4.484850081944635,24.36461546058809
2,390,0,4.499997788134624,14.342252633844536,14.780859709833445,20.193811327161978,4.232334372438086,7.883031269114163
2,391,0,4.500001131974421,14.555388771689165,14.602290339826983,19.806826753608792,3.261346012846989,24.265116851066658
2,393,0,4.499999349478884,14.323441677343444,14.63314930413342,20.058837914197227,4.158447862710321,24.900404949939812
2,398,0,4.500001042826394,14.14287133303932,14.790620214939226,20.077696004455053,4.188298746002024,24.715135607139807
2,399,0,4.500000124067033,14.58350249557742,14.530341829543744,20.158794900160217,3.9387059194039393,7.872636358592835
2,401,1,4.499999341935378,14.022125099386635,14.31608958232644,20.471568783842876,3.117028387354175,10.470115532027556
2,402,0,4.499999861770534,14.375443083043262,14.939062727042788,20.003407715075724,4.2866342937016,8.000867076694366
2,403,0,4.4999999025811555,14.406010540851792,14.60521452499145,20.239430217300004,3.9811362933964682,24.833560560511536
2,405,0,4.499997980353338,14.322661670147067,14.67668962287497,19.910963891527707,4.117754090879587,7.718048643985625
2,410,0,4.500000625493315,14.343514067935903,14.73202023416735,20.320462394359296,4.448321043725973,24.642591923909563
2,411,0,4.499999631943687,14.45951272672272,14.148992199923457,19.552538263845186,3.4366593746446767,8.62602901914266
2,412,0,4.499999277140692,14.429412602976397,14.727520976741795,19.99721676379932,3.1850607555668686,8.663610305705404
2,413,0,4.5000008518032475,14.35204986587356,14.553041172572591,20.217464926314605,4.463773899345355,24.692791558952322
2,417,0,4.500000582204407,14.16595667428391,14.620816033244813,20.070660853396458,3.8620142086530924,8.101659184115888
2,419,0,4.499999089927314,14.493464572748454,14.61666014328129,19.681597202304243,3.4156927326764297,24.539394587487244
2,421,0,4.500000086084026,14.239436313311346,14.593078214129909,20.223892020095168,4.474915728959512,8.120753435593524
2,422,0,4.500000448686323,14.252032205476752,14.768365570008362,19.70745271802963,3.3023413373426576,8.502071080413149
2,423,0,4.499998972419238,14.493315971910206,14.482140072739561,20.430100904212303,4.483709727727318,24.526948869337858
2,424,0,4.500001229483591,14.54189002132507,14.839160592078546,19.594530859264097,4.31454645820454,7.922734012539834
2,425,0,4.499999345325982,14.218609804479625,14.689062584218883,20.45023864510364,4.028070497180248,24.615093184254007
2,427,0,4.500000427189854,14.566430335006306,14.413035506704954,20.15620866193198,2.397387629788824,15.64227257942887
2,430,0,4.500001520505398,14.247016684626791,14.809198637742034,20.188171332820804,3.957597747336015,24.77303114476112
2,431,0,4.500000064740608,14.708080195331904,14.555862877669767,19.918444160045016,4.282480012355018,8.116062182351563
2,434,0,4.499999460712228,14.371537059495731,14.774938901530172,20.14283114255367,4.0167097511691106,7.79912131209074
2,435,0,4.499998475027095,14.404340104093816,14.388396298168821,20.04656392801787,4.277846187185263,24.747657702805135
2,436,0,4.499998806506849,14.481019455313392,14.716447984800533,19.876835907950873,4.100464015229067,24.915768765568245
2,437,0,4.499999130982372,14.296475655335326,14.509770865045589,20.318067542984902,3.8147756031801254,8.055494458054461
2,439,0,4.499999472355549,14.974478217090464,14.638874330138732,20.448727650561164,2.8180384093584783,20.75548337306399
2,441,0,4.500000685453161,14.142966106599014,14.1370556510333,20.3476615734203,4.208640865646487,23.46836579658501
2,443,0,4.499999261180176,14.45650835234313,14.624786906435657,20.35050962124107,4.597462626881136,8.259087339445664
2,444,0,4.500000300069663,14.433247671426164,14.882998627027234,20.20873354213457,4.531441508599163,8.266744184994664
2,445,0,4.500001110562553,14.351217489188816,14.660839605471901,20.110734766255927,3.5186808607643174,24.630485680829402
2,448,0,4.499999973497231,14.57019796429721,14.725383569778865,20.372310943809214,4.124827936795741,8.059711331797857
2,449,0,4.4999999209197,14.05426802934273,14.352943765932626,19.679191466089126,3.8730145775585463,23.953706827591397
2,451,0,4.499999281652934,14.521351986363742,14.48455729343253,20.007549115213425,2.572937160775944,11.296688811373944
2,452,0,4.50000036866976,14.4920368448176,14.883545355590373,19.850435586650438,2.8074684103654226,9.930664094607774
2,454,0,4.5000007198018865,14.27120459397955,14.721149666242432,20.045859108592953,4.053188130321108,24.882647907772338
2,455,0,4.499999546578272,14.529580544310065,14.56016856588396,20.296847645722053,4.392189104127788,8.063109321642408
2,456,0,4.499999791713352,14.560783855404546,14.91435519074795,19.97926775512045,4.5282229020245435,24.363820367526394
2,457,0,4.500001365860732,14.237297240371365,14.624160125223147,20.206704217475842,3.607776022153355,8.16141435347027
2,459,0,4.500000225813514,14.56205385622588,14.353632212984099,20.497046730721433,3.921030391064165,24.506839302045947
2,460,0,4.500001262174747,14.41898207700357,14.73082025293687,20.121511251516644,2.902864501844373,23.462937798510247
2,461,0,4.49999909968664,14.319719200520561,14.260656285032077,19.92979964421296,4.1640914935608695,8.169559201230662
2,463,0,4.500000893222761,14.505038532905804,14.690049375104897,19.857120571628172,4.510486872324467,24.779758743709138
2,466,0,4.50000094365608,14.385250386411226,14.713821068576264,20.314840245999573,3.0421825624597547,23.806055458780044
2,467,0,4.49999891503299,14.39990725062208,14.564258236374531,19.915547870154874,4.36084188272847,7.784311876937277
2,469,0,4.49999852126377,14.291115981059185,14.500659912881694,20.14886017776541,3.6225340764130145,24.59020261222321
2,472,0,4.500000594421599,14.652588783467936,14.794020338756578,19.47701961357954,3.321171391847084,24.01687909326622
2,474,0,4.500001075329496,14.315828832161365,14.830398176911876,20.117004710530548,3.79652432587058,7.943125194096481
2,475,0,4.499998962317143,14.450648825576975,14.653382987226719,20.192403232517318,4.122414443727476,24.85235699668685
2,476,0,4.499999848495863,14.41469915185056,14.928857726298336,20.275332621693114,4.221925692749716,24.626413668913358
2,477,0,4.500000121739381,14.3454511718058,14.594000998458734,19.817584338165513,3.8765435471472847,7.7306065101845824
2,479,0,4.5000005324465,14.922852765846347,14.028589209371148,19.923042475760095,2.721317945172475,20.929162278787274
2,481,0,4.500000040014718,14.133274272230612,14.6459916011498,20.27221968430101,4.168137761114082,24.571525257480452
2,482,0,4.500000950694419,14.261890586631232,14.891857005187326,19.68840188824455,2.3877033287991933,17.558098080108728
2,485,0,4.499999573642193,14.304076134402024,14.535390692831015,19.20502069214672,2.5664904634412347,21.047296117010067
2,486,1,4.499999528464956,14.200951181186795,14.867146726879906,20.14301857792107,4.550099243795521,24.509758035289686
2,487,0,4.5000002934953685,14.460798315240222,14.6718651994332,20.088505825821507,4.042663662532461,7.693047421005939
2,488,0,4.49999952955915,14.470233184599905,14.73042288100708,20.144430177096787,3.7835834583680965,24.76384255235572
2,492,0,4.500000204322436,14.424633633033427,14.939483725907966,19.993124522902704,4.186045431147279,24.66127022816049
2,495,0,4.500000166009742,14.620245213310405,14.505479902155058,20.42362066811027,3.5995451044734446,24.450935634211284
2,496,0,4.500000287183213,14.83191776477032,14.72487064668886,20.10239247556565,4.528506926084866,8.97136262797066
2,498,0,4.50000118885313,14.371455395354554,14.845058476515257,19.86593117233688,4.365276950876034,24.79723018593195
2,500,0,4.499998718436525,14.461246803000563,14.845144444103648,20.205538608844886,3.7651680476650453,8.025105456512058
2,505,0,4.500000260003326,14.048341411052917,14.56664172282064,19.458346693743618,3.246536765628302,9.389200070669375
2,506,0,4.5000003935177055,14.29206245204987,14.754882301420906,20.24697365028005,4.093298928154832,7.922043645383731
2,507,0,4.500000568135629,14.436246200533196,14.597893921365536,20.01720702551618,3.9172438135293977,24.91275539638586
2,508,0,4.5000009785862405,14.420879123172805,14.76993249527845,19.68634098270246,3.9648918846601413,24.91534077980031
2,509,0,4.499999871515496,14.352312716190164,14.342168609267874,20.455073992651545,4.235744583585587,8.276810948164322
2,515,0,4.499999410617714,14.40560918327352,14.649126856579471,20.388403006451934,3.926648897892015,24.73537227290597
2,516,0,4.499999587304267,14.472237425765963,14.8354927477624,20.28580555305872,3.9814432226231764,24.649722020967737
2,517,0,4.499998172087718,14.331094898366292,14.647547131775843,20.03819267208559,4.222371965971688,7.768878102409975
2,522,0,4.50000011832332,14.31471024822436,14.769369813266053,20.20211936067852,4.356174953111626,24.744073543054476
2,523,0,4.50000060140333,14.505067184665803,14.425047668397353,19.975992233214672,3.143597704754299,8.835903544561376
2,524,0,4.500000409737405,14.387936385137463,14.70263868117134,19.797443017454185,3.799873830339299,7.745759923196697
2,528,0,4.500001234770647,14.524050390257598,14.795471958925202,19.931560257400974,3.6069713653542745,24.60717355808223
2,530,0,4.499999085513288,14.359361537979368,14.71003644626115,19.631552595187028,3.6060254302972217,7.97111308731078
2,535,0,4.499999106819368,14.569131233088601,14.599953046405632,20.08160583900829,3.7035737347762696,24.724965722701306
2,536,0,4.4999982189668595,14.54245641424922,14.720371245652494,20.199852348850175,3.8351430904878008,7.935451136125007
2,537,0,4.500001351983128,14.272435017770338,14.575124844239488,20.11802996363437,4.209985077777995,24.803426868687737
2,541,0,4.499999419872261,14.326740974754316,14.589443427566426,20.34823268375486,2.481782497162082,20.949749979677506
2,543,0,4.500000374626201,14.576413760090452,14.484489449159573,20.295236836564122,4.037146675097933,7.947684574728562
2,546,0,4.500001054651536,14.364781318940478,14.751463543981806,20.27935316138342,3.8441919526640325,7.916516146845655
2,547,0,4.5000007554608406,14.434935297837496,14.287194415678611,19.83667484702593,4.157980815045697,24.697055851785308
2,548,0,4.4999987480325245,14.415078908123856,14.714066203012594,20.094924032073962,4.162524891192655,24.88221992200441
2,549,0,4.499999368428637,14.265721838152283,14.476010469031664,20.14262400174978,3.8746000989013734,8.027758450485116
2,554,0,4.499999891723965,14.273093870995094,14.953792841505166,20.099910299363266,2.6304071212715563,22.162247165651316
2,555,0,4.500000548557494,14.429412307813472,14.645521935446885,20.144829851196963,4.26422703042689,7.7906961457985595
2,557,0,4.5000000893363294,14.385886703438137,14.678016693586953,19.98496075628293,3.7206195341297894,24.832992824288773
2,559,0,4.499998760920357,14.763876591702367,14.384821937831328,19.979815715082815,3.71643109108059,8.43317703235406
2,561,0,4.500000487856449,14.213549198300518,14.555092797000983,19.857707266283303,3.5509790115626245,8.220799683493624
2,563,0,4.499999899168157,14.400627478504564,14.683730144480364,20.098994709814193,3.8712382768894287,24.8666377462903
2,566,0,4.500001181915043,14.143533664364142,14.822478817688038,19.968872969334456,3.6327080308022457,8.236782161824323
2,567,0,4.500000576490699,14.483217539882371,14.57880697631649,20.19204664561264,4.521434527317419,24.694852229505813
2,568,0,4.500001055366054,14.465850130793562,14.775370892156928,20.017683482701422,4.14466813475136,7.746968633722432
2,569,0,4.50000119773584,14.198595105666271,14.654300500268244,20.228296780018248,3.8385244552824522,24.67327607369333
2,572,0,4.499998891099654,14.451360833538455,14.793664262398663,20.160728830721112,2.7968441485374265,9.8249152066557
2,574,0,4.500000445690765,14.171715914738938,14.93209473497764,20.43677670671066,4.062745406347529,24.652809380859885
2,575,0,4.500001092085879,14.745720498593078,14.628676052374463,19.67687822093026,4.331061407710158,8.262445334784921
2,578,0,4.499999461361566,14.326283808029578,14.746706642585874,20.12916896491947,3.557693431282887,24.638486394368705
2,579,0,4.500000826483365,14.41442612151929,14.585634248134195,20.060982924189044,4.538501178696067,8.012236121692382
2,581,0,4.499998736484957,14.360265256513673,14.542379449503642,20.221803362362635,3.7295861078478443,24.72172525902981
2,583,0,4.500001014190595,14.688122586085552,14.530296472832033,20.369748536455713,4.067943159237891,8.256140481993228
2,584,0,4.4999993998519345,14.681285353673706,14.737718372046238,19.941303941532567,2.992271330376746,23.277291552084378
2,586,0,4.500001850609417,14.34202780789817,14.789582246264725,20.030405657859315,4.025481664725918,7.783802496585633
2,588,0,4.499999522459137,14.396492371284438,14.866302316963441,20.15713564796842,4.077666315633303,24.740514227811552
2,589,0,4.499998708759469,14.360163960714008,14.561836672523084,20.070980266877168,3.770705247365581,7.8538186441974425
2,592,0,4.500001225229811,14.576717470835058,14.773634521143109,20.25356045379466,4.353345943688293,8.169960130846146
2,593,0,4.499999117449025,14.126058463429052,14.488471970299942,20.00757852145608,4.018876787102141,24.500328380847698
2,595,0,4.500000985060532,14.412889443629116,14.551600036733793,19.778396790606486,2.3954444733297455,15.33290776075643
2,598,0,4.50000125672234,14.291719846743376,14.698490098503697,19.923019167954166,3.9563621991499316,24.918153257703864
2,601,0,4.499999813807963,14.308993714079287,14.656617059398219,20.340371863398957,3.8122137981531266,7.994512508770018
2,602,0,4.500000344854614,14.042710915036581,14.973232504486539,19.930167611136998,4.326237194869988,8.410962214159504
2,603,0,4.499999462918805,14.538386874462065,14.042114680159626,20.207650722663633,3.3381378092998544,23.77324612631265
2,605,0,4.499999646074891,14.328972919951372,14.450883457999147,19.56862957718652,4.459987494231867,7.997126379030238
2,606,0,4.499999452718194,14.008256417221938,14.815689449522395,20.220733918845543,3.4360892834032253,8.853970732696062
2,607,0,4.499999530926429,14.648914260145553,14.666808866585312,19.991637818173086,4.479834985751211,24.606424437504153
2,608,1,4.499999663445062,14.991793393339043,14.787874220591958,19.721817088681306,4.376455608497045,9.814945562215627
2,610,0,4.499999675933696,14.368140718290643,14.765621751565929,20.074727396087976,4.438029289638581,24.768859120782942
2,611,0,4.500001082289825,14.460749438216254,14.621050857483587,20.36034491679865,3.3410162887063812,8.485886323176963
2,612,0,4.500000065814439,14.429912029233382,14.948468608211275,20.42260633455357,3.3945053594475763,8.49789233625135
2,613,0,4.499999500226851,14.307514898857049,14.60409477636812,19.73322004461377,4.48213063892067,24.826939253231807
2,614,0,4.500000212054117,14.157631067917997,14.817177807741434,20.22029163017305,4.002947495350991,24.678433053315636
2,617,0,4.500000194108517,14.12796546034253,14.652905824365272,20.013914278103346,2.985225828699348,9.627487429359963
2,618,0,4.499999288669934,14.275036436190463,14.710315634867241,20.457450945998563,4.317980564099714,8.133401342088977
2,619,0,4.499998252145318,14.45706643208238,14.541030023283511,19.664177194921198,3.969531055871954,24.962873403251066
2,620,0,4.500001460038514,14.419697867972902,14.839508316289477,19.93265080663593,3.678688008004171,24.706558414875488
2,621,0,4.500001215740023,14.38092425381349,14.547219964108992,20.193371164867372,4.099081821230772,7.7869069741464685
2,624,0,4.500000262891303,14.695695335322087,14.944943495285763,20.04852970248588,4.052402742528511,8.57169649277288
2,625,0,4.499999173969299,14.24890323051423,14.63133777893432,20.14040443906371,4.246072190934987,24.787635067291383
2,626,0,4.49999992222352,14.359992202242044,14.863133616580294,19.3379029839281,2.5016147718232413,20.89188315132848
2,629,0,4.499998285743418,14.208403706047344,14.37905565684225,19.805360689096652,3.2878035531750394,23.92305084960998
2,630,0,4.5000017379077395,14.21655751439925,14.8365410599,20.297619042181296,4.151949310902433,24.676838621465713
2,631,0,4.500001057479078,14.536612807913267,14.679783808742869,19.863827960981816,3.9246309126779506,7.72055512791794
2,632,0,4.499998770803579,14.494759580079005,14.741709983031667,20.33369299106797,3.7656045904214217,24.63686453419332
2,635,0,4.499999934889228,14.95919888332856,14.226337695413886,19.280607444748085,4.235360230404762,24.044433976064212
2,638,0,4.499999943607514,14.176711802710344,14.714917621728647,20.109396043526086,4.369346381722743,8.079029913917918
2,639,0,4.500000462194374,14.823418120406279,14.552895017646955,20.195633779967956,3.466916963597679,23.98294846727358
2,640,0,4.499998869564189,14.67620701475985,14.88468368248359,19.878852528498534,4.352953651970674,8.417331698317064
2,642,0,4.500000900225074,14.317725958520848,14.86764460143278,20.11163383539549,4.497396557790332,24.620027907686328
2,646,0,4.499998589812828,14.324191771555418,14.778886992387912,20.18800336615737,3.871553391251471,24.792735958892862
2,648,0,4.499998013516975,14.616919362612041,14.806548320437923,20.270372369746138,4.121483361779175,24.506002963185104
2,649,0,4.499999289612782,14.297915440955483,14.51737527715827,20.042820198915667,3.941858688856729,7.872572742249378
2,651,0,4.500001339024107,14.611408952931821,14.534996590345962,19.53757877397207,3.311970099608604,24.24906582708619
2,654,0,4.499999763191845,14.122576466642741,14.756724341217156,19.56068243850739,3.9591801135115716,8.136192685417438
2,655,0,4.5000010770509205,14.57842372371277,14.594422975091025,20.37557218953186,4.196601659382531,24.66536841026614
2,656,0,4.500000114926384,14.928377338008769,14.800179007921766,19.72700610345217,2.631627034010685,14.515805184740383
2,658,0,4.500000406921539,14.374349052317543,14.825987563777554,19.880095709883804,3.8439568066642797,24.83667000813162
2,659,0,4.499999002663554,14.407326192987899,14.666331636387799,20.321247709010454,4.215454577350323,7.883143533923118
2,661,0,4.499998365375109,14.32235854992808,14.654499687572631,20.070605905083962,4.045307588737593,24.902606019603468
2,663,0,4.499999249126456,14.68568543164745,14.25898453019647,19.364033735247627,2.6179992704046438,11.973196364410942
2,666,0,4.500001792043095,14.338722717258769,14.697224682724826,20.15226893169687,3.5896622687924,8.049451623604892
2,669,0,4.499999455999891,14.349901734098912,14.47909170977576,20.42060771767382,3.658945559648668,8.190227460519502
2,672,0,4.500000502012466,14.706146766275562,14.79671878020176,20.315724667629652,2.8243110450332933,10.540772785327494
2,673,0,4.499999905002124,14.191528944946471,14.56571603917254,19.993092078825374,4.2809919601825674,24.71473265332223
2,679,0,4.500000759607206,14.49705698374861,14.53877102644268,20.142393751091287,3.666587244328109,7.991293562413979
2,680,0,4.499999155519934,14.522301076492043,14.952839389942001,20.107704256214767,3.8440294018475347,24.468475838824858
2,681,0,4.500000811701615,14.212841418299012,14.602845803829505,20.200627558670405,4.154841470454537,8.022781776224743
2,682,0,4.4999999968763325,14.191289877517095,14.821072425625763,19.587521601120553,3.3281142270646713,8.537414484769656
2,685,0,4.500000475310893,14.37194754826181,14.342072280189146,19.82754579451679,2.4843509374873216,13.017539492573913
2,686,0,4.500001513293876,14.250375719562559,14.764731432488666,20.255545706451358,4.186218281816989,7.990718972776296
2,687,0,4.499998868482158,14.680352429584405,14.620092296074128,19.84269356973612,3.8972507286040328,24.699788048644706
2,690,0,4.500000936098993,14.372593202812753,14.710362089291387,20.383721511692272,4.149098114572242,24.731852637540364
2,691,0,4.500001249110184,14.402450231631668,14.517757166730082,19.618310776002637,3.8307063960096794,7.743453661972161
2,692,0,4.499998876110146,14.483087864279813,14.749377902588625,20.035145950233613,4.065007795841898,7.726013410186784
2,693,0,4.50000101946493,14.306623374115516,14.426433314451204,20.274361578749385,4.300304385050657,24.582725962889526
2,698,0,4.499999648119087,14.332766925972868,14.8487589814404,19.992440788882202,4.536747367560843,8.086525283194266
2,699,0,4.499999109136892,14.45112951671297,14.684384037442202,20.222898354737843,3.546057156344663,24.609531847007574
2,700,0,4.500000891579459,14.430820042945516,14.926376736835278,20.4712606783706,3.6768872828366073,24.50730748114117
2,704,0,4.50000078961551,14.57800853734914,14.699931167451322,20.139840052656897,4.026157595666316,24.748050750959358
2,705,0,4.499999497112995,14.022970888174651,14.425310682487352,20.059050398940933,4.326477417644505,8.734141448306737
2,710,0,4.500000176463716,14.259822157149191,14.782163850180718,19.86974053845306,4.082232233040957,7.837112992404911
2,711,0,4.500001616126065,14.52445573103279,14.42569799290467,20.32045099715396,3.817446750644341,24.666471148817955
2,712,0,4.49999947836797,14.577049597600295,14.8486444468771,19.871456990085704,3.5522154259711503,8.3373383267657
2,713,0,4.49999953378328,14.244360840283823,14.65494393274991,20.301379776061985,4.525481246222574,24.540295552152294
2,715,0,4.499999393131722,14.578801753553918,14.42826607556781,20.369324899552872,4.2520211001262505,8.123052116358782
2,719,0,4.500001906030438,14.515616569085546,14.64584622620902,20.119901019997577,3.646712547435629,8.02375062084715
2,723,0,4.4999992871221455,14.400109453554565,14.48422261891597,20.056804013264134,3.8019191644919363,24.80790761764589
2,724,0,4.500000377630253,14.474916360849141,14.721859566502888,19.791724638909375,3.4873391829545732,24.60968033186583
2,727,0,4.499999017047397,14.725509561948163,14.620463828957499,20.19992178267292,4.46113407290772,24.413830059573755
2,729,1,4.4999999052692194,14.221481340521192,14.381113371747029,20.125536689555364,2.425584024128546,18.211684749939124
2,730,0,4.49999922226627,14.316706091785731,14.877289697182487,19.640177291807404,4.350104308663804,24.863256462384697
2,731,0,4.500000191704102,14.454319410921858,14.596775578520282,20.463225481752637,4.012087880840999,7.944927552101259
2,732,0,4.49999883528157,14.417665284335193,14.804420182758243,20.200676678964207,3.929090842346726,7.855744818003334
2,733,0,4.50000159027972,14.34628974690617,14.678044129765235,19.940400718097354,4.221662305076508,24.936705130583206
2,736,0,4.4999998494075815,14.674308270157512,14.898794706881237,19.993452769106813,4.312673944480478,24.275705390249193
2,737,0,4.499998818947026,14.130409158092439,14.680735664070541,20.21872094791492,3.9775986048019627,8.169425097648396
2,739,0,4.499999219134529,14.455677657413398,14.444422638876377,20.488663920702802,3.0952051357371237,23.774715227029994
2,743,0,4.49999855113799,14.444144622416623,14.65198165884249,20.0033011016972,4.093423957104235,24.933639354980272
2,744,0,4.499998917615573,14.463495060339906,14.712691676254378,20.27797060074609,4.356443752683654,7.993271764212803
2,745,0,4.499999379532252,14.156348528432106,14.502188694284222,19.563417724496542,3.362329431461066,24.10389715884704
2,747,0,4.4999990899998705,14.822182010592275,14.466398860136785,19.86264642270765,2.967654337103556,10.220173090469107
2,750,0,4.499999860320899,14.229292801353292,14.74823922698409,20.00929447244588,3.4355773891951573,24.486804744452144
2,751,0,4.500000612966153,14.626322223009446,14.308297494551491,20.219305072872544,4.517927903374073,8.43056035562622
2,754,0,4.499999169427398,14.372698654626353,14.96021722251371,20.067219149050928,3.773231675381812,8.068898714275068
2,756,0,4.499999569843859,14.453986578398135,14.766263268178614,20.242840761761116,4.332189395757358,24.71094086167635
2,757,0,4.500002046045222,14.264837163088623,14.64894244367063,19.785609541753708,3.343152274165778,8.40604002020281
2,759,0,4.499999913968867,14.964855137238812,14.25179799920506,19.65898692782199,3.789636548393717,23.876146372317734
2,762,0,4.500000578290221,14.30041567041788,14.813031352885721,20.475377504504863,4.0433031687928125,24.671455292281387
2,763,0,4.499998063393997,14.438131423508747,14.555030624013193,19.990872283637643,4.248744533026277,7.718315832628154
2,764,0,4.499999576722503,14.42088658979075,14.705532397882981,20.0939971966264,4.159389391925395,7.7299449002125975
2,765,0,4.499998207157782,14.352220723720835,14.565479773888596,20.166607577229293,3.9457540546677032,24.838189794327945
2,769,0,4.499998317105184,14.255893740388043,14.691389688512974,20.068442076265626,3.951002856231943,24.850636319211695
2,771,0,4.499998631802759,14.456349232521042,14.347056346960295,19.657067444686014,3.2458331239157343,8.719185918822308
2,772,0,4.500000552427581,14.57834387774682,14.923426884990452,20.08576796368907,2.4039557735088444,16.057787908232
2,774,0,4.500000451619462,14.224107275983748,14.942667722557296,19.751134038518895,3.915808334435172,24.823733104612494
2,776,0,4.50000141950289,14.50402334191319,14.717731781910492,19.81509097861596,4.35146709208363,24.85714786501508
2,778,0,4.499999796408285,14.23257072397925,14.903839177463984,20.03331039975249,4.545343712648437,8.208926792869455
2,782,0,4.499998762234652,14.282028319205763,14.723505453750146,20.15990831143882,3.828471398400155,7.929649325601474
2,786,0,4.4999992282246355,14.382858693408979,14.953468171644369,20.12751104055296,3.739865567510736,24.58245172208364
2,789,0,4.499999444528627,14.282779573918614,14.64633646101932,20.32933816261574,3.7278111048723437,24.653209931198127
2,790,0,4.500000911840725,14.06884245925103,14.785343815811181,19.885080542864568,4.122894331446933,24.646049560932674
2,794,0,4.499999388128301,14.308357837374954,14.81255396306554,19.90251145830539,3.9011458801240337,7.827475459070712
2,795,0,4.500000919193847,14.436555927800477,14.496351522554521,20.3476952200037,4.141373067494534,24.733061879543612
2,796,0,4.499999223563528,14.452117806489074,14.72466398098984,20.192716189739116,4.418151099560872,24.73132831226365
2,797,0,4.500001177683623,14.360128281192457,14.57360762981531,20.10550430762567,4.05820286859908,7.74932243843044
2,799,0,4.499999060168114,14.819368341915927,14.666235634061682,19.504067675690916,2.7569600622831825,21.499859646345648
2,800,0,4.499998410947653,14.63274964202832,14.693544722008996,20.08618574409664,3.8841221906909915,8.030645470957495
2,802,0,4.499999496972061,14.3294320327799,14.957905766937586,19.30059176121919,3.504948194397006,24.69655144309312
2,805,0,4.4999996925712225,14.18166385725629,14.455384064264962,19.723098853233132,2.550482305269779,20.713109501121654
2,806,0,4.500001532374752,14.328646390692452,14.737342496828996,20.21400437032745,4.166126035630127,24.820266798495354
2,807,0,4.5000004836224985,14.597572014998839,14.371585143143925,19.685288971846045,3.9314391129840542,7.872105755583988
2,808,0,4.500000306059323,14.596390092926674,14.838123946883021,20.404981547277195,3.1659292423538554,23.701906505413532
2,809,0,4.500001428950948,14.29808603330533,14.671921530033353,19.99737535162434,4.257243233189684,7.803335368602365
2,815,0,4.499999621456399,14.554775725962962,14.640971199045193,20.17569943547105,3.7253662885203864,24.70253577470028
2,818,0,4.499999214160287,14.36468329162359,14.757479357499724,20.035905678433334,4.529251678102442,24.727718744595172
2,819,0,4.49999904957331,14.395752684141108,14.275801367176104,20.25209898341059,3.5172261349784026,8.475645059106618
2,823,0,4.500000110693823,14.901969510883546,14.547777759088888,20.02294062431199,4.265770444386335,8.839735263421144
2,825,0,4.50000036227781,14.051223337506446,14.144652762645059,19.949126975083814,2.9559761943280343,11.514895757775346
2,826,0,4.499998971037396,14.344362007329135,14.85992521479355,20.35738632045758,4.15874990581183,7.996014630016251
2,827,0,4.500000631897162,14.474205708309208,14.55629651068616,19.449884738201696,3.830592515467224,24.882061366888856
2,828,0,4.499998579495443,14.421194547182742,14.845978512312298,19.999175565101645,4.019669601622621,24.805735899875643
2,829,0,4.500000760933133,14.337143665418079,14.666133481864982,20.227780262121627,4.379329403154055,7.941136007473808
2,830,0,4.500000809194706,14.043493921708233,14.710293290808448,19.81068859185824,2.6521072411464246,11.723860785515516
2,832,0,4.500000937787183,14.718350538734557,14.779231905595157,19.854218793339513,3.5552050799513215,24.19504754982316
2,835,0,4.499998501320555,14.448415378399403,14.526394218210404,20.269672370719835,4.298422594838796,24.76317873769525
2,837,0,4.500000074082907,14.24418545938501,14.666596455775455,19.078085081822532,3.8961820828041356,8.001034819716224
2,839,0,4.4999988771289,14.455731927501587,14.604612586271706,20.090890007038553,3.4526041124029585,24.571764286588405
2,840,0,4.5000006361223095,14.484741051015735,14.856679548692107,20.162791067779587,4.000239185650462,7.9056166246360995
2,841,0,4.499998884164677,14.124094193792926,14.604929936431773,20.094506167463088,4.362389536173567,24.547575023804413
2,846,0,4.500000191280244,14.228725273460352,14.785568325677602,19.958467166004425,4.129900204687703,24.860174287754184
2,847,0,4.499999781079155,14.657811762409738,14.64883991816932,20.402306459008358,3.7119516267806034,8.363746454797468
2,850,0,4.499998958630461,14.381851148202639,14.733490015078113,19.753390501861702,4.327238192498418,7.755046174757691
2,852,0,4.500001015876776,14.452814263108355,14.742342776376187,20.238735466791223,3.948950202311999,24.775005119935663
2,853,0,4.4999990298308505,14.247602881944934,14.205033458777567,20.004524111106225,4.217561362461273,8.49463588597656
2,857,0,4.499999312399914,14.08973129920669,14.232882557848777,19.521877800727992,3.4661838474950373,23.34024657717176
2,859,0,4.499998372589088,14.434962608982577,14.676162267769357,20.02199026086227,3.818379191388023,7.757159971944684
2,860,1,4.50000079075697,14.433351177135913,14.919269172444716,19.570551281079123,3.45707673530233,8.262807282482427
2,861,0,4.499999723773717,14.363776448221023,14.593582660273684,20.379220567867453,4.490763672529237,24.587351172087693
2,863,0,4.500000577792168,14.951171179612091,14.208338845169061,20.151162727007645,4.4161049909863195,9.334577553617635
2,864,0,4.500001518471727,14.478772358698306,14.766300347207855,20.281082682254404,4.270374608010045,24.692534882776144
2,866,0,4.500000486792345,14.30161651881892,14.9326847484205,20.31519783947224,4.31096820273167,8.065646069796554
2,868,0,4.500000921038487,14.482946736243893,14.70343161180506,19.760328804924338,4.024380765866149,24.932661101796427
2,870,0,4.500001227796381,14.291628703597613,14.81294985177866,20.040244774302657,3.4557412049118033,8.244496604236016
2,871,0,4.499999658741161,14.545316766907895,14.686242177733982,20.28160739413724,4.486249237377119,24.594030794653925
2,872,0,4.499998826077677,14.622436305938441,14.76933035863706,19.927865051768794,4.278404523174351,8.041002674158392
2,873,0,4.5000003971777485,14.273282879454342,14.494985216101213,20.192799527167168,4.012775803694734,24.715078378021722
2,875,0,4.500000008821527,14.526034643603316,14.600223687487043,20.4040230371833,3.1495486011434615,8.878156906696052
2,879,0,4.499998066028265,14.467415817993485,14.645024157690157,19.945857330919754,4.088214484277473,7.639075315214679
2,880,1,4.500001091666047,14.797517694208539,14.773256280215543,20.29916572388748,2.534462662886192,19.703414470560073
2,882,0,4.500000127104782,14.366174460701474,14.899013188015916,20.421444517932887,4.010155526552406,7.9883807240570945
2,883,0,4.5000010331080205,14.389732628042596,14.66694927414093,19.98411446038205,4.253233430727754,24.92387429194867
2,885,0,4.499999559622442,14.302233230317816,14.626734437901558,20.12907965756116,3.8784328227972935,7.866847271338003
2,890,0,4.49999964935514,14.337650915447789,14.710160270702772,20.091591551468934,3.7577968339069243,24.81011742171296
2,892,0,4.500001162540651,14.405393055422069,14.7629208862478,20.29475881191265,4.414187740968677,8.055390773992116
2,893,0,4.500001345517996,14.334461392856843,14.419696917359783,19.915460431726725,3.219253201411618,24.087389210130226
2,896,0,4.500000659809943,14.931906603027143,14.737605908901745,20.48553016332347,4.479307029790418,23.202835102741133
2,898,0,4.5000009327871755,14.349102181587229,14.791960614176872,20.26004970158957,4.392460649099345,8.022507479599003
2,899,0,4.500000367456226,14.414534378215102,14.657786570582097,20.03401652658753,3.160645412618549,24.141079587997154
2,900,0,4.500000761412947,14.431869461051242,14.837023292293875,19.918220134509244,3.7920472410321557,24.766352181710964
2,902,0,4.499999281091159,14.063662603364268,14.829723866334856,20.055114752126606,3.5514627264310716,8.50025713988921
2,905,0,4.500000084548284,14.005617437962869,14.666732880559303,20.1632042843338,3.2739166083843334,23.675697886061677
2,906,0,4.4999995264996775,14.249007291530608,14.692161021038022,19.253818020252314,4.137380258120728,24.882945597330625
2,907,0,4.49999940732702,14.453163488948343,14.591444620528307,20.30295746562678,3.9050700930899245,7.838690254883176
2,908,0,4.499998835788473,14.39412519346656,14.794965746340088,20.264839534447326,3.912634010692619,7.898568065979944
2,909,0,4.499999515066426,14.376900580228916,14.526555390973904,20.01644966796882,4.243161756466437,24.88435111644064
2,912,0,4.500000429168876,14.571550228846597,14.909982380944754,20.147078832074133,3.934593710970386,24.46645824650578
2,913,0,4.500000066914135,14.158474270195958,14.588837833261058,20.065244516525723,4.1559476150677535,8.090021480883372
2,917,0,4.500000050388367,14.20712635040142,14.340661874743995,20.287383802198644,2.6151351372437075,11.918752327213195
2,918,0,4.49999922299068,14.171546868244944,14.919011756675392,19.773875035943117,4.420877754077375,8.112164277506828
2,919,0,4.499998288694104,14.514100375409752,14.67609211930341,20.248136402547036,4.061176842910114,24.778891929460762
2,920,0,4.500001806287826,14.490748898846146,14.741306938164525,19.978086861718914,3.674880897265409,7.962144553840719
2,921,0,4.499999537849678,14.248610489841562,14.230984234002126,20.387029242563223,4.536238719902727,23.810161620867824
2,927,0,4.5000011325911125,14.671792836460728,14.547851764687206,20.105577279365214,3.71659207971208,8.186935294212308
2,930,0,4.50000123558636,14.347030872622108,14.743582232080946,20.012997511022693,3.0203353659504018,9.033561683229362
2,931,0,4.500001567569799,14.406548716950686,14.639369045240441,20.12355121319649,4.218260144350517,24.883006018312855
2,933,0,4.5000012179147095,14.32581009579714,14.48749208357181,19.949281799353958,3.7362813137983863,7.933033715073535
2,935,0,4.499999314210148,14.611870114705177,14.598741065503587,19.87972415892471,3.7857829796408704,24.76951118017997
2,936,0,4.50000036898041,14.682262626601156,14.711298408024467,20.384398680654613,3.5268002144423285,8.647120067284423
2,938,0,4.5000006088328295,14.313287407173416,14.811316003063089,20.317912245569538,3.9094399536140445,24.715080100202186
2,939,0,4.500001334708439,14.510205477212093,14.688269342187825,19.89772200534205,4.081933289029053,7.671557820185235
2,940,0,4.500000337028059,14.39462244540994,14.793499261764243,20.10334643293343,4.157560998910961,7.798103450595388
2,941,0,4.499999057542464,14.381701797277612,14.55562527953526,20.19439388924574,3.922718326294004,24.827542556550206
2,944,0,4.500001699522519,14.522640253893849,14.7560756389382,20.056739158522948,4.1466795609815215,24.794954497363364
2,945,0,4.4999987762113545,14.12886593534314,14.38024928531344,20.309266980331902,3.828304018569093,8.550349751401228
2,948,0,4.499999509362985,14.520087740324168,14.943108545226728,20.227227090447947,2.698895460124333,22.225170720644854
2,951,0,4.500000902014665,14.55275492366238,14.512312378606929,19.791946425578654,4.388645542081693,24.857070666646223
2,953,0,4.500001119288335,14.271318535393673,14.633765939639162,19.766224957483775,3.548195179782745,24.666113312408903
2,955,0,4.499999895549851,14.526050636249167,14.071356122995372,20.03015455606631,3.8504045657009964,8.517275485848579
2,956,0,4.500000157330971,14.514201385033537,14.872905284162568,19.092085608162805,2.927171370513415,9.684667063178388
2,958,0,4.5000003904463775,14.052635571996527,14.871331810193405,19.932346070608563,3.5788219431790544,24.373271552135833
2,962,0,4.499998852254007,14.363271050903835,14.722851930973889,19.994301636699362,4.014393854821331,24.92385682314182
2,963,0,4.500000035710564,14.450758414252004,14.259024013617983,20.452341661033092,4.41212268282936,8.495624014551822
2,964,0,4.499999694720901,14.444911402011623,14.722326289321623,20.132394832970938,4.133516556944412,7.748279130397702
2,965,0,4.500001038301223,14.31813926506155,14.557302829406026,20.04606347539113,3.7107809968524936,24.758392284617152
2,969,0,4.500000901213235,14.091145381203953,14.370804697201814,19.509229997023084,4.280580866383913,8.616618698014634
2,970,0,4.500000690927127,14.28390411624697,14.953190785227795,20.183701522133674,3.461703017616504,8.35934811919352
2,971,0,4.5000002523632645,14.462662586220013,14.631481824892013,20.105628978927367,4.550390505727329,24.71998146568088
2,973,0,4.499999438294588,14.374154476448618,14.69021715944048,20.254906639529295,3.4334450944878796,8.290484608457707
2,975,0,4.499999156893701,14.853417859859434,14.37231812769093,20.44506615770168,3.9300166297259542,24.168805848902146
2,977,0,4.499999581276974,14.241501223373433,14.585829618766276,20.493508658326984,3.876419927647243,24.54034189183055
2,979,0,4.499998516020717,14.437318183134899,14.639612606068994,20.292310924911636,3.3985187261497805,8.363966573800099
2,981,0,4.4999997781225005,14.182601063464539,14.510564222137745,19.74764808284271,4.416289968262258,24.625335798048603
2,982,0,4.499999759539865,14.229888188508857,14.802848451415388,20.247931986430306,3.4661667130720515,24.430616327205037
2,983,0,4.50000023076955,14.54876366209105,14.48745126514062,20.01597022455923,4.5145717772412475,8.075824065224808
2,984,0,4.499998922447546,14.503432052268913,14.81497159282242,20.193240012708042,4.283946658113523,24.663414381749902
2,985,0,4.500000072663203,14.252706374024589,14.646083670966606,19.93447823790353,4.060256267638961,7.842582807811237
2,987,0,4.500000392459831,14.52981311606047,14.409267922243261,19.54605238648865,2.422364246442721,18.50780085542045
2,988,0,4.499999748053316,14.488153340307823,14.871705845474354,19.996763939878576,2.978375926613728,23.49292658945891
2,990,0,4.4999993467847785,14.0649283305348,14.928175696935442,19.85705011604396,3.9556942596629856,8.282477211740588
2,995,0,4.5000003385701906,14.429318295999257,14.63772768319448,19.822291947678373,4.003912987413892,7.613158016889173
2,996,0,4.500001010701342,14.477396720289143,14.866432860385535,19.97889589206068,3.681033660004221,8.06804190933364
2,997,0,4.499998513864335,14.351269660420595,14.671411507412548,20.200745379407817,4.09370805139616,24.854479456719652
2,1002,0,4.500000116051145,14.327157303439662,14.740947744514804,20.043221351177696,4.400293024372662,7.890182603080508
2,1003,0,4.500001461243383,14.500054525279355,14.394331970843455,20.26059852944359,3.4729431736073826,24.438143657769864
2,1004,0,4.499999316650232,14.405315999647527,14.696813612040813,20.356373998003473,3.4532514208270033,24.46419338390635
2,1005,0,4.499999618101845,14.37669713821581,14.503226778286237,19.542578525196905,4.4867234427502405,7.9494394394838785
2,1008,0,4.5000010742552545,14.611562195495907,14.855692176397216,20.28153641378185,3.730035097860558,8.37546000660888
2,1010,0,4.499999858210455,14.347987605807502,14.727831459885303,20.311522298662485,3.48939326751888,24.509275522015805
2,1014,0,4.500000539625687,14.278328203404625,14.83705955605188,20.095197951618104,4.419596677203567,24.702050874712555
2,1015,0,4.500001951278463,14.575729576569588,14.557227554913908,20.158521469700126,3.2423078817509463,8.690059062293109
2,1016,0,4.5000009774438565,14.526849159529393,14.744232004222066,20.116168685633063,4.014678300541774,24.7769441574965
2,1017,0,4.5000007875970045,14.290726287307178,14.58845374936605,20.173177769528518,4.276189235336546,7.909242257331783
2,1018,1,4.500000600109401,14.28127462038016,14.908354467014233,19.581309088716278,2.452868546163449,13.211740339693318
2,1021,0,4.500000899033877,14.305584741193247,14.541848149486526,19.913250130173058,3.0142909552441735,9.140329260929313
2,1022,0,4.500000387423965,14.096455301596343,14.765188217141999,20.3531020567694,4.216955337182625,8.305336955230164
2,1023,0,4.500000543896736,14.756265987422193,14.348649911984936,19.92990450022577,3.8772090510064423,24.57046001805633
2,1024,0,4.499998688152589,14.683674620752761,14.721027740759546,20.159965087534246,3.8250361227604177,8.27010296365452
2,1030,0,4.499998996996852,14.265674917727472,14.756471730505291,19.96040242752191,4.460025929825267,24.769762418768025
2,1031,0,4.499998979094492,14.497966686488487,14.321736804922649,20.36585346058432,3.5298835766149255,8.429705115162143
2,1032,0,4.500001182453567,14.535565953611036,14.859354146993585,19.893551925537245,4.049130743627849,24.69326425026768
2,1033,0,4.500000440717846,14.225931672954786,14.671611550858566,20.30904674951455,4.331735194091256,8.087575327887471
2,1034,0,4.499999233989142,14.202632673141673,14.725086683516114,19.858984622979243,2.4005618138594076,14.783176061516034
2,1038,0,4.500000448386315,14.107718388203185,14.985911369159012,20.145822538375832,4.191673163428966,8.258337330261693
2,1039,0,4.500001583423132,14.553681906666638,14.61677767926248,20.07478982346507,3.9670083999197594,24.841273038737747
2,1041,0,4.499999629415394,14.001537772603113,14.530706349756368,19.67069775287487,2.841958782405081,21.99042695413572
2,1042,0,4.500000231245836,14.37494337191325,14.807482785425679,20.244923167339657,4.38296006923974,24.680749552969417
2,1043,0,4.499999015810255,14.401343284899069,14.568845303130361,20.025707016225766,3.9941121888371693,7.681812774750945
2,1044,0,4.4999999668727755,14.486579237736208,14.698728746489655,19.650182358000627,3.7277297968399976,7.834959031866049
2,1045,0,4.4999991903352115,14.306931063754638,14.56682095412352,20.402141771516717,4.113376834891515,24.680379735271657
2,1048,0,4.499999118576763,14.639740707739879,14.791510914290843,20.093633378680636,4.33286925651335,24.51815101138037
2,1052,0,4.499998149097569,14.412572621208673,14.75074199513451,20.187565025231525,3.5957766007973695,24.64751776751242
2,1057,0,4.500000383732226,14.00183503650873,14.659983633443158,20.20675803981127,3.749443709785708,24.192248405000527
2,1060,0,4.499999671601654,14.645510497449386,14.993712109554826,20.143083895221043,3.578597299839878,8.732579332902692
2,1063,0,4.499999204596899,14.481372012369583,14.641884309709365,19.796229339945995,4.418399683009098,7.837921003546686
2,1064,0,4.5000001478709,14.495428837114137,14.705189771317153,20.38901932049686,4.271640364903436,24.65500331780966
2,1065,0,4.499999571703097,14.166723205013808,14.438832374038702,19.63968851635811,3.9828437836414476,8.22207784394627
2,1067,0,4.500000422894547,14.512573384607498,14.66527176767923,20.069043242413628,2.3976720471029456,19.469269627103365
2,1070,0,4.4999995858044555,14.16996853613008,14.791170785143333,20.031310162194895,3.894071318069189,8.054674987295453
2,1071,0,4.500001609081027,14.611551980926466,14.464234270489614,20.280469477245322,4.205651667791621,24.69269210203784
2,1072,0,4.500000657864299,14.716846001482208,14.832652866227434,19.658192452729967,3.1852765488845076,9.393921744775536
2,1074,0,4.4999991801289125,14.367978697835127,14.853801866529263,20.1146334779325,3.9961945805587806,24.78432321073315
2,1075,0,4.50000123588811,14.39740184079383,14.583637526683303,20.224226915942143,4.3139387284365585,7.87821534821742
2,1076,0,4.499999487141135,14.438643540014544,14.772047092475647,20.234248904003476,4.0817955305938955,7.8317692195542925
2,1077,0,4.49999840389315,14.256469716296353,14.685255231951047,19.793070309386543,3.69128905334233,24.78408889949994
2,1079,1,4.499999322981366,14.988772051203869,14.13138925794448,19.72807399302438,2.8798330429236243,11.844581087275287
2,1081,0,4.499999192364395,14.040367754805215,14.552725916387969,19.76537718740383,4.332990245118031,8.447923794718875
2,1082,0,4.499999163965893,14.297154771849847,14.787533265459098,20.385210922252647,3.3563387706058023,8.499920020449121
2,1083,0,4.500000207958358,14.419117267690911,14.569258910609488,19.99903645953079,4.351255945901703,24.883828596884868
2,1084,0,4.500000867690106,14.434526755864448,14.73681313999024,20.06626166094375,4.478877839642831,24.75360366620054
2,1085,0,4.499998712040168,14.350369945179642,14.60241583798228,20.149674706241278,3.4858083991262596,8.185158007473248
2,1089,0,4.499999831304762,14.111042550262619,14.620928286810035,20.43669075139704,3.896851341411816,8.358055892521556
2,1094,0,4.500000481587328,14.297196212950258,14.783891606228654,20.195527584923557,4.071489293406925,7.902434253869391
2,1095,0,4.499998727504515,14.556655922375388,14.631696930061791,19.954378798893142,4.3813110824501535,24.819994656122958
2,1097,0,4.499999333515306,14.274579559923872,14.552486376957054,20.07356110627936,3.729332078525883,24.716240053677538
2,1099,0,4.5000013925006455,14.6898117128232,14.384800581837187,19.54691049771531,3.792338411884078,8.168229173051557
2,1101,0,4.499999833261333,14.34659779299858,14.665087011009536,20.226041899268058,4.0871920682673055,24.84075770893554
2,1102,0,4.500000003944584,14.190366678178144,14.71686734462921,19.74770102235755,3.7591352076288107,24.760855913314423
2,1106,0,4.50000051503906,14.383307200582513,14.866400114397766,19.908721626251875,2.9194063523417237,9.37908303582553
2,1107,0,4.499999674288567,14.398032119046626,14.690495600921485,20.298128026655828,4.355330118802144,24.730591115160337
2,1109,0,4.499998513420255,14.347470591089271,14.658624362442248,20.117532046391716,3.892694095796749,7.7939556650018105
2,1111,1,4.4999999012937595,14.784635682538193,14.241990165161136,19.441801237651745,3.6300560108812014,24.280878624920803
2,1114,0,4.50000129100555,14.357842501867507,14.704918359986568,20.129588495130186,3.9684631603930027,24.874629725426182
2,1115,0,4.4999989537281975,14.487094717184547,14.494670591218739,20.03470541588738,4.180947636285195,7.729143334285009
2,1116,0,4.499999092857893,14.4222763697557,14.744916116744653,19.90611906986007,4.232256585991694,7.717654222656176
2,1117,0,4.500001427112638,14.355317574410087,14.392629805089657,20.341499394865853,3.946020388237277,24.590601759817915
2,1120,0,4.500000493215782,14.715648911091217,14.774450755992966,20.4643896706327,3.8185619363729453,24.195282939287054
2,1121,0,4.499999217351913,14.159845120525159,14.380066024894385,19.991235566982667,4.173302594691956,8.319366012458765
2,1126,0,4.500001316880269,14.254580990554972,14.738839426446484,20.087207296041598,4.364015315001755,7.946196745630573
2,1127,0,4.499998150369861,14.518660215031108,14.562254706583058,20.16032536170459,4.035713069435842,24.848653609633722
2,1128,0,4.499999222985973,14.558834055104288,14.904862112570196,20.05676249782502,3.4558109025235373,8.533063061925386
2,1129,0,4.500000066225847,14.233364206279923,14.591087494406024,20.121748623047452,4.566979956751551,24.573097415335802
2,1130,0,4.499999329565994,14.181913142608694,14.910899301085763,19.059178890820352,3.799523377437061,24.886512281855573
2,1132,0,4.499999248393637,14.458734162363218,14.744234864585257,20.453481832987286,4.2131744852241795,8.05208268829817
2,1133,0,4.50000085424558,14.358114171517906,14.128718678481025,19.722256868445136,3.2709219630170505,23.621706950952756
2,1135,0,4.50000083796065,14.646496690326078,14.65940427470314,19.809586963260557,3.5878775646467584,8.24005709053445
2,1136,1,4.499999311127938,14.864454620273953,14.984544848252373,20.181765013657596,4.562596689393768,22.94104836540761
2,1138,0,4.499999349014016,14.379407855344438,14.692621550363409,20.330489711008504,4.281520038248747,7.937605648870388
2,1139,0,4.499999512131626,14.394234547884176,14.482552279842627,19.54914491434987,3.0374723218815705,23.747111497447136
2,1140,0,4.49999999425698,14.474346498805353,14.763070068980689,20.00270664785814,3.731269830583619,24.75745770345044
2,1145,0,4.500000237543128,14.180957652032168,14.493215336081681,20.49534387650413,3.53081225658846,24.127966385093792
2,1146,0,4.500000340337772,14.316390345952987,14.827735787981311,20.003063970582787,4.106115027788095,24.859711364372544
2,1147,0,4.499999483868232,14.457178641906864,14.661366576723243,20.24248293565853,3.8542929255358516,7.8349245901898925
2,1149,0,4.499998189185124,14.361681702935487,14.655321175860708,19.93499823652041,4.1649349433903815,24.953492653970265
2,1154,0,4.499999510666895,14.338594114868918,14.717849009723523,20.19260867829708,4.03834727243014,7.824529679668569
2,1155,0,4.499998738767148,14.41138868518259,14.539278902242375,20.109695538066646,4.301718315879164,24.84824309267264
2,1156,0,4.500000417025006,14.49309189552655,14.838624761991685,19.852699597558356,4.185984224063607,24.778995788732402
2,1157,0,4.500001555653781,14.348858785656873,14.547125014837537,20.280981256147278,3.9700436125900076,7.885604053431322
2,1159,0,4.500000182935882,14.674678694221052,14.452502899856215,20.430657446810155,3.0109691885807965,23.439282347970064
2,1160,0,4.500000559475725,14.788385856967706,14.827381706579239,19.701330975233102,3.3783075469339945,9.298467269120398
2,1162,0,4.500000364410839,14.330104443101972,14.780403147857056,19.963825320087956,3.8622863065770696,24.86710066967194
2,1165,0,4.5000003212227515,14.372509217360225,14.616767689430722,20.06943153053504,3.5123728207878666,24.640722401646066
2,1168,0,4.500000448277771,14.52360204630504,14.735777757795057,20.199684124081028,4.5544551945203064,24.57469972857845
2,1169,0,4.49999963801902,14.131565512837785,14.38052391561258,19.982047051992495,3.477274617031299,8.774005825391349
2,1172,0,4.5000008170966606,14.577088282787978,14.974739847824887,19.987906131111007,3.9547926906498914,24.3827309424045
2,1174,0,4.49999852509124,14.313591117124723,14.710315636952046,19.834268977183648,3.621136193742278,7.964625591235649
2,1177,0,4.499998781535725,14.331494245133657,14.654752467897055,20.301539202952046,4.015202250227179,24.791507179226883
2,1179,0,4.5000008573338715,14.491479436241605,14.32626997245101,20.220530669613222,2.771276986009932,10.132478178241684
2,1182,0,4.500000377395832,14.033663520742412,14.86959280847208,20.297811548648486,3.7631772243234805,24.358936086832095
2,1183,0,4.500000117177301,14.5958702239433,14.687287287737131,20.0561749269358,4.1172609507864175,7.874424397530056
2,1185,1,4.50000053506078,14.003226209416935,14.508160893258962,20.302716967488237,2.499526999668395,14.403137005490368
2,1186,0,4.500001162333226,14.367938279178796,14.821447148958072,20.010070258900157,4.305928900520983,7.859607185368748
2,1187,0,4.50000153306715,14.445150402292303,14.666543035395657,20.241764116317736,3.9863339630046513,24.820852003524976
2,1188,0,4.499999818797512,14.443782089858711,14.892557197080738,20.43814296280908,3.8900024113119755,24.600807379721473
2,1189,0,4.4999989996806855,14.30200107237741,14.57306087623512,19.62559147744146,4.207816931591557,7.773761042204693
2,1190,0,4.500000618663898,14.158037191911323,14.882271933142233,20.18415789625103,3.1264294309867093,9.103115193033645
2,1193,0,4.500000239197459,14.102831603134305,14.592257808080912,20.11922120471557,3.490816784714796,24.21936357362545
2,1195,0,4.5000018290458605,14.481449032581873,14.547424908102071,19.800941696469618,3.6670668826482116,7.891517689331696
2,1196,0,4.500000168262771,14.404433775075073,14.782238781917446,19.991576862961352,3.265976395872336,8.526823901622443
2,1197,0,4.500000727927728,14.383868446898948,14.450368845148,20.2114458722143,4.409616650753559,24.66972857085191
2,1201,0,4.500000384135709,14.270233909049935,14.654997924066993,20.146063574979713,4.438288854684922,7.991394633609808
2,1205,0,4.499998314721713,14.221262356035526,14.449633068073004,19.94820094706153,4.0425325077278975,8.057357952282107
2,1206,0,4.499999323410873,14.174972750646873,14.820734011583868,20.44022701800759,4.456596520192583,8.330396827385226
2,1207,0,4.5000005716876705,14.512594139613423,14.663864540584385,19.985543740225374,3.477513031585859,24.582795838116944
2,1208,0,4.5000013181048,14.494929463154545,14.762018335503281,20.30909785319891,3.989629882511869,7.904399221213595
2,1209,0,4.499999746697734,14.232894965270946,14.460006204946628,19.86575786772546,4.279371667827814,24.69464860840553
2,1214,0,4.499999685534594,14.232339959648135,14.694342482520849,20.079482663348966,4.085529713203956,24.838836140181563
2,1215,0,4.499999305687795,14.841646650952683,14.462518970567887,20.127154972558156,3.724687513906457,8.709324814448152
2,1219,0,4.500000649810656,14.413245849525667,14.618050662874264,20.368276641999163,3.6688544485516923,8.064296174458683
2,1220,0,4.500000384327099,14.456449624385142,14.868147839718079,20.20783100137182,3.7508787102155026,8.06396177872644
2,1223,0,4.500000334940664,14.670087252324304,14.264474317506343,19.544449399832178,4.077343520921536,8.15600634414999
2,1226,0,4.499997916210617,14.307076483534651,14.760310977906592,20.248405636912416,4.175028752475308,7.917312304867345
2,1227,0,4.500000304707739,14.483899783526333,14.19668295646458,20.010243261122373,3.9184585611868394,24.5166507044274
2,1228,0,4.500000709819433,14.393445096916329,14.722314919471263,19.925966335412795,4.074897150774676,24.94279300977196
2,1232,0,4.499999039289282,14.51123777153123,14.761847464461741,20.013735740423563,3.9044436344372535,7.791360118188649
2,1233,0,4.499999511042603,14.061587718277256,14.644152405054752,20.46537671211221,4.153027043429853,24.272096835899063
2,1234,0,4.500000284987046,14.384265145299256,14.765436935389587,19.908027784289587,3.1325065150658054,24.068628633947498
2,1238,0,4.500000536554077,14.268576148101493,14.89242172092076,20.164478147346756,4.220574311881933,24.709114606184173
2,1239,0,4.500000566482924,14.586813382967925,14.614636161535994,20.089509332909266,3.936229571856072,7.847915047524374
2,1240,0,4.499999915224624,14.519014362773351,14.694439187320794,20.135953778034175,3.0887453289326383,23.892505463652043
2,1241,0,4.499998827095828,14.292754979788512,14.553522806931246,20.067460707609634,4.403371365989547,7.9429296153395725
2,1245,0,4.499999273987124,14.302047223458656,14.45139529437528,20.437638968522712,3.565576735721005,8.364956002722582
2,1247,0,4.499999418096117,14.54268845175874,14.579393592465639,20.22554744675054,3.8241278623811956,24.75392900446586
2,1250,0,4.500001420642617,14.354206861510269,14.780959837028039,20.31055891295206,3.496314036220797,24.4959132231187
2,1253,0,4.499999955467758,14.295238365622373,14.47015198271737,20.219544884121177,3.5907808058041226,24.509461786942275
2,1256,0,4.499999674801228,14.821534971039933,14.883226080354902,19.086159779122163,2.855665109262663,21.391686955844776
2,1259,0,4.49999864753308,14.440529739250724,14.649827538039162,20.144717653369536,4.163833534238536,24.87562544741688
2,1260,0,4.499999297681151,14.41427919290873,14.836951235197628,20.30198041069268,4.363420811212926,24.611698550088143
2,1261,0,4.50000042301365,14.380089924417636,14.649651125829234,19.85184592534157,4.038382922066137,7.637917497763713
2,1263,0,4.500001386941121,14.67823948099107,14.494610688377252,19.896404706311046,2.8215634869338926,22.896502326656602
2,1265,0,4.499998277743242,14.223740596524493,14.604280366804717,19.75311504577169,3.8854786917845754,24.823140417222902
2,1267,0,4.500001414224749,14.393019103614765,14.638083378607295,19.98492947169841,3.479386331854098,8.146670119680095
2,1270,0,4.49999919033813,14.111974731428345,14.793585726633744,19.89516083267774,3.946288927959074,24.71151051810758
2,1271,0,4.500000641297921,14.472437784199046,14.550119750856162,20.181511373186247,4.159735182535705,7.765201077758
2,1272,0,4.500000571455708,14.444966836408563,14.773229989754979,20.07400425592212,4.247264215587727,24.820336673722778
2,1273,0,4.499999749734765,14.197070615917688,14.691471056367517,20.333366324760533,2.960675752391608,9.524552655498688
2,1276,0,4.5000010905583965,14.437367201269508,14.839626231214044,20.19702770063616,3.8279414776215113,24.68510247876084
2,1278,0,4.500000258757795,14.166636226191859,14.851310383379573,20.449830176785554,3.7541312061930983,8.247282934528233
2,1282,0,4.500000138621999,14.360845000676742,14.750639269014512,19.98836698634156,3.839146008015101,7.787810326223596
2,1284,0,4.499999862896338,14.449475763582296,14.702552551723626,20.184626326379476,4.498058199076724,24.700073669115753
2,1285,0,4.500000732263768,14.319154483675447,14.53305301091915,20.114090320869185,3.3688811854711505,8.399709319856953
2,1291,0,4.500001061869649,14.488906789847448,14.64057987658585,20.076257596110715,4.332153705563487,7.836971883374332
2,1292,0,4.500000958086605,14.390858416024766,14.869813186118488,19.727366659785783,4.270994882156868,7.832594675795619
2,1293,0,4.500001177982025,14.377752825274387,14.673025583987735,20.223271318989152,3.951635151994571,24.83527250358327
2,1295,0,4.500000667438314,14.904953173867963,14.43598026178864,20.335187299038164,2.9769759147408683,10.750981197320588
2,1296,0,4.500000968196175,14.68338547095179,14.765364452274664,19.398021570186412,4.302817149692677,24.56208364386594
2,1297,0,4.500001037989105,14.286730796964552,14.629822729259669,20.2631820054059,4.040733665950382,7.9228158287037225
2,1299,0,4.500001001540214,14.438220716430049,14.602368964659574,20.136252802289828,2.9566313153983916,23.631516591435634
2,1302,0,4.499998502691389,14.18677272245659,14.78914191463932,20.254936415725282,3.766392285420447,8.149813016592557
2,1303,0,4.500001710215675,14.516138194788352,14.458719974585419,20.018159094599426,4.090231997867008,24.87645521574246
2,1304,0,4.5000006850434024,14.496228212900212,14.833376762148044,20.23476170674149,4.48373245475472,8.23093783460115
2,1305,0,4.499998148897189,14.250231503158385,14.67435192174083,20.010911467873534,3.600421383080339,24.670646467787613
2,1308,0,4.499999410923577,14.50328451889996,14.956864943792704,20.034308848563054,4.0229041846483655,8.042300549141029
2,1310,0,4.499999575344604,14.245382231577857,14.796037627984393,19.98078025686024,3.7438602170044617,24.766951999975795
2,1315,0,4.500001375612338,14.425754948909969,14.606941716560927,19.754408337264614,3.7685218564689156,24.898343630731
2,1316,0,4.4999987792566305,14.464400623825497,14.870485433347222,19.92183802393483,3.369809151774909,24.331708579378244
2,1317,0,4.500000907069884,14.330673612206962,14.68471343651368,20.18610565374854,4.408276895783604,7.944096381547411
2,1322,0,4.500001174152872,14.312500495813355,14.728766465723393,20.03723082943466,4.2402847464877045,24.880778745438924
2,1323,0,4.4999990962143475,14.510830747401972,14.295390150728814,20.300237556556233,4.075305909556466,8.087302579254459
2,1325,0,4.499999503124449,14.386874742197595,14.568110820638271,19.822213526962877,4.176174364407843,24.96682135360016
2,1328,0,4.499999459384151,14.560386129630555,14.797336279836166,20.323472795931515,3.985176030872986,24.57225316825548
2,1329,0,4.499999559094873,14.145845080599805,14.636594555098961,19.900412531821747,4.3050704222038725,8.080662747958982
2,1330,0,4.500000799208073,14.34863955046494,14.765790519602731,20.395094880426996,3.028401555509177,9.097302919034988
2,1334,0,4.50000028817406,14.273754553287656,14.887244917993327,20.10327706996489,4.111396735738859,7.970169402830447
2,1335,0,4.4999995392689325,14.62549514174272,14.578408907141226,20.206611806971974,3.6388930685949816,24.574760186963935
2,1336,0,4.500000404395188,14.572279658379548,14.712354377198292,20.021442550885293,3.361318073152492,8.496909891872729
2,1337,0,4.499999069461144,14.30520716540964,14.58535302776216,20.13095546312259,4.4363955273372895,24.739176904034828
2,1341,0,4.500001420740916,14.301466908088978,14.502158226584,19.8934276912356,3.9731287824097947,24.849981238954655
2,1342,0,4.499999575062224,14.116201074652462,14.798617164458554,20.328432666897058,4.4984854830760845,24.366575364950528
2,1343,0,4.500000208858937,14.662647317938449,14.506021575386402,19.93424884056145,3.279140198697532,8.739251703145559
2,1346,0,4.500000206485118,14.341601046234693,14.833926814069255,20.205675384105557,4.187899551691819,24.75793130177931
2,1347,0,4.500000457857172,14.425897649118582,14.68167269027276,19.962161992416565,3.8588475215260276,7.711267141772815
2,1348,0,4.499999220147575,14.440630044413751,14.834608018720651,19.784123751569734,4.024111843972131,7.727439143017818
2,1350,0,4.4999995639750185,14.207080633411298,14.796606620763258,20.066845157067362,2.4199608115821625,19.770329085314618
2,1355,0,4.500000059426142,14.450456348020937,14.609611727357763,20.45029101283673,3.6618922722216736,24.587130940418582
2,1356,0,4.499998920629476,14.397803660262044,14.749512577557125,20.249910823821647,3.690700901189243,24.690543438794748
2,1359,0,4.499999885421401,14.854822378173834,14.569847022833109,19.692505581088955,4.2165993656052425,24.294041122447396
2,1361,0,4.499999922834669,14.196164894718793,14.633035808953853,20.09817348626087,4.327189835769806,24.712389595333008
2,1363,0,4.499999600676664,14.413569829720103,14.00932316011056,19.48766764382798,4.525667965986673,8.56205759879311
2,1364,0,4.499999902609284,14.82956172250771,14.884307425037811,19.69138689584324,4.5539243340841855,9.202113054643299
2,1365,0,4.500000349799073,14.140533478565649,14.35785748338003,20.458608995213364,3.6489277281636903,23.910684794207135
2,1367,0,4.499999122503214,14.490980194667644,14.661486554082854,20.284279881596643,3.8074920063495163,7.917495959082665
2,1368,0,4.500001129168701,14.458743544637008,14.746691489241652,19.99238003782477,3.9457186577119874,24.866227229329226
2,1369,0,4.500000233891237,14.212233635905328,14.32236561489531,20.442744641920385,4.101778393521817,8.490575681771325
2,1374,0,4.500000259940677,14.070509834482975,14.707416105888779,20.124221410629687,4.22402682190203,8.269152338634658
2,1375,0,4.500001100163074,14.70881099560474,14.494844296649347,20.043025476386056,3.9645402891968216,24.68250512319512
2,1378,0,4.500001677131642,14.340459392242153,14.701438500300632,20.103599149270377,3.8526725043193375,24.851867870094928
2,1379,0,4.500000923107645,14.423282792404208,14.587376084688225,20.164085542033092,4.1351774783938655,7.7403016409278464
2,1380,0,4.50000006794069,14.450232795129043,14.796216668214118,20.4021744562053,4.368281793076248,8.157892158528096
2,1381,0,4.500000014171376,14.324060909434898,14.522288370121949,19.938842332061192,4.045083325507783,24.888718318154233
2,1383,0,4.499998650967525,14.602527458245143,14.56324187336166,19.943937727873312,2.773277677269196,10.112827344781905
2,1384,0,4.500001328052043,14.727963979733687,14.76091506757962,20.266059331234402,3.9270290221483615,24.32591060217314
2,1386,0,4.500000662489233,14.296328591247162,14.806143727472177,20.29447876848308,3.5671240463410223,8.192075616431293
2,1387,0,4.50000087884222,14.478625006294582,14.663741711243032,19.841279629040233,4.536922573967122,24.79274564800373
2,1388,0,4.499999834373889,14.400018601599015,14.859851277540693,20.091235121617935,4.59451781151405,24.54474100586055
2,1389,0,4.499999603498618,14.369388881441068,14.610373677195744,20.150791589369454,3.570861413466653,8.065940979829662
2,1392,0,4.499999429852414,14.522126773372399,14.731687654540472,20.05601449124686,4.275797391949283,7.86161222116835
2,1393,0,4.50000079011687,14.149799115471172,14.307222606513212,20.25027424906488,2.932681821008961,22.547959771593924
2,1396,0,4.499999884465413,14.566595915547934,14.939701640911775,20.14047168018476,3.6922387141105872,8.363306201970023
2,1398,0,4.500000395274206,14.259963140505754,14.728038294039443,20.33906285065015,3.694730434968349,24.617335468640974
2,1401,0,4.500001116028748,14.28055716668966,14.61448122733128,19.81492970475702,3.849503579987428,7.840166576890979
2,1403,0,4.50000088313554,14.516550691201381,14.335135637789998,20.083436635970223,3.473046480670346,24.439580241551546
2,1404,0,4.500001067776212,14.456419053844076,14.74366631095275,19.66623275385196,2.4347548541655817,20.03804503532204
2,1407,0,4.499998067906508,14.563075512736775,14.68392737118616,20.197593828359093,4.182980782207506,24.74706376337209
2,1408,0,4.500000105271845,14.764827917237389,14.744677387989242,19.94989069988194,4.036721839897988,8.433171922816594
2,1409,0,4.5000000326005525,14.141150749600527,14.44426298727976,20.354784601252035,4.300863816986261,24.244827326583845
2,1413,0,4.499999084206572,14.232962567465414,14.610268756703052,19.25500660799547,2.811642929989601,22.755595267106585
2,1414,0,4.500000323338919,14.225689694634884,14.731555035508405,20.175337347547405,4.239463429034989,24.764471429402477
2,1415,0,4.499999429925825,14.47580158867519,14.601503928502423,20.096591159244166,3.9176088528201154,7.718850209913221
2,1416,0,4.499998608310985,14.48563901909325,14.825130138782356,20.12276829596796,3.836407939221843,24.69297160294751
2,1420,0,4.5000004215433655,14.40103455284203,14.692680203191708,19.82765537928137,4.550058062802592,24.797210115645157
2,1422,0,4.5000002372367005,14.191717750648845,14.831813773296515,19.906751249514695,4.55868785184808,8.158304698157679
2,1423,0,4.50000063781894,14.61117304806109,14.681662990670219,20.314649374641387,3.4805097223807078,24.353393869419776
2,1424,0,4.499999983843776,14.73066693370448,14.991921946609109,20.0514253197817,4.214047332049373,8.82668569577185
2,1426,0,4.500000614634842,14.379011097716827,14.704030366369398,19.77179150531226,4.500470906098813,24.836588435690068
2,1428,0,4.499999025180757,14.435199756803003,14.74753280707457,20.171250596760355,3.643098375363765,8.027045947438364
2,1429,0,4.499999464559701,14.256478577787751,14.36974037632153,19.924475618166202,4.532669950097323,24.428244190395553
2,1433,0,4.499999070871905,14.1234176366628,14.402630235153483,19.660836838575495,2.9372518226839825,10.317333850962022
2,1434,0,4.499999394393003,14.27806285119757,14.895131414697918,20.32765152918896,4.311517413975084,8.080319667563426
2,1435,0,4.499999841287993,14.415932685407455,14.66692726074988,20.066476642939804,4.0374231162849386,24.913681243149142
2,1440,0,4.500000213519198,14.593776263243882,14.891490295806769,20.323828762153656,4.230143288584698,8.276476748987882
2,1443,0,4.50000083255056,14.478338884924426,14.143502087021613,19.993912614027213,2.5535202163503565,12.427410853590022
2,1444,0,4.5000012187849165,14.502532824628423,14.75880318268845,19.64804418328859,3.223358802667067,8.686310595948363
2,1446,0,4.499998579664197,14.284725484064474,14.798103081634075,20.010528223341446,3.9222432537580323,24.85475895762933
2,1447,0,4.499999943320034,14.539181555276473,14.657073854832095,20.254006636833743,4.1838292985385275,7.890967051251916
2,1449,0,4.5000003645811155,14.250029132177254,14.51052675440227,20.265222721790813,3.7886963488269223,8.114583290052991
2,1453,0,4.500000305825385,14.373763910890823,14.683010096810916,20.06368128906583,4.5823953751046345,8.059236760144177
2,1455,0,4.499998828543199,14.521526706746915,14.595250374566694,19.881654820365345,4.371164335374226,24.879765188469527
2,1458,0,4.500000531981341,14.35652040034683,14.96695072094795,20.48186821415351,3.3621894896759965,24.255744390482427
2,1459,0,4.499998927530204,14.39398842537744,14.684745409409384,20.016769099213263,4.398164590992672,7.844578937830494
2,1460,1,4.499999234671688,14.511081821351201,14.988140445815233,20.106614669545294,4.558360123887125,8.471169611202086
2,1461,0,4.499998829364577,14.32543289283874,14.61845546087484,20.165523975214427,3.31437762416847,24.34668744467318
2,1464,0,4.499999551823588,14.57113803084296,14.896166804652005,19.528218557623717,3.1829298464949902,23.874467658869776
2,1466,0,4.499999606002387,14.340583610437028,14.73194474764576,20.076146590979313,3.9825563387889193,7.776613849774677
2,1467,0,4.4999995443000085,14.47495173627694,14.526564205475474,20.151055987246902,4.317133874324297,24.820232751514993
2,1468,0,4.49999894058037,14.403670431319838,14.729157347622577,20.211682040565833,4.104608796954171,24.828756638626587
2,1469,0,4.4999992292027935,14.30515758387976,14.19648891989631,19.70264145565877,3.6132028418127122,8.55302540998958
2,1473,0,4.500000216168534,14.21831373457272,14.673774976896661,20.030875721795905,3.654125632464674,8.084737778153805
2,1475,0,4.500001283469167,14.496450405362415,14.371243837223371,19.492692075984966,3.7218561266651906,24.71046084239066
2,1476,0,4.499999617686983,14.721628186189882,14.982762321142367,19.75400298802097,2.557257022401083,19.753731587619225
2,1477,0,4.5000005897385,14.273785931186113,14.160129172954916,20.133849424135146,4.2080202082940765,8.60045651808851
2,1480,0,4.499999187025152,14.540623868870247,14.699773692597523,19.80852907205522,4.19379297817229,7.734894251733767
2,1483,1,4.500000747908123,14.723494838184036,14.68078023883802,20.282520098611915,2.44587643959757,14.492913852506518
2,1486,0,4.5000007938519655,14.26473570109121,14.750500215100702,20.216272786147755,4.034357954938729,24.799898169703155
2,1487,0,4.49999937076506,14.69900436676143,14.419378655228213,19.983778203937508,4.509853433778687,8.305765569579489
2,1490,0,4.500001524092831,14.386439932230097,14.796286255607951,20.153583345584266,3.974466302980642,7.818190299764957
2,1491,0,4.500000107942674,14.41265307780217,14.54176779202858,20.109104002219837,4.097402961453498,24.88665699894542
2,1492,0,4.500000133034011,14.452636136890435,14.82596030972699,19.965411109642925,4.206160060085241,24.805427047072563
2,1493,0,4.499999182007411,14.249711754279643,14.66891126534648,20.405537367561486,3.941655205978827,8.070471645390647
2,1497,0,4.500000891582652,14.202363280763544,14.577518306630743,20.276825404296225,4.476429941590421,24.496073408518377
2,1498,0,4.500000064974819,14.304982388335345,14.77643883803178,19.82041213881924,3.236992528492711,24.2615008080478
2,1499,0,4.499999637866515,14.438526874021505,14.418641808861322,20.255201241989223,4.338126696610617,8.029644970827256
2,1501,0,4.500000527595173,14.37549022879898,14.639362423977255,20.10317141368002,3.8940609291699877,24.877424734522883
2,1503,0,4.4999993248866,14.97243419618347,14.609143161974574,19.24978304308969,3.701251728793736,9.60670253774467
2,1504,0,4.499998885187547,14.61323301774328,14.715966434803677,20.098917811077598,3.573847372609532,24.494150377734407
2,1505,0,4.500000811050621,14.045603405408881,14.568828042219424,20.175087024765197,4.494298428191767,8.595400169389137
2,1506,0,4.500000663240638,14.302513960064182,14.96020841193404,19.29893262873532,3.8738408956656114,7.7203046969289915
2,1509,0,4.500001031787436,14.168955178440637,14.486002454760932,19.838512507550217,3.1965218175340895,9.038081560072037
2,1511,0,4.499999434963425,14.56911798499906,14.331331465070608,19.889586568523892,3.624174933500832,24.60983643409761
2,1512,0,4.500000183125092,14.62807690192096,14.896191509030771,20.385165235919985,3.8675121716908256,8.368011997340396
2,1513,0,4.5000012261595375,14.272100494015517,14.686449414240487,19.949836978723564,4.1397831719223745,24.911209406979246
2,1514,0,4.500000779584269,14.107378202908443,14.709051546364725,20.45079049266335,2.9022588974925307,23.01764472836173
2,1518,0,4.49999981616064,14.175816440039169,14.877941973763972,20.05600672831875,4.332944744979182,24.66850794126192
2,1519,0,4.499998600293784,14.588817547157594,14.5989228602451,20.139443400344366,4.045223990486791,7.851553902370274
2,1521,0,4.500000553285504,14.039241883928376,14.507687238417219,20.423942942771262,3.4409610319269106,9.084728092048671
2,1522,0,4.499999447301508,14.36464302373103,14.814105065616243,19.913700624969607,4.138676568049836,7.753351682270928
2,1523,0,4.499998175658929,14.387880370657959,14.490106151131997,20.192856515564102,3.842957226404211,24.76874255267837
2,1525,0,4.499997995044809,14.331806689385049,14.581844066510234,19.878615178835503,4.209163142685944,7.7326040633692195
2,1530,0,4.500000027303187,14.353251561284555,14.874028971224131,20.422170984795688,4.281880389320256,24.639696654183012
2,1531,0,4.499999158268195,14.484519445469916,14.596682637985369,19.751930601273596,2.8608130762827413,9.56702852388818
2,1532,0,4.499999302893485,14.41440032536579,14.805143531349055,20.020179970418678,3.6285649003880227,8.020152330044233
2,1538,0,4.499999988273937,14.36229547175968,14.718337038283263,20.03177570376698,4.333090136384515,24.864404131002082
2,1539,0,4.5000002018280725,14.42200973390097,14.534427063336384,20.237899095650253,2.7036084620564953,10.278331968519172
2,1540,0,4.499999569967014,14.45751609359573,14.758911169091794,20.40509747860355,3.616265861039468,8.208991231516706
2,1545,0,4.500000579606146,14.092299888442117,14.37605372333762,20.056754791267412,3.3732041353179856,9.12698252919406
2,1547,0,4.500001096368049,14.484001599454642,14.672861939657157,19.822191595649723,3.8051390800852287,24.879197818418604
2,1548,0,4.499999731870414,14.387963746680379,14.991001094190718,19.987841186812258,3.9146793106416897,24.604734348866543
2,1549,0,4.500001464377947,14.374775059373935,14.616449167283832,20.227914833779096,4.217961427369787,7.82865201872476
2,1552,0,4.499999447292804,14.713284007346626,14.827411163937354,20.105616328485233,3.7753783267647645,8.512944632635222
2,1553,0,4.50000049677475,14.277139178461569,14.583402613225827,20.16102523407112,4.1278975013577615,24.806981770882608
2,1557,0,4.500001111350197,14.242711910821853,14.68240110471923,19.967882553345746,2.9823547988924264,23.658310709531314
2,1558,0,4.4999990735035285,14.198375571827151,14.697722346763058,20.384180903116324,4.356827273974382,24.549149414775627
2,1559,0,4.500000438998359,14.539308002195387,14.559408019349581,19.945803278667,4.064682809976383,7.689039591367976
2,1560,0,4.49999923152776,14.489937367418406,14.887184124993613,20.242380228141165,3.6498913457625144,24.47889673543942
2,1562,0,4.500000852377047,14.268147678221878,14.792197432013824,20.289905259600616,3.8916544837023688,8.015253753493369
2,1564,0,4.499999576029561,14.497804018942631,14.753165031577641,19.151660427558866,4.115386332366967,24.956598851204475
2,1566,0,4.499999193954517,14.207776043255167,14.752123969943636,20.097195477116337,4.475885104574882,8.086348578753729
2,1567,0,4.500001015201779,14.76902782815789,14.635070280318027,20.17504257113183,3.589192401126932,24.216858682202734
2,1570,0,4.499999621614992,14.360367148519352,14.823092444250458,20.172254010762433,3.311088608104506,24.30726474401237
2,1571,0,4.500000321110526,14.427827030531555,14.652144046338588,20.09532359602985,4.420914219395519,7.900849175621861
2,1573,0,4.50000173542262,14.339474805109115,14.645926039618367,20.285349358127213,3.792586484897557,24.745351820300357
2,1578,0,4.500001590232527,14.308135230042813,14.706660949572179,19.948685707075906,3.8886583526788483,7.793001419849912
2,1579,0,4.500000539926373,14.496031196053453,14.478717877491041,20.36258390825574,4.116820300508919,24.71628554477477
2,1580,0,4.500001361779905,14.402868315693588,14.791453896877135,20.138544930391316,4.227185286792805,24.80271064760671
2,1581,0,4.499998914966427,14.38559846857079,14.455692405622601,20.04844098071403,3.9877785512717008,7.776910559965206
2,1584,0,4.50000069221234,14.569105193896386,14.865118028212953,20.193506546927136,4.189813830818021,8.132820866001175
2,1585,0,4.4999994782513015,14.176820386016741,14.604234202750067,19.942823894360785,3.8357382376439686,24.707436748941753
2,1587,0,4.500000068075802,14.408547903231884,14.100580406134602,19.34099898382667,2.480117664058401,15.788256431353904
2,1588,0,4.500000200255783,14.544698582228284,14.707294531444107,20.031619466193142,2.5259996194476586,11.820157435612792
2,1590,0,4.49999917572896,14.291265649798566,14.777191386576119,19.911476173184653,4.049180409499918,24.911742205588304
2,1593,0,4.49999977334833,14.306185938650833,14.540446300941055,20.427129306227155,3.6912017877107615,8.163999974068933
2,1595,0,4.500001827224216,14.564530519535072,14.538886621186412,20.286502259841857,3.7107310812992402,24.655885473073234
2,1597,0,4.499999337314951,14.291515267837408,14.633120570446597,19.721468215335626,4.185421996902928,7.755700840874436
2,1598,0,4.500000041920018,14.09814429266232,14.73308079319699,20.264918268183667,3.659105195730378,8.382852194571743
2,1600,0,4.500000801644496,14.867418897984503,14.806864393624473,20.34032306235633,3.0857807565046262,22.468302980744312
2,1603,0,4.499998834390739,14.42157712054019,14.62173254347437,19.938881348258757,4.287390449371593,24.93102776835554
2,1604,0,4.500000106467617,14.436718585642653,14.78822052313331,20.098671676302388,4.10394490588471,24.82283471310295
2,1605,0,4.499999118005196,14.311155970693077,14.631227386697946,20.17983440753054,3.699345769067166,7.976496400925242
2,1610,0,4.499999704129605,14.281446636108369,14.821785335256648,20.035710601184093,3.462116325161304,24.52210920310484
2,1611,0,4.500000161699083,14.458661114877211,14.526228715954094,20.121876088915002,4.565589536681203,8.104275892621995
2,1612,0,4.499999577413747,14.400832036031062,14.718551633241505,20.34839998888032,4.46331966051426,8.114070192483219
2,1613,0,4.499999445264317,14.369245909476101,14.541088856579396,19.917854670975967,3.296174507958577,24.361894041039918
2,1615,0,4.499999817918436,14.85979339729589,14.664409222340351,19.845367006725407,3.998565270139628,8.695838194327884
2,1617,0,4.500001255935269,14.171955714855264,14.6903520858311,19.73945140928931,3.7833760776948613,8.06861461070984
2,1619,0,4.499999532351031,14.4158974340489,14.43248694989883,20.049540256749484,3.6236305665030057,24.66558924820327
2,1622,0,4.500000461290287,14.166655174680029,14.994872903426199,19.910740449241864,3.277816234561317,8.747717437231792
2,1623,0,4.500001285650714,14.487760522696775,14.641982611501929,20.173203011321384,4.3138818237917835,24.809283893246814
2,1624,0,4.50000028956576,14.47061322880203,14.71389888698794,20.05635933556278,4.2359129586587905,7.767834794377233
2,1625,0,4.5000013886345265,14.217851188914171,14.520881012164537,20.318486304271214,4.045353451247365,24.59523800270602
2,1631,0,4.500000223006517,14.742633144922468,14.388563963927757,19.739777918371278,4.170826671047829,8.206744530269262
2,1635,0,4.500000922748007,14.417332199137077,14.442631844593244,20.30028418314184,4.01829435711854,24.720858623625496
2,1636,0,4.499998461993653,14.442874746065085,14.737439312613857,20.238993018601654,3.835790405471231,24.753981410886425
2,1637,0,4.499999133866672,14.318798057157503,14.562183516426805,20.004689595759338,4.08018293963576,7.772618743405403
2,1642,0,4.499999666332076,14.307674838522583,14.880217765871596,20.2499937624124,4.55754701355306,24.487708410575046
2,1643,0,4.4999989225042,14.48496793978802,14.575339505899716,20.03223558665114,3.588703870201863,8.040787077625673
2,1644,0,4.499999630633714,14.401645200217837,14.80038155988103,19.88255585225137,3.612935525972631,8.003888247306989
2,1648,0,4.500000776620446,14.496881761633622,14.692762263255998,20.031448596873304,3.902109721906619,24.85225218384572
2,1654,0,4.499999005056141,14.251395567052835,14.757692828727171,20.167176576477857,4.436237292491732,8.037440565588224
2,1655,0,4.499999651433925,14.55215717717713,14.464814985518343,20.10948684348987,3.3802450316498405,24.407225594827025
2,1656,0,4.499999691724309,14.537261107389986,14.839106407013583,20.149762869197286,4.002950950305756,7.9487548886444195
2,1657,0,4.499999787178941,14.29227792802465,14.66759507355241,20.08331632577789,4.293400110950732,24.842749152916937
2,1661,0,4.499999278641769,14.302723103964011,14.115499772270644,20.2779188711968,3.187882873407384,23.20652976704725
2,1663,0,4.5000012118242045,14.579221826963845,14.660687508360448,20.214374481508415,3.9860146945390396,7.902014386002559
2,1664,0,4.499998672182654,14.744488770075675,14.713066792996264,19.979138779078593,4.137658997078823,24.46953910965587
2,1665,0,4.500001051509418,14.098476843955119,14.524317183532913,20.210591236034094,3.7824076453534876,8.414699441898918
2,1667,0,4.500000462171549,14.4434545139299,14.658629095999585,20.467370478115736,3.2929548202304026,24.210270327668212
2,1671,0,4.499999911855661,14.472290896410023,14.528593929088927,19.79353547628564,4.221933131491239,24.953606201214825
2,1672,0,4.499999511622945,14.498632879087175,14.799578027634938,20.488872669321594,4.376083191516722,8.237501493247589
2,1673,1,4.49999864517373,14.203112012657332,14.646992751171828,19.78458701407497,2.881998909498034,23.26582087085255
2,1675,0,4.500001103459245,14.753764815000027,14.238094584058397,20.120637412421196,3.845775682621058,8.50142003824724
2,1676,0,4.4999992178151444,14.396612532289332,14.860503633954382,19.637260408810363,3.6296328230947585,7.9945395474704135
2,1682,0,4.49999875867074,14.376321061429014,14.74683181883126,20.093834697070772,3.548811237449828,8.091603812781326
2,1683,0,4.499999776575893,14.410335962314981,14.3867305587667,20.16699406234084,4.5853678940487805,24.50517892068889
2,1684,0,4.500000554843827,14.435224857310908,14.713522001638728,20.275396547679616,4.488023763799695,24.652404358234264
2,1685,0,4.500000721817448,14.235205677490386,14.514887600190198,19.85175723147158,3.563335566352323,8.199131326451884
2,1688,0,4.500000127048249,14.78851224361915,14.96114556392482,20.418702702786376,2.7560331705416963,11.898937924059659
2,1691,0,4.5000004136055916,14.422066503188027,14.63976876940253,19.976646069640097,4.143190735259771,7.658147494983915
2,1692,0,4.500000517874314,14.451455085897022,14.887867385446933,20.03215384224935,4.374445448163145,8.051685378988356
2,1693,0,4.499998927684681,14.359550971007348,14.686899868686277,20.124846393908342,4.068826151893159,24.88991493142376
2,1696,0,4.500000512690681,14.563501359439318,14.794801558152221,20.15911402571532,3.9190443810762208,24.64390172449356
2,1701,0,4.50000057618894,14.177201419716589,14.023678566220799,20.45461460280384,2.550330228634312,15.088897428808089
2,1702,0,4.499999247962047,14.280807281455035,14.887982510354606,19.938432234522356,4.221484352715694,7.922659096693955
2,1703,0,4.500000990629424,14.518901809328169,14.583338569182727,20.371109375202437,3.9870781405872373,24.725510585780775
2,1704,0,4.499998999396342,14.565949465628623,14.731889308566316,19.85990050938705,3.2555962494691473,8.67036813260259
2,1705,0,4.500001313679392,14.265710747792234,14.575514687949456,20.2742491679711,4.368527004754345,24.651395242876156
2,1711,0,4.499999529740105,14.52657481544109,14.45321876937134,20.08751652667236,3.7913063187429685,7.888917828804072
2,1715,0,4.500001461686739,14.391006424199492,14.67319158948443,20.082336762091384,3.8547111051068637,24.870472149394843
2,1716,0,4.499999129733667,14.500080335612207,14.82230159332927,19.406274315042708,3.634198399299067,24.712621057058847
2,1719,0,4.500000920901325,14.658891670493158,14.477233140854464,20.13831564484678,4.157877516150927,24.72859834732268
2,1722,0,4.4999985184973,14.347529322452065,14.752774074137221,19.841706509055765,4.184422621598516,24.93873151217832
2,1724,0,4.499998964012198,14.401399702649833,14.69337301399574,20.184779125901944,4.058622621440579,7.756841890227385
2,1725,0,4.500000238596855,14.31204315995588,14.459208925592145,19.996419143176656,4.503673539439811,24.65414350075246
2,1728,1,4.49999990948344,14.804705169699758,14.977046898111178,20.393794012410016,3.4581150556050115,9.549249979672084
2,1729,0,4.500000395456746,14.225823213663695,14.624511502577295,19.989221530917277,4.495147825994635,24.69605533322762
2,1731,1,4.499999635293462,14.48608369080595,14.041784356001742,19.830926200005745,4.4286912853208324,8.667654061142414
2,1734,0,4.499999151928236,14.240781964395225,14.868874168455328,20.11523964273665,4.449363297219739,24.62876305002939
2,1735,0,4.499999294340442,14.493450546781666,14.670054607536487,20.186109587903427,3.281590037967824,8.547520960276405
2,1736,0,4.499998206918353,14.526032245476575,14.751481897018934,20.08102113024815,3.9645611535013883,24.777581768946682
2,1737,0,4.500000060067764,14.201612871952873,14.175487101334543,20.159222090314238,4.291817594755861,8.783679653199084
2,1741,0,4.500000652059488,14.309491177330505,14.52975444956222,19.59493700575157,2.8298962629003093,9.873708152157825
2,1742,0,4.499998731941851,14.25008402233016,14.723221961981494,20.239703374362996,4.107559690365231,7.9611139777964794
2,1743,0,4.500000685438282,14.68498433634964,14.499912333427957,19.747401266383726,3.7091418081544822,24.644054356668896
2,1746,0,4.500000438838168,14.387286965470185,14.747264505675851,20.267254779135715,4.192407927179411,24.780472856481083
2,1747,0,4.500000800660845,14.419292890918593,14.631198773535505,19.273532108726336,4.0297089793551555,7.7316387260772075
2,1748,0,4.4999996368014035,14.461740481178422,14.909779443926382,20.004634880933253,3.9510556623615036,7.904090870340582
2,1749,0,4.5000015013875965,14.256254132334783,14.611754194864023,20.252778373523938,4.16748112786284,24.746819200076125
2,1750,0,4.499999512156567,14.147385532088332,14.776074804317357,19.773334131556968,3.42220350019304,24.39587868533966
2,1755,0,4.499999932528864,14.435627583676984,14.565659966550129,20.23543644643215,3.8206589661925587,24.787399238398848
2,1757,0,4.499998293679287,14.371502810651961,14.586921784360518,19.95410181813333,4.28677998839078,7.747283617967678
2,1759,0,4.499999551526701,14.967592863440766,14.509908801732022,20.049088321525236,4.39204020496039,23.790708266160046
2,1761,0,4.4999994235811345,14.097922236050845,14.494465284073163,20.433636990244462,3.6867063484260107,24.093626621393263
2,1766,0,4.5000016964895,14.307416392632401,14.70758613340235,20.177521183010967,3.5863345111687366,24.64708104734106
2,1767,0,4.499999574076808,14.581168955458667,14.466439515800273,19.904098086376287,4.498401623599575,8.065494838482408
2,1769,0,4.4999997483611915,14.265936579906256,14.642489406478747,20.033102112398744,4.007256324170562,7.852800782702083
2,1772,0,4.499999202749812,14.506207847184152,14.923515725002112,20.03261516156965,2.542143595690912,21.187377944155184
2,1774,0,4.500000866212832,14.159316733471046,14.832204112607442,19.820942410481855,3.8439924351208745,8.080037425483003
2,1776,0,4.499999202731937,14.741854391948694,14.877144833857042,19.988198670977944,2.448977890996222,16.060462674056673
2,1778,0,4.500001613341746,14.368210597781891,14.72937507977465,19.911276788486443,4.005038550797928,24.9408452378077
2,1779,0,4.50000052453811,14.388966360020513,14.592870732801838,20.341704712495236,4.325624800559064,7.969322337463158
2,1780,0,4.500001321937457,14.554340682102051,14.787948548095486,20.208305440448296,4.247162874865995,8.034632936611626
2,1781,0,4.499998994111444,14.340907132147592,14.55809940564368,20.10666532928004,3.975899543357789,24.860200490964466
2,1783,0,4.500000537298076,14.729073356511895,14.56986444667177,19.31858188330438,3.0040610163225834,9.850942494231852
2,1786,0,4.500000578358277,14.349881787481204,14.785085075942238,20.130154760518185,3.8546539967968254,7.861083630620545
2,1788,0,4.499999543824165,14.41099978154359,14.853228687782982,19.93390351216955,4.451871594061777,24.710658920601702
2,1789,0,4.499999345651804,14.340655105122453,14.595742711439916,20.342430637622865,3.3779495845788627,8.422671727666973
2,1792,0,4.50000057005615,14.751023441326748,14.751490249641146,20.34968176287163,4.282384125155143,24.198832088311846
2,1793,0,4.500000763937952,14.062955377614918,14.457662930754783,19.68151261721543,3.2320862732501103,9.461892098080575
2,1795,0,4.499999812003196,14.495527643412538,14.38761097185324,19.92709020588236,4.04801702060221,24.846146835850114
2,1798,0,4.500001914793676,14.255263323964769,14.704206581825767,19.96104066383795,3.634120745259289,8.025789143789346
2,1801,0,4.500001289046299,14.231825948897065,14.641581734005868,20.240814829845284,3.86681745029297,24.71504344040801
2,1804,0,4.499999274050272,14.393922081673532,14.778910233410251,20.291829354214414,2.6142699441163977,10.837544953413332
2,1807,0,4.4999997481341305,14.568809233078904,14.667407678581833,19.899037145356797,4.210184805797664,7.788624615419881
2,1811,0,4.499999156419138,14.401858621194565,14.614860331261156,20.017484062026345,4.139075107400844,24.936425629673543
2,1812,0,4.500000498393377,14.482741414134521,14.783155597688447,20.089208417320904,4.409587449685846,24.716063014479765
2,1813,0,4.499999698779745,14.299505126490759,14.405195378713186,20.17199671822549,4.023594528974662,8.02839992883035
2,1816,0,4.500000673297926,14.659525621834133,14.73705956148428,19.073709817089195,3.8651530783700716,8.115997864584298
2,1818,0,4.499999377821159,14.33188716316468,14.843748554598111,20.069326310086893,3.5879632781312694,24.629336813414334
2,1821,0,4.4999987579697525,14.332333033240689,14.545011651329617,19.78428293731593,3.518331527981371,24.644801368046565
2,1824,0,4.500000962885807,14.646683497935394,14.869055769952954,19.93570533489515,3.270081624643857,23.818127738291352
2,1825,0,4.500000236591858,14.029653506403424,14.618302212180849,20.305538834507825,4.380865281632738,8.579394931517058
2,1827,0,4.4999998476006,14.463325857496697,14.300642765278715,20.38325577850615,4.58625615558717,24.25597084259587
2,1829,0,4.500000294802298,14.175790652116785,14.236238640062679,19.26705823540466,3.4912021020436828,8.933523137632083
2,1831,0,4.5000012778326886,14.47129775698382,14.68571327408306,20.11726522174922,3.7628251289947814,24.78934701036311
2,1832,0,4.499999944931885,14.501139259448358,14.72797165939356,20.146937764510554,3.8932963452084657,7.815687007927664
2,1833,0,4.500001288876983,14.188944770287423,14.316935799672395,20.060323682946446,4.130310615221768,24.30926191874594
2,1837,0,4.4999998289843886,14.384372604642481,14.60315689209095,20.373958790273875,2.369462626016012,18.338779739066844
2,1838,0,4.499999237735826,14.184574927912633,14.716732096236191,19.892958064923977,4.257042128302426,24.812917393066158
2,1839,0,4.499999379434074,14.620398957106353,14.561203281118566,20.307017409568203,3.9353135332320184,8.05192418140043
2,1842,0,4.4999996074354645,14.368277432616384,14.80062135449102,19.732767926169146,4.13662934661207,7.713928860209084
2,1843,0,4.500000794777823,14.398550063635973,14.638008193738811,20.48295150391487,3.8953954450062698,24.66291034255135
2,1844,0,4.499999834500836,14.428043810002162,14.814267309786796,20.164355645365198,4.067086017538414,24.775703872209846
2,1845,0,4.499999792908149,14.253127147552913,14.565560714133827,19.88897739047352,4.486224778363137,7.9943537964743925
2,1846,0,4.499999348116159,14.077646598361547,14.80731042818211,20.479927718775023,2.70789632097,11.012478854484009
2,1849,0,4.500000857044251,14.05570206441756,14.63548058966983,19.728888770053057,3.9013503066889372,24.51042494028968
2,1851,0,4.499999595807017,14.417735582293208,14.609962283357063,20.078509451485157,3.839143943656504,7.75811421709658
2,1852,0,4.500000920399,14.43446941986276,14.81955925496025,19.7037403243515,3.643720800310394,7.995307054584938
2,1855,0,4.500000118603434,14.941627839358556,14.523408699687547,20.19207908753482,4.118422024861746,9.033774387126808
2,1856,0,4.500000560972939,14.665443908268962,14.832268075603597,20.109942895481993,3.995223135921444,8.28130093111674
2,1857,0,4.500000431342268,14.105484808198678,14.682671642377203,20.18506778631995,4.240172200160953,24.56796124890377
2,1858,0,4.4999997788225174,14.301132642599567,14.699511416137117,19.599582632557127,3.103083664637714,23.973797516039717
2,1861,0,4.499999429715539,14.236552302629168,14.082070373503102,19.792165540586108,3.0552799762463208,22.58512598115631
2,1862,0,4.49999902910583,14.297104663211888,14.818706733541154,20.282142221324992,4.096179709556716,24.741927934156898
2,1863,0,4.499998806625551,14.575309217278328,14.54792528005715,19.81255329496384,3.678727151878823,7.968506188186698
2,1864,0,4.499999127879815,14.597434777370882,14.730590163311673,20.369226484330344,3.514649421994425,24.34012609511467
2,1865,0,4.500000992171367,14.258851470844679,14.603124997788647,19.93996666164662,4.470391560118156,7.965416387753443
2,1867,0,4.50000139969821,14.649959504287192,14.590583887468394,19.6902482202132,4.317470310557438,24.772867835856637
2,1870,0,4.4999995745427865,14.175064727550167,14.757631344003647,20.06679965081698,4.471606773782224,8.127606119974935
2,1871,0,4.50000013747326,14.577833772548257,14.45496063582727,20.137348078489474,3.391698805542773,24.394543241050748
2,1873,1,4.500000797256645,14.06844894022122,14.20274815297975,20.383301243948736,3.70058190004801,23.220671536717838
2,1875,0,4.500001702020033,14.39855844127794,14.62815919309,20.213264448847635,3.7614142240768578,7.885588646121242
2,1877,0,4.500000433544246,14.335869440239433,14.666737146692991,19.817866311065153,4.327689685929984,24.925646796745312
2,1879,0,4.500000363343357,14.786772694413981,14.366663332035765,19.982241684781627,4.57677404477894,8.648910542973859
2,1881,0,4.499999702132267,14.178268754441897,14.499396204428306,20.078898953611997,2.4346680091841706,14.267632668319322
2,1882,0,4.5000002677012,14.348429631131085,14.74192721248667,20.32896165667268,4.220424308305074,7.940234162834436
2,1883,0,4.49999936938148,14.483989422236126,14.298825059978997,19.530993924063154,4.000675534299127,24.73636383338362
2,1884,0,4.500000769817313,14.421571343018126,14.706903017065432,20.057991364247883,3.908837299404735,24.87953846015226
2,1885,0,4.499999264684552,14.352740452090194,14.453263290800768,20.328113299396655,4.267233400403324,8.030555343340122
2,1888,0,4.499999632568684,14.72691772610567,14.701049605530386,20.23844058861158,4.3284618225143285,8.435768048187672
2,1889,0,4.499999743262085,14.1756346559072,14.59111783964048,20.024152255145275,3.9917928632412387,24.721144630421527
2,1891,0,4.499998902357193,14.504265081058998,14.679519908800483,19.482837063077337,2.6148583188654593,11.136002048871493
2,1894,0,4.499999627872882,14.266128293780552,14.78022841589172,19.685119920519057,3.782977143938581,24.837281416371525
2,1895,0,4.500000325505941,14.51784197304566,14.511103694107852,20.45264376867949,4.1398847885242365,8.019199854549075
2,1898,0,4.5000000384300405,14.159306572181544,14.779655230002405,20.116717980318267,4.368117529456377,8.12583843487991
2,1902,0,4.500000874880725,14.235494237830071,14.878324793450584,20.20990065852902,3.2883250666196306,8.631386963008104
2,1903,0,4.49999963914314,14.625062921963286,14.622402948682618,19.998257703837464,4.574323900490553,24.602244429915082
2,1906,0,4.500000428606389,14.379654415002632,14.72966950988953,20.14143785768931,3.9080782618287655,24.8470726826134
2,1908,0,4.50000036970015,14.4752320911128,14.734288830409476,19.973233304130996,4.460619435286995,7.96392073910032
2,1909,0,4.499999203145353,14.289885422279674,14.558078888600512,20.410749040474066,3.4456425486771907,24.34013497706583
2,1910,0,4.500000085460124,14.080924039743653,14.949437918817843,19.958967453835722,4.396625789739053,24.484809034465357
2,1912,0,4.500000933830773,14.644591309357475,14.93567726180503,19.815880528920466,2.426211893155835,17.547031088090062
2,1914,0,4.500000407910478,14.315715033714152,14.984589194836705,19.843712996524992,4.062198794624156,7.913714343172035
2,1915,0,4.499999372957952,14.449558531336539,14.616138481082398,20.292867467509485,4.267160654515207,24.77488757002338
2,1916,0,4.499999711539492,14.42627536603426,14.938143196211348,20.124986915369046,4.2273283182641554,24.606128564997263
2,1917,0,4.499999724973849,14.36312831820197,14.682755023994552,20.08063404668289,3.9755815535455623,7.738202301593674
2,1922,0,4.500000155609482,14.340772125654405,14.750165166805932,20.437873901008047,4.078437583018901,24.68423871342941
2,1923,0,4.499999252837184,14.412951835833512,14.403174700485632,19.483857067497407,3.8511676354197943,7.854487779275768
2,1924,0,4.4999979458234165,14.504012109931216,14.738875262732087,19.93242199566636,3.931614711922621,7.727934623759271
2,1925,0,4.499998569849979,14.348707742706658,14.615489109189424,20.193146261514446,4.18301443391996,24.84435628314754
2,1926,0,4.499999579483991,14.062222337320236,14.983806227990133,19.492561624312685,2.6086887847260107,21.560586129287948
2,1930,0,4.499998858386036,14.325618429040391,14.826511536533953,20.06709296735249,4.293758424873211,7.893265489182589
2,1931,0,4.5000006924833835,14.519191833389893,14.580120434099152,20.316125241822515,3.18838198297477,24.080004485562192
2,1932,0,4.500000884983545,14.39181486167607,14.819263726947462,20.45982230141549,3.7014477442409106,24.574731239454763
2,1936,0,4.499999209125145,14.535829897316823,14.70364803041257,20.31042077048374,3.592452102563953,8.226684543610059
2,1938,0,4.499999259985018,14.370412590865037,14.964675669512143,20.32058274811284,3.8858365602539244,24.640613951420853
2,1942,0,4.499999467479077,14.31023794062178,14.741656091754633,20.115735570880986,4.570001892887213,24.65592560974013
2,1943,0,4.4999994037708575,14.68068848957459,14.311598474068353,20.217282082968637,3.4484107371738735,8.661685456830824
2,1944,0,4.500000347050664,14.600023954275757,14.898219522871853,20.04111307747647,3.789108495914731,24.42633441436309
2,1945,0,4.500000004594054,14.32126460921023,14.666446311016868,20.133663640716062,4.1375795914422735,7.8026711040557934
2,1949,0,4.500000076827959,14.344354859343568,14.19068003263231,19.922256955725093,2.771398457311069,10.63534111312326
2,1951,0,4.499998573831448,14.591888285621069,14.632706933459895,19.924541187242596,4.034519768387234,24.847762700484154
2,1954,0,4.500000500147839,14.369007774863844,14.886709087906466,20.00482084084522,3.8934608380227367,24.763817086110535
2,1955,0,4.499999743496636,14.44432476295654,14.620436769020845,20.495535109019094,4.12770717455941,7.996599000048718
2,1956,0,4.499999238195813,14.446595939158604,14.811272138377769,20.16358216852336,4.281346093978357,7.926273655500925
2,1957,0,4.500001813297596,14.309833694375673,14.661890897971519,20.088687298553854,3.9455364185716046,24.87645521574246
2,1959,0,4.499999856588263,14.69455426172906,14.411939251423448,19.300842892951458,2.4931040642096174,14.361871419466926
2,1962,0,4.5000016850733,14.286426328910776,14.779165619433325,20.122620284453795,3.228424625910079,8.627520771649092
2,1963,0,4.4999989344837505,14.473760833523116,14.509373846241175,20.05687679505384,4.417339210045733,24.809459960582537
2,1965,0,4.499998708461389,14.385130529193368,14.586460174272089,20.273097745376884,3.7182272524105944,7.965472093438475
2,1967,1,4.499999292421191,14.939006363559717,14.685494782786977,20.393152663382672,3.5195667566740307,23.248639153806742
2,1969,0,4.500000212780141,14.2838061791231,14.684265021212495,20.303001526753928,3.7863601309872545,24.705985271827984
2,1971,0,4.499999270471524,14.419724108422988,14.227032849696267,20.203262715564854,3.86023740587333,8.224809988031943
2,1973,0,4.500000227337059,14.236815288367586,14.28035264668216,19.62651218638214,4.115800820721441,24.38439902560082
2,1974,0,4.500000933940603,14.187688106291906,14.943684610294078,20.217799104203806,3.7076190789552754,24.578033788090373
2,1976,0,4.500001507071718,14.48665049088339,14.728688508721573,20.22840257997166,4.137217719544967,24.77406180436553
2,1977,0,4.50000164953285,14.226264112229924,14.53486355676016,19.99888361885799,3.9007482998344374,8.00043126247687
2,1979,0,4.499999440851959,14.665532362507781,14.513391349523841,19.25771635279182,2.456235718490851,18.11764827956155
2,1982,0,4.500000858150194,14.22918169557207,14.73896472125064,19.929899322265193,4.06453688936972,7.884385026257792
2,1986,0,4.50000014535949,14.323730196607439,14.862280727873591,20.087831847705374,3.4927125603194313,8.2330362959936
2,1987,0,4.499999597728562,14.414043140788076,14.672763851614624,20.15896763392179,4.4639221509199,24.75629836108382
2,1988,0,4.500000413791932,14.45500922230714,14.969943221410166,20.366700373663306,4.413401052025672,24.47141959853795
2,1989,0,4.499999447756256,14.332839497999586,14.636434954959224,19.948010077122657,3.264843068864918,8.504998341478213
2,1991,0,4.500000137209889,14.62791171445464,14.164427346937396,19.95081721124753,4.012945970550926,24.50832474291574
2,1992,0,4.500000431761201,14.682722070220375,14.972074353789068,20.336430557807024,3.0916930081314073,9.67815675661604
2,1994,0,4.500000863399011,14.308014541713302,14.70014673683988,20.30742118284815,3.9952321417873033,24.776742923150607
2,1995,0,4.500001924255019,14.499540442816262,14.519532627398336,19.85320649184126,4.259515675254039,7.71608417297384
2,1996,0,4.500000957330049,14.393336232906766,14.76371197198916,20.07062500242583,4.102580658166585,7.7455309043602405
2,1997,0,4.499999593569598,14.355271118616777,14.44624497000958,20.14312711053528,3.7501146412736137,24.688001727397435
2,2000,0,4.499999422460941,14.512314546929073,14.8363415002705,20.02673271896389,4.2371712765768965,24.70892553693953
2,2001,0,4.499999535661114,14.030138477038754,14.543796956643586,20.25211794216809,3.9977908144943264,8.530799115449465
2,2003,0,4.500000901606181,14.417855687248078,14.318766365705585,20.4355352302797,2.4435946674939797,19.670668558628492
2,2004,0,4.499998942004574,14.533324505533546,14.724403241613514,20.168577257186108,3.2095791081708485,24.09742503966806
2,2006,0,4.50000096373255,14.25543021550296,14.84772081119676,20.432278860173586,3.8846404809390904,8.088903086460874
2,2007,0,4.499998159766264,14.582077005820793,14.671678742705753,19.674012299779,4.238594775012549,24.846539884004343
2,2009,0,4.499999068724357,14.296096784006696,14.41974943333592,19.89184629948709,3.781028845803533,24.67959923130048
2,2011,0,4.500001769819184,14.512542439966467,14.559365273446554,20.090405865043138,3.545306504133687,8.139354240182222
2,2015,0,4.499999291281701,14.560319610004505,14.610985608660872,20.19963313073684,4.401807985748898,8.040657325424128
2,2016,0,4.4999994629389155,14.828746586589316,14.888330232556612,20.47491269572911,4.283497676566277,23.618757069040186
2,2019,0,4.500001802041619,14.437513986925236,14.563123138979517,19.98005585768139,3.571156264644567,24.71850226416518
2,2020,0,4.499998838798264,14.420312319951764,14.723990368897075,19.858272032453545,3.3120217789366255,24.40244787615235
2,2025,0,4.499999427783562,14.070061074988416,14.379425998053902,20.2156488638923,2.83611853475385,21.94955259573583
2,2026,0,4.499999612699848,14.250721809345322,14.895579285831086,19.67369715746291,4.346552733104072,24.836310701769712
2,2027,0,4.499999751438928,14.440240417172314,14.687333131780655,20.399322581692694,3.9972931533475533,7.902333720468857
2,2028,0,4.500000111393419,14.413419704962847,14.904267545285542,20.289339151983796,3.7456661341185615,8.072694934428796
2,2029,0,4.499999632381465,14.37920604270311,14.611404352425305,20.037098273031663,4.137829314738221,24.926791582693355
2,2032,0,4.500001043670503,14.654999618680398,14.799490468933444,20.206388924992496,4.0584246568366495,24.480151209723765
2,2033,0,4.499999162856671,14.225516426073284,14.504935909865953,20.11553954823162,4.256056639858468,8.046981015529074
2,2037,0,4.499999295358372,14.189285825659088,14.642691627365284,20.43191517529621,3.0617661717172826,9.30800541784403
2,2038,0,4.4999997869035715,14.113929024525689,14.720435871179447,19.77765630892956,4.246335820775382,8.112854714562772
2,2039,0,4.500000642307017,14.452590307335726,14.61657263019634,20.21587873824895,4.0000047936069265,24.843115997860885
2,2040,0,4.499999269005002,14.439552168855856,14.849088059563428,19.996438965203346,3.926470780145947,7.811203080177478
2,2042,0,4.500001393698906,14.238464905752252,14.861899670302913,19.770037700299646,3.5236921438427107,24.57693337148249
2,2046,0,4.499999235241205,14.184483095254503,14.783360568953567,20.145344296818443,4.402229529367426,24.650852252598085
2,2047,0,4.499999066290717,14.846427229715868,14.638257916838727,20.074247650407962,3.43763670843453,9.19738023959524
3,1,0,4.499999196284054,14.136396615166989,14.93139727742127,20.250064184166742,2.485048513245569,13.361987099955126
3,3,0,4.499998949231093,14.313562288007455,14.219235845862185,20.105971557541988,3.1516131123597333,28.06046201990008
3,7,0,4.500000244640469,14.328056264152186,14.927151505253109,20.358124097466604,2.2278085730400226,29.090861163617305
3,9,0,4.500000515425219,14.0990513565121,14.740298082396745,20.3937602800783,3.4457107195102594,27.73704957800696
3,14,0,4.499999537088001,14.17162176531149,14.96725467131875,20.446792938374394,2.5429560825154027,29.053689465344704
3,16,0,4.49999946329518,14.731938121369208,14.97315247485754,20.49485467435674,2.6139930851299726,28.2480129446538
3,19,0,4.499999345122519,14.280315624637934,14.952891466523301,19.984638167525354,1.8051847646589174,28.953748274995533
3,21,0,4.499999644118212,14.146638772721476,14.866412568520959,20.47304412510401,2.699438919183522,13.491681693636785
3,26,0,4.500000304951806,14.186685011727848,14.986436132080778,20.198812767266126,2.5305964834401253,29.091847701251844
3,27,0,4.499999301224044,14.301401966050197,14.854497480903014,20.419290033629323,2.2696372999435583,13.328393087198155
3,29,0,4.499999268937736,14.229961297932437,14.800958992306704,20.111062755218718,2.3694516385358657,29.172886701640444
3,31,0,4.499998983739452,14.70365301850317,14.853288936946418,20.25615159781486,3.6704642229981457,16.63904229338795
3,37,0,4.499999441999349,14.046673309662447,14.850344155612678,19.864013384526952,3.895526510634646,17.070837574910268
3,38,0,4.500000054576286,14.18646078261996,14.99072094424901,20.432245154844445,2.2729834630322516,13.345379941182138
3,39,0,4.500000899077734,14.434617834353757,14.780461805395147,20.224065351057828,2.484049534918217,29.121723968488105
3,41,0,4.500001251919336,14.172617828760377,14.910037713167622,20.281409648719226,2.1802660371602247,29.08129055725309
3,45,0,4.500000747850349,14.246701283491511,14.678756377499045,20.352848116115048,2.621675273203085,29.00274116588932
3,50,0,4.500000623756547,14.22653082502436,14.970191201959215,20.076979010167285,1.8583811710776799,13.532055305389509
3,51,0,4.500000643006629,14.257696599850716,14.833240932601278,20.493394396499887,2.939845265474001,28.790521145933624
3,55,1,4.499999479434666,14.718353727191563,14.730713701198663,19.10764384838472,2.230581839676301,28.958817761910176
3,59,0,4.499998024635283,14.341875821647884,14.923494823943951,20.346176214940105,2.6441014652148134,13.415755743885445
3,65,1,4.5000000493993175,14.064519578915323,14.868131138446564,20.463212616616286,1.900612739040786,28.79722969793871
3,69,0,4.500001303045954,14.116325282187992,14.790778816202998,20.286776309421867,2.471059246198375,28.983811210692693
3,71,0,4.50000065871666,14.315487498272665,14.802437394193147,20.170738963808304,2.815443150468961,13.452040532128866
3,79,0,4.499999572870397,14.478443288978212,14.861327922944916,20.469718726379746,2.6338382729567957,28.93676725599186
3,83,0,4.4999971569091715,14.265721833112726,14.770227565777848,20.376994520702763,2.384690442962078,13.33111131255577
3,84,0,4.49999934959172,14.314895825465412,14.967810363806283,20.473928260886073,2.468208608541228,13.341657150644824
3,85,0,4.5000003865114735,14.129747237326434,14.789659766028588,20.05243420575558,2.2753826788326146,29.106711880244582
3,91,0,4.499999378025472,14.288481637027974,14.92807179903735,20.22955130284868,2.5732608441117275,29.080765614295323
3,93,0,4.499999608052135,14.225812515514631,14.93443603877208,20.40780892113724,1.9835075932176087,13.458992877895415
3,104,0,4.499999946271503,14.456865070086483,14.978466831206916,20.159671759858146,2.1669929377756025,28.9703099338886
3,111,0,4.5000004166346494,14.33367629358874,14.855717644982537,20.332998314809817,2.3597541605706964,29.09515033168688
3,115,0,4.499998493122986,14.254389519503242,14.90103529586824,20.277431389231374,2.16841822366256,13.34255816015083
3,119,0,4.499999600522556,14.50840934598584,14.675790706764829,20.4845535412331,3.1944783166854895,14.232937250598937
3,124,0,4.5000014122982295,14.266942109920404,14.979986363258053,20.40696954115547,2.075123295665753,29.06408907277107
3,125,0,4.499999770992719,14.192486975395436,14.798551182312028,20.149440519094842,3.17155974844641,13.913185854833387
3,131,0,4.499999935673334,14.27452132180645,14.880392758451894,20.140095102595925,3.69677939421477,15.435132442109804
3,139,0,4.499999637319007,14.303949999171882,14.791146564153088,20.383034889635233,2.5156655432970796,29.055600361039332
3,141,0,4.500000719602573,14.239188224635944,14.857013234889243,20.19185551673206,2.20192573857847,13.315449027227128
3,145,0,4.500000970556199,14.060991710769935,14.93828583354378,20.046227444819266,2.2757291806699538,29.045562402891242
3,151,0,4.499999858568469,14.376988123622846,14.922657993656042,20.45935743038275,2.374156403494789,13.358425520553475
3,152,0,4.499998734657773,14.334776760866651,14.965692967727687,20.272139252892234,2.723097147602986,29.002651541481896
3,153,1,4.499999913893925,14.09966796964146,14.777502496037954,20.488448469678072,1.8121738172337496,13.792371991570988
3,157,1,4.500000998287559,14.071770632250047,14.505634204354338,19.991165305671014,3.673819503677147,16.095415047289247
3,159,0,4.50000087619331,14.494291036839616,14.785642287104615,19.846905858701852,2.659550681121894,29.13682568113905
3,165,0,4.499998568743598,14.198429426740962,14.836627279855083,20.277668635876104,2.657101835475587,29.002651541481896
3,167,0,4.499997914621057,14.465064367445091,14.927571649346868,20.005682352278747,2.6343761075524754,13.495540225884131
3,171,0,4.500000880084066,14.353626684912967,14.876703613240934,20.17964820025267,2.3223833810334478,29.126006734814297
3,175,1,4.500000541316014,14.80253110101992,14.584508960572041,20.4515536529578,3.8216384860246055,25.30458682409084
3,176,0,4.499999799259358,14.397813924196717,14.978929004766169,20.2064081627935,2.273071891861233,13.35130791450172
3,183,0,4.4999989205516355,14.424594672535115,14.651606346866872,20.265742360411434,2.056292913512746,13.315447634125594
3,185,0,4.499998589717781,14.132400478714166,14.954093459852263,20.320214866607767,2.9495406262030537,13.66093931421317
3,187,0,4.500001134779057,14.383066372419213,14.675414176724226,19.75031061096339,2.613718406322827,29.274079059365555
3,191,0,4.499999588434109,14.422701330508048,14.908538397727831,20.4988430851758,1.8114032744675828,28.826081241980816
3,194,0,4.499997729498939,14.230296326949876,14.967023016938763,20.300765883319738,2.4194947898471146,13.296302005328055
3,197,0,4.499998848509167,14.182216301022034,14.682773510802157,19.998372649803443,2.6857492403793506,13.33671485355617
3,199,0,4.500001062199455,14.802885675527126,14.483689471080009,20.29003302039754,3.9893833019304514,21.60778260786894
3,203,0,4.5000007457735,14.324512895248965,14.927198474646874,20.06442439979374,1.8802687662534507,13.469582283169053
3,205,0,4.500000871438285,14.241925151805775,14.930610924336488,20.38073710990313,2.696924134096643,29.013425675602946
3,209,0,4.500000238325041,14.109234216880163,14.786001943861272,20.356077392985334,2.564294515060195,13.493361097821499
3,213,0,4.499999406664081,14.036634883632564,14.891627610571204,20.109601224650817,2.0678743880705612,13.584623961200506
3,215,0,4.499999631440855,14.382596118825717,14.866683761712595,20.159517772813285,2.036710968586206,29.06405057316598
3,217,0,4.500001106175657,14.143034219520246,14.875453973628279,20.16766339721432,2.3800332030609366,29.086411951963036
3,219,1,4.499999443712934,14.389845437723983,14.51246553167463,20.172472831157975,4.046141856409034,20.095795772996574
3,220,0,4.499999298164072,14.360048086386985,14.968848460728225,19.324055673848765,3.4774092868493547,14.270368320419738
3,223,0,4.50000130888328,14.616350918815298,14.946665523264441,20.416209565936736,2.2614760135052805,13.793040493898047
3,227,0,4.50000129716613,14.286667744691114,14.949453471811315,20.316927328482393,2.435782642016574,29.105886055347597
3,229,0,4.500000859822318,14.209933386066421,14.901020902367028,20.45389064976879,2.362061618125059,13.341194006307862
3,234,0,4.500000370656292,14.197191529756036,14.986553228749724,20.23553405176937,2.0497724741127583,29.07351735420891
3,237,0,4.500000073821157,14.243007495157032,14.630277900533168,20.34789433586646,2.0324674142098016,28.983611815756127
3,253,0,4.499998530160841,14.176419135914202,14.960862193858702,19.931825730016286,3.2014006837467655,28.60007150681995
3,255,0,4.499999457124384,14.705302700500438,14.829214224158804,20.228656070821632,2.5305480741137307,13.996381846535979
3,259,0,4.499997943587943,14.267349935284425,14.960390485792209,20.367077817199892,2.4874096313889824,13.314158336803864
3,261,0,4.499999461933434,14.204283623327152,14.899274353356367,20.145039294291795,2.2416174380973093,29.125462586626362
3,267,0,4.500000197010246,14.357768836423988,14.847828601605714,20.14107925685789,3.0577456838952846,28.793749851263264
3,268,0,4.500000351618687,14.25211871878843,14.992765264674658,20.34911306614458,2.579857133667424,29.07171302060143
3,279,0,4.499998571680504,14.423743479307433,14.91910661838809,20.019274032771193,2.7392661641723395,13.50506751312195
3,281,0,4.500001303228483,14.139761240620448,14.750073704951745,19.857640801864164,2.252891126924171,13.322268777875767
3,287,0,4.500001254687265,14.409434307126276,14.85845019840222,20.41215227862207,2.397145442948007,29.053903899041664
3,290,0,4.499999199182481,14.229273792270122,14.962631753052367,20.435928729575664,2.5524235448945776,29.066486396614145
3,291,0,4.499997910153363,14.300146526368344,14.756412132216981,20.20867630167931,2.3135254612610665,13.243711646268192
3,295,0,4.49999934897685,14.567952491435069,14.754452790263494,20.49633282877143,3.931880032790229,18.194928689435116
3,301,0,4.50000202859876,14.25102536131245,14.911698216142039,20.23172758940791,2.7393900481562516,13.423750442041985
3,303,0,4.499999646731029,14.577927805100204,14.506810647954701,19.94905315852592,2.686496704198805,29.12813851536231
3,305,0,4.4999996081698646,14.095982186707309,14.613327323875021,20.3029994800508,2.7875042984171703,28.668640526251835
3,307,0,4.49999926145656,14.268166206863333,14.806899349120107,19.14837437055991,2.5194692279486963,12.988432249691623
3,311,0,4.500000195596106,14.352785515537187,14.8730971324475,20.476185754462538,1.8680521971928292,13.545708821342323
3,319,0,4.500001463420268,14.579699887273405,14.937421811772444,20.327748169100136,2.1206547574812977,28.783385428719022
3,323,0,4.499999051259699,14.274676149866545,14.818257883224653,20.144971870055482,1.9938326284711125,29.09086687053118
3,324,0,4.499999689514369,14.354270816005418,14.966815725861398,20.198420378257417,1.8661644158971613,28.934201818788665
3,325,0,4.499999659558217,14.22741259374374,14.891319499722195,20.41131608372741,2.7349228422031113,13.448935252037387
3,333,0,4.50000098856134,14.226792865952808,14.920223010318825,19.879492102377778,2.647956753092526,29.142651267621616
3,339,0,4.500001093890689,14.276217710691231,14.870516015599225,20.10414074523163,4.082071366299566,22.78391227961862
3,343,0,4.499999667631144,14.46801724205052,14.505747688043051,20.361103762784218,2.1920006350602987,29.082193203070723
3,345,0,4.500000982199905,14.18520986039709,14.949523573998107,20.374792512894132,2.5709449923796117,29.055734797650466
3,349,0,4.499999119542513,14.202968527648574,14.517068828019081,20.181695089862515,1.9690416615794994,28.86489047427937
3,351,0,4.499999492976274,14.500211755363694,14.869518134502025,20.207750428494546,1.9164780894130544,13.578095919164788
3,357,0,4.499999280123778,14.171138593591124,14.955059101449963,20.28673386297507,1.913314454224531,13.525050165726235
3,361,0,4.499999869944156,14.017844766671823,14.876836991643158,19.916008632499622,3.308048131376723,28.228976425419766
3,363,0,4.500001525722943,14.321357824089903,14.738461546486366,20.33385704604578,2.4600912474495495,13.308482251672014
3,365,0,4.49999950475079,14.244335754357092,14.90074124026949,20.47616699463289,2.325396235443863,29.08840413406881
3,373,0,4.50000049775688,14.083635685581708,14.376595782808085,20.022113119711143,3.177500803905621,14.65717167505655
3,375,0,4.500001467220481,14.381955106200364,14.89884970102633,20.272698731975098,2.522006962713772,29.064991718588693
3,376,0,4.500000915872049,14.360109479349031,14.980771526348805,20.459686172384053,2.668080605916661,13.474382609354656
3,381,0,4.500000306273823,14.110992339669968,14.650186955862974,20.396754081823723,2.6960237556932594,28.741623510870795
3,393,0,4.49999908000521,14.192630905943915,14.907150456286459,20.292322246953713,2.436966385581101,29.089043068495272
3,395,1,4.500001597895883,14.49302183533645,14.934226459131384,20.12577699845772,3.0752979241379026,14.02526096238386
3,399,0,4.500002243954977,14.433139560199583,14.810910716004045,20.38424186075016,2.234128473021535,13.3970261685432
3,403,0,4.500000913396599,14.26826904981854,14.880971104156105,20.45832317459092,2.274131339443629,29.08755643470991
3,405,0,4.499998832595177,14.191415725083365,14.94684546682766,20.155474264697634,2.4000742341983012,13.307759567092887
3,407,0,4.49999914238835,14.527046370637134,14.683977548382549,20.336248155284117,3.926084791685125,25.68136840746974
3,413,0,4.5000000161442495,14.218608804343228,14.833183953059338,20.43786758226997,2.718151170935845,28.94035842181286
3,417,0,4.499999693578136,14.044104390463447,14.894419213656809,20.302100049649905,2.161524083733615,13.55289407732856
3,421,0,4.499999210309755,14.112337385114571,14.868183473181857,20.44566089996501,2.735708634247929,13.544287051627194
3,426,0,4.500000427319712,14.086551917865888,14.977691295980856,20.243358865888712,2.9289691125089075,28.79488499291527
3,429,0,4.500000626944268,14.240985957517756,14.48449481374524,19.779734464258723,3.9418203590402126,25.522343637812
3,431,0,4.500001169659686,14.551011371206636,14.833649426019004,20.159729848072693,2.5546605164796956,13.563202893782275
3,435,0,4.500000347356939,14.266883080569194,14.678358743124711,20.279871666261897,2.549450529905391,29.081783491493923
3,436,0,4.499998787549693,14.336655662053868,14.983302689922265,20.126071606263032,2.3839278939662414,29.097197247096517
3,445,0,4.500000473412925,14.217558568225387,14.932065242018986,20.339640257568703,1.844700318442128,28.9455413771
3,454,0,4.500000787733836,14.1443968275715,14.987736522382908,20.280150738434095,2.3406209956947785,29.10579166508674
3,457,0,4.500000759661729,14.110735327723974,14.897518316496885,20.429310351470463,1.9236700456426958,13.605362081666929
3,461,0,4.500001312205059,14.18611543317867,14.546718432601452,20.165529962075787,2.446146888764388,13.398986961737545
3,463,0,4.500000588602218,14.358649094891346,14.959181459597431,20.107951682312198,2.7587401790230057,28.976173930831486
3,467,0,4.499997513722208,14.262725203304601,14.84238160098538,20.158439616669266,2.625984267107322,13.314293840162449
3,469,0,4.500000849283413,14.161903865504206,14.78367970375389,20.374974229526458,1.941413259958944,28.90125428068577
3,475,0,4.499999071550198,14.309319495078707,14.925427177708865,20.4148709148647,2.4042838450045085,29.092711267456266
3,477,0,4.500001327878219,14.21237456301937,14.870460366499096,20.06895214545536,2.177367963469795,13.307229579865268
3,481,0,4.500000803664623,14.015214648511952,14.918255121862428,20.489534519715427,2.4470962616205867,28.897685132720163
3,487,0,4.4999974320630285,14.318672674263723,14.94243168890745,20.31925410327533,2.3308876069618583,13.300352050156885
3,488,0,4.499999964597609,14.327675804123906,14.996477441036777,20.370817322742443,2.0912948866764025,29.04385433871294
3,489,0,4.500000324836904,14.021557304026127,14.653443451415399,20.31915807708097,3.0510430686978847,14.238379406362203
3,494,0,4.499998889614382,14.096752383414477,14.965130673158686,20.217921749429603,3.181677485707443,14.050322204834615
3,496,0,4.499999125193151,14.67312973073424,14.992169555358517,20.331488217084427,2.791154861068829,14.25365387447458
3,501,0,4.499999845041753,14.141895096653439,14.8271369586148,20.213507890156222,3.0862669937651663,28.632835629476816
3,503,0,4.499999519426173,14.843860190745556,14.018485811563146,19.578886539292178,2.7753799308114493,13.866247245560135
3,507,0,4.500000792070387,14.295805341371569,14.874865849421052,20.254202863043094,2.216326687854653,29.104400850881717
3,511,0,4.5000008098532565,14.849027852309142,14.852313528047524,20.38139008206734,3.0171099675607107,27.5670954332097
3,517,0,4.500000924010609,14.198986435845391,14.919808562865962,20.272496103031468,2.4970822266935104,13.322032587530547
3,519,0,4.499999520967437,14.430044135741172,14.72916518986643,20.067543928814658,3.059545863079072,28.853337278713468
3,524,0,4.49999859965105,14.25160857991967,14.97075016100563,20.051541348433037,2.1075790235671428,13.35406356024135
3,527,1,4.49999992011186,14.989701806570952,14.895923590182896,20.354902275919702,2.619684834409076,16.231811698399216
3,530,0,4.4999998364249985,14.224907553322705,14.977821785364638,19.89168325962691,1.9222885853561882,13.432122827282544
3,535,0,4.499999441095344,14.418638153862501,14.876113651057862,20.31284784368317,2.0182612099713095,28.98813976947381
3,536,0,4.500000743068948,14.396112986522319,14.987494445750693,20.42289562036602,2.136328930755477,13.394785883925351
3,537,0,4.499999481854712,14.145835318424044,14.853935116562926,20.346444059663305,2.4842717721986824,29.011255484594606
3,539,0,4.500000941862424,14.352276511345105,14.895524526486488,19.791965861982046,3.552222608149111,14.76422081877967
3,547,0,4.500000094339692,14.29618488663093,14.577141976089782,20.07956812416024,2.439285828433822,29.17353967946596
3,548,0,4.499999966266816,14.27653334061332,14.981228146180442,20.32521706316675,2.4410298568645796,29.104413654368493
3,549,0,4.500000397488414,14.137402984772079,14.759115611162231,20.369366471803858,2.173349293796952,13.486365770971322
3,555,0,4.500002613551773,14.29003696404765,14.917904552589357,20.37123774508841,2.5359496505579795,13.3366820061865
3,557,0,4.50000085475894,14.249723857235066,14.94810775046456,20.224085664796313,2.0348280119481164,29.06817493373388
3,559,0,4.500001040485657,14.615986875828865,14.66325057777966,20.212314679145962,2.0130548683715572,13.57935494935679
3,561,0,4.5000002320184,14.088447942618426,14.83286394985707,20.102803615729083,1.8703173739257117,13.657117516681033
3,563,0,4.4999995881876655,14.263281149106946,14.953358071517219,20.328923364084098,2.173242246662488,29.101801743066417
3,567,0,4.500000450883929,14.33937168770843,14.856703253421765,20.414602637501737,2.7718559600893453,28.95454884166874
3,569,0,4.500000679957766,14.076052763064045,14.926008494361678,20.44864726225123,2.1413771073425703,28.98359093193764
3,573,1,4.499999661190629,14.08660209626087,14.005569274323141,20.160817672660375,3.5296221582483414,24.00304636131287
3,575,0,4.5000014516290845,14.587833915926167,14.901456736489374,19.931808098955752,2.601245223163753,13.66198513799672
3,579,0,4.50000278315468,14.27631151119854,14.861796914850938,20.29320391003948,2.792762472736538,13.491005275686536
3,581,0,4.49999920545487,14.226033903822733,14.822667461107141,20.442335429447336,2.041373157375143,29.005232103622482
3,589,0,4.500001067521617,14.225943074627187,14.840665434016653,20.30293248313351,2.079411600480509,13.414872230821643
3,593,0,4.500000556033257,14.008732349184909,14.772200845316863,20.24396709567258,2.308587806687722,28.825134300589653
3,598,0,4.499998763838765,14.163547596298873,14.966904306149555,20.167969204130685,2.252080010151412,29.11183967669791
3,605,0,4.499999384488535,14.195414242556579,14.731103248943938,19.822571037748425,2.727611830879227,13.294573843056568
3,607,0,4.5000006709343054,14.491778225125184,14.937781654602164,20.230114739513088,2.7332074222920633,28.866582485782068
3,613,0,4.500000273521714,14.177677963601962,14.880154240269675,19.992682154119425,2.734922024295572,29.061521973672704
3,619,0,4.500000250467873,14.315612530737171,14.821194972163816,19.926231327099792,2.2629983264126268,29.240476308324936
3,621,0,4.500001500825552,14.245123483907106,14.8270118148927,20.416119708659767,2.3829238959742263,13.344145568531676
3,625,0,4.5000013003054296,14.12395060418807,14.905265624950705,20.36697989504188,2.5177289918694554,29.016408888021488
3,631,0,4.5000012428149505,14.38822095843207,14.949739329042668,20.112857798573398,2.2224850283956075,13.33967813600411
3,633,0,4.500000854673011,14.130777808027581,14.679070277651675,20.16969008685523,3.085632049037379,13.893321424908411
3,635,0,4.500000855825437,14.817115432512647,14.500018028686522,19.517266413152466,2.5192753716437197,28.861765586001688
3,638,0,4.499999281088084,14.053219921791815,14.982489287038664,20.338257532447905,2.637093149162179,13.493420636626112
3,647,0,4.499998654110402,14.42305197410546,14.935097280696699,20.194339188392103,3.1942411185896606,14.100173050482969
3,649,0,4.499999386580812,14.167997435156142,14.798764489881119,20.276543039772516,2.2369696734183306,13.391393274281743
3,653,0,4.4999993775161835,14.226733986146478,14.895214719803361,20.409189634865946,3.0362438610150404,13.767255190482174
3,661,0,4.499999887150666,14.191521619651766,14.926605040722446,20.30299052822702,2.333451911681312,29.10606530416245
3,666,0,4.499999507711119,14.20566763854846,14.965841544820876,20.378352332456814,1.9075010098795442,13.514327523458508
3,667,0,4.500000698601513,14.320790103530475,14.770346652813782,20.30553240873516,3.007296003238544,28.80312840532585
3,673,0,4.500000312062834,14.071470745365465,14.845142118919016,20.231851782652228,2.5495829550558082,28.941274612289995
3,675,0,4.499999339289244,14.369138383441843,14.68046164352712,19.926828058629955,3.163598059307911,13.781585868700628
3,678,0,4.499998628238525,14.134505359669857,14.97868922326977,20.29619226762752,3.001500784804797,28.763693666059282
3,679,0,4.500000172898783,14.353524158605447,14.817861617786306,20.369138277158928,1.9792088233155891,13.45765267344013
3,681,0,4.5000001653047965,14.087699009152043,14.877500574909266,20.423702186648832,2.435370374529085,13.467539398263135
3,687,0,4.4999992034968885,14.521724508647774,14.894540625833883,20.092080967107673,2.19645278668663,28.980277448342832
3,691,0,4.499998855052888,14.265179500790229,14.798126572936738,19.87937484707735,2.1323260324674895,13.220550607299021
3,693,0,4.500000273976952,14.17634709632286,14.715152302323983,20.49111423795841,2.5691868900605783,28.8869951261033
3,696,0,4.499999920749539,14.913050108318124,14.981319059255389,19.104069415128535,3.3207489105553285,26.30913791224887
3,699,0,4.499999406267228,14.310351969569243,14.953884672799813,20.44387538055593,1.868978263411278,28.94271242316342
3,701,0,4.500001057854684,14.217461528723161,14.898056775121043,19.97666353632473,2.8654727930499266,13.456936805309542
3,704,0,4.499999441881375,14.427042950959871,14.968284415269984,20.366550726062123,2.3155660838821843,29.018796738304992
3,719,0,4.500000004700478,14.371348469378834,14.917683022083848,20.34812674461841,1.9589996729039063,13.4547697152653
3,723,0,4.499999872924762,14.2628643785032,14.768881511735296,20.28981446409801,2.1081911476971507,29.086091864793666
3,724,0,4.500000644755813,14.332059888536476,14.988581490214095,20.044610338104302,1.817108905863004,28.90639843450502
3,727,0,4.5000005152645155,14.56552975549467,14.894440807075034,20.42255064693798,2.719709688621636,28.763975342768326
3,733,0,4.500000538341289,14.21362294230794,14.948236845467555,20.18445807052684,2.494420454049912,29.102307480794025
3,735,0,4.499999723496743,14.853049577057027,14.612424879946602,19.859449397359093,3.653724294394535,16.730721460610127
3,737,0,4.500000246607071,14.009293918514704,14.950363860397484,20.44110864268541,2.268966460070955,13.563917531532635
3,741,0,4.500001046195684,14.145691671637245,14.610207076617641,20.330312199510967,3.7771603345775313,16.400469082820596
3,743,0,4.5000005084022385,14.302969815553823,14.92439501712257,20.24160896850247,2.377497381663434,29.114502801947083
3,744,0,4.500000523561664,14.32250576313751,14.980376064298719,20.496425155090208,2.6246697321882646,13.422318216980358
3,751,0,4.499999930586164,14.481043783146905,14.591699795813087,20.44375543120401,2.78684302883563,13.633057573981013
3,755,0,4.500000999105512,14.25314629830866,14.911638005946095,20.359918657952544,3.0849951406185183,28.698639149756218
3,759,0,4.500000993639607,14.82612833798733,14.522617263281543,19.8890775823702,2.0763724059557807,28.737716119725697
3,763,0,4.499999765490492,14.297938137328693,14.834546770641321,20.229058982740508,2.521006045287722,13.300863951733763
3,764,0,4.4999983685001945,14.282063945993501,14.97347095760208,20.324204826758503,2.4386390531358417,13.300321910326197
3,765,0,4.49999870075047,14.218785566948924,14.844692527452677,20.39107617081583,2.2418762915501507,29.069511349420218
3,769,0,4.499999390068796,14.130189833176003,14.96040306272326,20.300833604245874,2.2466316909889734,29.085387673021046
3,773,0,4.499998893164154,14.159421733048585,14.68063445883572,20.437256979360797,3.0740179456886576,28.464444927927666
3,776,0,4.5000008742329385,14.357601696864124,14.984459693512596,20.069846008805285,2.613098315877598,29.03854202453089
3,782,0,4.50000086583893,14.152820233966855,14.990352995205113,20.38545377799068,2.1306607019824835,13.409493267067333
3,783,0,4.500000816819233,14.56844977635747,14.617977416948776,20.14276008428829,3.2471091002425805,28.49017277808793
3,787,0,4.500002840905206,14.286438856651102,14.868967622355061,20.26902555269942,2.932569283207523,13.628828468862448
3,796,0,4.499999746826075,14.310915467689112,14.991146195918136,20.41542854519483,2.67772316986686,29.011723308690286
3,797,0,4.499998808678603,14.225959794550862,14.851759731242904,20.33486877269597,2.345154019341206,13.334544064306598
3,800,0,4.500000163407902,14.481067837189535,14.962411208495578,20.31652785309044,2.181724093189686,13.465515191649395
3,807,0,4.500001749549339,14.452092142925428,14.654563063944773,19.9324993619436,2.2233124521080585,13.149433481647925
3,809,0,4.499999855851024,14.168246901761806,14.942334530629463,20.234458022335456,2.529729102875349,13.336125553855773
3,811,0,4.5000000462271235,14.473040782505315,14.669254367354391,20.10287095031236,2.9201156452247394,28.974298220018973
3,815,0,4.499999309028311,14.40582036533996,14.913798115394663,20.399720027139512,2.037478089141112,28.98737221629903
3,819,0,4.499999926692444,14.25914183636695,14.560905732167747,20.47516463456509,1.824445065746922,13.685892203936305
3,821,0,4.49999906585871,14.201926399788576,14.87681107043928,20.143149589987406,3.0272979242715454,28.786919191068876
3,823,0,4.500000135835844,14.738977280612195,14.824225749144677,20.256184077070355,2.541476258936525,14.138721652975097
3,827,0,4.500001371346684,14.332317308580407,14.834018888778386,19.72135931942156,2.131994433027935,29.244778279881288
3,829,0,4.499999947660443,14.20407690944779,14.936753687412848,20.449098942541653,2.6454634771374055,13.39296193677681
3,833,0,4.499999645615619,14.038441873055428,14.79444018290864,20.490332551365224,2.8702810678296613,13.885375426401861
3,835,0,4.499999708456269,14.30732672047828,14.808396644347406,20.48612955005875,2.566481781381448,29.01893495616607
3,837,0,4.500000412600779,14.112483602715221,14.936371762294527,19.339624888442216,2.187482538549854,13.170940698409407
3,838,0,4.500000778283882,14.05105843677067,14.967694724837756,20.386051695822466,2.9431181561632487,13.75354371367417
3,841,0,4.500000123683839,14.008886005284317,14.880863812604872,20.32478953400909,2.6250365670638374,28.80995867200655
3,843,0,4.500000486790655,14.535829373551195,14.107733507056214,19.484031897488396,3.791914925422565,16.66765267103635
3,844,0,4.500000313842067,14.263294965038797,14.995643578142905,20.205905727944163,3.793083145842363,16.008225744519923
3,850,0,4.500000416718614,14.245993993583882,14.99925529828046,20.009894456548647,2.5934377491106932,13.33529351847573
3,853,0,4.499999523974528,14.115578429315065,14.488844486288745,20.236223616727983,2.4987869395839413,13.636256389734132
3,855,0,4.500000174060065,14.646353203352632,14.789919296486234,19.93404719576415,3.7219289840306313,26.84320677134091
3,859,0,4.499999287302495,14.294973305252027,14.946359923802689,20.257863551492242,2.12401395157015,13.34425632678543
3,863,0,4.499999186493297,14.815141527300332,14.47707685467842,20.37931510656193,2.7017853651967436,14.223141671709055
3,868,0,4.500000500446812,14.338386035652894,14.971405974879689,20.0197345908257,2.3144272957631564,29.109989572858943
3,871,0,4.499999597031345,14.397758278467032,14.955617046903784,20.498302121869436,2.7425290108271088,28.921200524766142
3,873,0,4.499999864137594,14.146022860255517,14.77953014709747,20.41528367731717,2.3033466850377096,28.97178233486771
3,877,1,4.5000001247988415,14.232195828367459,14.916609192197336,20.270784532384397,3.7373102716921136,27.118310999934543
3,879,0,4.5000021361798055,14.324371579319395,14.91795708578836,20.188817151526607,2.372756651916289,13.295007195457128
3,883,0,4.4999986022700424,14.253244650487815,14.938099578191133,20.224222703159594,2.5233452422767266,29.096757169277126
3,885,0,4.499998207077983,14.172112407212216,14.900422246781527,20.35665519013499,2.1782996584554177,13.396876933469084
3,890,0,4.500001195347609,14.205205946298278,14.977722643395868,20.322023285223946,2.067927767774631,29.074722368537586
3,891,0,4.500001055899973,14.325379318814868,14.796083444106271,20.39196274793348,3.227390813414411,14.117527627239195
3,906,0,4.499999930838408,14.120074974102147,14.961115424548655,19.528052537072522,2.4196742312780537,29.339143324120172
3,909,0,4.500000174762045,14.241487666461191,14.809256406331041,20.253293858554123,2.514855740232558,29.09531677701495
3,911,0,4.500000982989461,14.645591353679855,14.815126105597365,19.963011420147957,3.1727803117222093,14.349602863677003
3,913,0,4.500000385370886,14.037084474433172,14.864513936004233,20.29703057036409,2.4363081708051766,13.54106917572733
3,915,0,4.499999804368748,14.289270419706735,14.53989336165436,19.657420608646355,3.3175861080605986,28.488930839870775
3,919,0,4.500000133081267,14.368242644976597,14.946258053376688,20.46669206001351,2.3478655640147363,29.05913149411373
3,927,0,4.499999462915265,14.519725660496347,14.82481370697362,20.334588372772476,2.022092792197857,13.550308932435353
3,931,0,4.500001090217065,14.268666001489848,14.91272581710719,20.35150195754759,2.4919611389506366,29.090579486908247
3,933,0,4.500000579671196,14.193707376905655,14.770344338308275,20.189102563863766,2.044916638980297,13.419180795334675
3,935,0,4.499998828960795,14.458120979688381,14.874960931710385,20.126657847129565,2.093932522400921,29.032278809878925
3,939,0,4.499997661931881,14.36363300971348,14.957546300165857,20.144590528747994,2.3670098548875327,13.318389052777476
3,941,0,4.500000012472632,14.24587213127915,14.83548278342645,20.416693959304673,2.220533396001808,29.068890380311636
3,951,0,4.500001211335428,14.404278199381917,14.794524663604909,20.044368234234266,2.651161939785974,29.14631306483922
3,953,0,4.4999994026371315,14.143560521864059,14.907007641424117,20.020446749264064,1.8725343040828137,28.971603687085967
3,955,0,4.4999989509875435,14.390011392358234,14.339198752556268,20.258129064634964,2.1355215059859365,13.394513432843738
3,959,0,4.499999753381096,14.436483872958352,14.934654049444934,20.403900040375426,2.9627110655252378,13.805922674514761
3,962,0,4.4999990876733875,14.229004186618646,14.989236374905502,20.233060430360695,2.3051191671448685,29.126631019352182
3,964,0,4.500000713224669,14.304325792483182,14.989022577732396,20.359703818926974,2.4147839608637054,13.308305455491237
3,965,0,4.499999013620587,14.187293655142591,14.836845234001787,20.28011067888154,2.025033420991663,29.016117691951614
3,971,0,4.500000221508789,14.320273469895438,14.905354598235471,20.335038637027218,2.797485961730227,28.960035135751774
3,976,0,4.500000199359397,14.511639586599655,14.985393659370203,19.992777022701592,3.2785348695939733,14.466107286110596
3,981,0,4.500000244303252,14.06083098864569,14.792387361344076,20.00226942924563,2.677737807971498,28.954336071633335
3,983,0,4.499999494731762,14.402628777246484,14.768899592333982,20.25053783977827,2.7733630079457408,13.49309804978024
3,985,0,4.4999998630777105,14.126261660052052,14.91840214261761,20.17626569541182,2.3469737797301033,13.3803619312575
3,989,0,4.499999147147495,14.184963032730511,14.205511423598796,20.399840704968135,3.67046149180819,17.307942739963202
3,995,0,4.500001209971332,14.289572771327874,14.911172855017579,20.075117112309016,2.2954375009044337,13.253889454090828
3,997,0,4.499999378328516,14.21784421062778,14.942005118518562,20.422596571590276,2.377877498212778,29.099689167748572
3,1005,0,4.499998281528128,14.240947703800927,14.781658982940032,19.7997474288201,2.7516742363545608,13.279463042943295
3,1009,0,4.499999556402413,14.075747606601619,14.942688744923933,20.121921531390598,3.15012498823528,28.50883546382005
3,1017,0,4.499999663593985,14.161009016829798,14.864452503052355,20.397791743925893,2.5481523760671116,13.3972616769044
3,1023,0,4.500001026907413,14.601573282447115,14.634745848189823,20.167593746898234,2.1726823612143367,29.068800755904213
3,1024,0,4.499999317170767,14.531760631104925,14.98845953574673,20.386064225069685,2.1238292274656154,13.605786866750922
3,1039,0,4.5000012708824935,14.403747412885215,14.891916890753679,20.306746381452584,2.2615279486837863,29.063487308892647
3,1043,0,4.499998978465952,14.26392862393702,14.847789452419766,20.261592024802997,2.286319980349071,13.303137396972254
3,1044,0,4.500000327287751,14.343543964541869,14.967234482037968,19.910383899350567,2.0369964274929058,13.329048691354693
3,1047,0,4.4999998313821985,14.496650723534962,14.95153031437311,20.386451161179515,3.634348269292123,15.612531506242647
3,1053,0,4.499998173880226,14.198927142069113,14.908190550522864,20.184463554838647,2.9010653618401236,13.575077581724404
3,1061,1,4.500000506118798,14.091800106608432,14.215141889651797,20.191524178895015,2.778314672529269,27.819677449890463
3,1063,0,4.499999680112538,14.338199397067447,14.914521348257216,20.048193262273042,2.678871738797068,13.378115922056171
3,1065,0,4.49999911508357,14.041224685934777,14.720171320871037,19.891370900311053,2.2729508250268715,13.527617580183076
3,1071,0,4.499999378768973,14.458707826211,14.750024215150438,20.49684959770032,2.481641552367191,28.9928984196021
3,1075,0,4.4999989522544634,14.260427634525424,14.860064181204752,20.445276948835293,2.5831166890014714,13.376519346819524
3,1077,0,4.499999511342472,14.130583872549071,14.95475514763765,20.047278236918217,2.007415379735911,29.032581412449694
3,1083,0,4.500001170379582,14.280110296482343,14.848758901684388,20.23766955400829,2.613204222206587,29.071822378783082
3,1085,0,4.50000038863605,14.216430522268062,14.877055359667795,20.376015506516392,1.8087646605818113,13.615502250620953
3,1093,0,4.499999963302172,14.060872187163381,14.498586722903385,19.49217749476747,3.455236940984511,15.175355241218831
3,1095,0,4.499999967354671,14.405906895654601,14.905814893732757,20.196782379776693,2.640794037937605,29.01652411940246
3,1097,0,4.4999999283074485,14.14713666489624,14.832384558381595,20.305441139082507,2.042071699228455,28.97856958700472
3,1099,0,4.499999741201099,14.546874357964567,14.66051694101825,19.787679173286723,2.0841129612537617,13.247391751826466
3,1101,0,4.49999928527177,14.213505266272971,14.936156855755003,20.445985477948824,2.3718867553542813,29.094405375892904
3,1102,0,4.50000065793788,14.069649507404664,14.983866763494941,20.00535787832339,2.069741658146391,29.01453397323479
3,1109,0,4.500000815919658,14.214176215931309,14.930088189034995,20.3459528888637,2.1919920366618504,13.351656913427224
3,1111,0,4.49999903652085,14.641857043195511,14.518304279931444,19.681042524966358,1.922876389471111,29.048669975282557
3,1113,1,4.500000935129653,14.06373572492188,14.9136909621058,19.690242110598987,4.070380136410624,23.513715663391842
3,1114,0,4.500001037450724,14.223912404327232,14.972853432923074,20.35706680372302,2.26260142248638,29.11394585027238
3,1115,0,4.499997934055129,14.343362359959832,14.778375244464415,20.269312722686657,2.4586762397865396,13.289918291545813
3,1121,0,4.500000184741607,14.035089699692914,14.664835475875245,20.225964945292247,2.4539261059957873,13.635099710988506
3,1123,0,4.500000563171051,14.355861070624378,14.791020150462861,20.15025753596561,3.7524418561960564,27.18297092199191
3,1127,0,4.49999991369533,14.371701572098768,14.841769717227745,20.385290497381053,2.324561316493006,29.076546865403003
3,1129,0,4.499999837929201,14.109611350985414,14.86826174778794,20.349850746289945,2.8126074823070937,28.823094990888833
3,1135,0,4.500000339862279,14.496108937294762,14.930141357666782,20.054690949868363,1.9000005436014413,13.591496824280604
3,1141,0,4.500001075063004,14.149091577643652,14.733681977870981,20.448229309027393,2.9567502246196407,13.816457756679082
3,1147,0,4.499999736522324,14.315928647179199,14.932509959468005,20.461999427685218,2.155633505796471,13.356379000152614
3,1149,0,4.499999506571004,14.227678442670324,14.927539118221558,20.179661146278647,2.4426232546700932,29.11183967669791
3,1151,0,4.500000471742604,14.95700203854849,14.393226801568243,20.34083432399831,3.1485733153003546,15.613488583165147
3,1154,0,4.499999593144061,14.205646983501923,14.985044656262422,20.415869867281142,2.326487239826453,13.322356807857574
3,1155,0,4.500001383118397,14.273067346173931,14.821210226326514,20.33881943995396,2.568127902568678,29.046881186545654
3,1157,0,4.499999415352533,14.21526317067872,14.826199317174071,20.497976036224117,2.2630034831654786,13.391474013474038
3,1165,0,4.499999572911931,14.23733500362907,14.891344125717028,20.301439623539313,1.8399885042441233,28.938978818352673
3,1174,0,4.499999936517963,14.182655785168855,14.977951957685748,20.083212373776497,1.9396728987559377,13.488472283154259
3,1181,0,4.500000969497856,14.208532594754981,14.765584495175379,20.103726760091458,3.63485621246729,27.608910398144353
3,1183,0,4.499999141573145,14.443977198612457,14.956604124770687,20.289189397627613,2.3997401587496747,13.425828160206954
3,1184,1,4.5000000108184235,14.860997624791034,14.998203510639568,19.759579854429578,3.1925787166522293,26.87755455525808
3,1187,0,4.5000005870126545,14.304438848853039,14.937458397718899,20.460669167684745,2.278776284630485,29.088999995774188
3,1189,0,4.500001465682718,14.171203697345984,14.849668093123263,19.885587234342097,2.484907730947927,13.238239638530867
3,1191,0,4.499998907457816,14.573774481302209,14.331914174839401,20.243174978900207,3.96563286314497,24.408656391668785
3,1195,0,4.499999042742882,14.339280968552195,14.825430877037558,20.049117376634005,1.978205026502828,13.33330701494171
3,1197,0,4.4999989069060335,14.247854535531417,14.737879691018662,20.43266521676647,2.6695788990556215,28.94860963004173
3,1201,0,4.499998608634985,14.14153289664426,14.926356714222692,20.372599168947467,2.700399023105412,13.44595147217855
3,1205,0,4.500000185671874,14.094785633247298,14.732906213676417,20.186559743814442,2.330067555058265,13.45855648714086
3,1207,0,4.500000186730635,14.367035345156912,14.934912620433629,20.223738425575466,1.8074134884234323,28.889538483364355
3,1209,0,4.499999530764586,14.107674062548911,14.745583473486175,20.112196248053785,2.5503743714236244,29.012838495706717
3,1211,0,4.500001028242452,14.517877035656154,14.612420895225103,19.846258624838978,4.069992776384184,19.921603007157238
3,1214,0,4.5000013781445665,14.108599951328745,14.963117259833066,20.311004417573315,2.3703306612733925,29.07092021204769
3,1215,0,4.499999315033044,14.68703198500701,14.740740371759781,20.35505737278622,2.0244102360545013,13.922972726930961
3,1221,0,4.499999931021245,14.203123603030694,14.940281390293428,20.218662115781427,2.9430581707166765,28.85132072954643
3,1223,0,4.5000013969189,14.530184604628259,14.53890169821184,19.779963671359887,2.362858143312838,13.156970624929112
3,1227,0,4.500000516447666,14.343603303080911,14.486226612531858,20.242996489427,2.210553417402621,29.08307664365819
3,1228,0,4.50000008470166,14.256641313305858,14.988675452484818,20.170883763727097,2.360566753174758,29.12520249939469
3,1239,1,4.499999885553983,14.435935499663138,14.889261431936145,20.31997434286563,2.23202510368221,13.386366571001147
3,1241,0,4.500001037719007,14.162965946420085,14.831991469914765,20.299294818347853,2.6664655680328466,13.43475800091495
3,1243,0,4.500000755516718,14.36428131252088,14.94186258192379,19.396707718869322,2.8881044747689772,29.23221108010955
3,1247,0,4.500001050387582,14.394533642150614,14.85696498594336,20.44571768854833,2.128949556739316,29.028924147099993
3,1251,0,4.500002845527081,14.301351192188383,14.716646696392166,20.126379848898637,2.900473065541963,13.498427848551266
3,1252,0,4.499998607140743,14.286823724820705,14.975138906501927,20.3463649939118,2.907593723114939,13.601817162465512
3,1253,0,4.49999907782481,14.165485809701739,14.754841112104742,20.440719588028628,1.9107407674431873,28.846612686357652
3,1259,0,4.500000816879165,14.299890644918012,14.922248224155902,20.37093702509515,2.442207474457073,29.096091387964833
3,1261,0,4.499999819437487,14.24440656420467,14.92209919658816,20.102150455795382,2.327050116801308,13.273898783375273
3,1265,0,4.4999994187071595,14.100101200134404,14.880022362788592,20.00970241309553,2.185769589263545,29.086085780919525
3,1267,0,4.499999702600689,14.256375654716486,14.910480110806283,20.22175181274422,1.802938886556347,13.582159954460842
3,1271,0,4.500001857147049,14.329619468579713,14.829984314224319,20.405024037923454,2.438871448287282,13.342257665731427
3,1274,0,4.499999395034404,14.106227391353524,14.987581794139185,19.978150125645765,2.9237338005209867,13.616332834914243
3,1279,0,4.499999052030104,14.729452330985115,14.876597120222414,20.02078596965787,2.909444605160188,28.28835514800688
3,1284,0,4.500001237662085,14.308448276329147,14.97071042822151,20.40792692060661,2.7513829062364725,28.979496435649565
3,1291,0,4.499999836993554,14.345076692375699,14.913365907010919,20.307744219859526,2.5986818689708873,13.386411738787345
3,1293,0,4.5000009023050085,14.242211652503164,14.943452607130071,20.443548020057083,2.2467932871301683,29.098651624000524
3,1297,0,4.500000086153996,14.15706335173454,14.902873886549175,20.481993173032073,2.328615104069535,13.390636994943417
3,1301,0,4.50000001768949,14.105597010536405,14.862707389353027,20.02192056844465,3.5072496376301343,14.794016470035935
3,1303,0,4.500000393652349,14.370190318345884,14.745193478157324,20.25403925149875,2.3747322587426907,29.153386991282332
3,1305,0,4.500000223104085,14.124289665677711,14.944646704627399,20.247373955853092,1.9218511497357806,28.96025141174136
3,1315,0,4.5000010764907294,14.286465610133533,14.882568707593391,20.011286483709718,2.0781777862100137,29.146729178159404
3,1317,0,4.500001768496979,14.19803581604296,14.954145496638736,20.410076929557828,2.67247185585807,13.397973607580798
3,1322,0,4.500000610095018,14.182425862905678,14.994682485572056,20.27233976073035,2.5122367446550196,29.092999601863774
3,1325,0,4.500000733202008,14.250633375632521,14.84729420616742,20.075022345547474,2.4534843245334597,29.175440997252032
3,1327,1,4.500000921499588,14.776723218761367,14.874228631103566,20.30574008977539,3.828827077002124,18.743826530914458
3,1329,0,4.499999630848858,14.025321818580073,14.909173493298846,20.14296483396127,2.575685489344294,13.53391356666366
3,1331,0,4.500000824867733,14.2802005877872,14.462763212978684,20.03848521202984,4.0398448549874715,23.376499251541375
3,1335,0,4.4999994331112925,14.472105842417418,14.855532820699429,20.428621876952132,1.955860161003273,28.899754785162138
3,1337,0,4.5000002983436,14.175791456955134,14.863230029724276,20.358287168492552,2.6918504462567876,28.957826534283107
3,1341,0,4.500000693937058,14.171738478260126,14.785606956736519,20.138952651676277,2.2665469264400024,29.118766363043108
3,1347,0,4.500000806400906,14.286515856158701,14.951467753728316,20.203102696523985,2.1618883176672363,13.324923643608535
3,1351,0,4.500000244645131,14.614776995983831,14.34317585642351,20.444738379498517,3.5298416557996695,15.441929123629826
3,1354,0,4.499999620669593,14.143987145965216,14.996069090109486,19.957930712494495,2.9645111889169775,13.622823491588782
3,1357,0,4.500001214167429,14.233497563973582,14.735138963064994,20.27122686969231,3.4800327850396826,14.685279366420932
3,1359,0,4.500000994489717,14.692425182849039,14.845633826367102,19.944597537850676,2.4943023756406446,28.7607948281277
3,1361,0,4.499999698341522,14.075547362643542,14.906830867536566,20.32820677813665,2.59218330658321,28.94648346948427
3,1363,1,4.499999034005421,14.276668602852213,14.29429033498584,19.730662054876564,2.8006633963783667,13.644390372635229
3,1375,0,4.500000216189205,14.549737851692331,14.777786341801457,20.27671372371108,2.2580087574387195,29.007260796720843
3,1378,0,4.500000123460454,14.207878927729169,14.96965783817051,20.33313466837672,2.155867576977896,29.099119412587086
3,1379,0,4.500001850013262,14.284241643744654,14.864376380223773,20.38893779222827,2.416201550740893,13.319107708885081
3,1381,0,4.499999230033641,14.192842560373496,14.804827783613199,20.181575671949776,2.3331277272378417,29.124259058869526
3,1387,0,4.500001099674433,14.33452873511972,14.935126028694063,20.09339682276648,2.7830277805432333,28.99020655233673
3,1389,0,4.499999122022587,14.23430215313137,14.884770083247579,20.376967344428287,1.8900453987622525,13.531384515565637
3,1392,0,4.500000534965429,14.375954118889226,14.997738935462213,20.28894437379035,2.5467019014025443,13.400923121965647
3,1399,0,4.499998724105208,14.423752291590377,14.81376801881392,19.60311434852772,3.154670229862636,13.79116517097637
3,1401,0,4.499998356192671,14.152056363362068,14.889093008413843,20.065389909962377,2.151572883764598,13.376354872094598
3,1407,0,4.500000010539612,14.413407049727784,14.953506430802955,20.41992017415466,2.4603998327102867,29.024635128274333
3,1414,0,4.499999497052246,14.101710661334616,14.997508999846959,20.399363787007655,2.512593134585255,29.041394513652534
3,1415,0,4.500001257497696,14.332469186719507,14.877682709366589,20.326699625145416,2.2158073771845057,13.32540511556645
3,1417,0,4.500000190484033,14.05781187983042,14.862090205152434,20.271986776591568,3.3322887900118845,14.540316622628012
3,1420,0,4.500001455023237,14.263561180271637,14.96158548226552,20.08139947200966,2.7942963814608035,28.981570600507084
3,1426,0,4.500000132448082,14.243459117797793,14.971944543161566,20.030447148587257,2.7489843101862137,29.016575333349557
3,1429,0,4.499999865650427,14.128153473231942,14.658298705478005,20.16458215677899,2.790462213686041,28.84921455597197
3,1431,1,4.5000004908122255,14.955761920458336,14.568048363721166,19.292323484855405,3.3002945302319757,15.942269844076005
3,1435,0,4.499998895315071,14.277261776841591,14.937988590041382,20.299200305357076,2.3262229516939095,29.11723634637351
3,1439,0,4.500000735882611,14.628529256707113,14.388722626299884,20.44854010267746,3.471729928399501,27.680525598831444
3,1447,0,4.49999923017218,14.392302979061215,14.928475202749722,20.472883307876906,2.461868982726622,13.39650351269852
3,1449,0,4.499999567647766,14.12253841473117,14.79110870980389,20.48414697518082,2.092652393529141,13.555078493461497
3,1453,0,4.499998544714886,14.23835530454096,14.952551775048954,20.295525646201646,2.8353888681289945,13.50579019770107
3,1455,0,4.499998797738439,14.374052282968522,14.872286309524135,20.129786301877242,2.632113096513943,29.08784594248182
3,1459,0,4.4999996627511125,14.257231522453345,14.954228605740877,20.252391036625387,2.6606674377692396,13.369232924104463
3,1466,0,4.500000407597107,14.207698853302695,14.998007320729956,20.307564859229757,2.2749105207710807,13.315430211264601
3,1467,0,4.5000002771953485,14.33138904849019,14.809280999953701,20.376721043693028,2.5826620615345424,29.035710144334587
3,1468,0,4.500000241528829,14.266140380729302,14.995278046146796,20.43290438307254,2.387988920305363,29.097335289279968
3,1469,0,4.499999562314529,14.171126815094789,14.479047247859654,19.942267896287863,1.9114422190477256,13.668040701810419
3,1473,0,4.499998997253937,14.093503342361778,14.94397548327491,20.265150990122507,1.968320375271585,13.560176133231856
3,1475,0,4.499999150241108,14.35513011196485,14.655012583589128,19.749847283607668,2.0237548867334865,29.231838351339064
3,1477,0,4.4999996716251465,14.140299542080433,14.442204322159977,20.36167865218351,2.4903039735685977,13.69166937364568
3,1480,0,4.499999765988723,14.391572821738645,14.968090405564718,20.062727325655462,2.469551983503402,13.372349501351927
3,1485,0,4.499999289699154,14.172970439203015,14.703566985911563,19.811166199253865,3.6539713093092585,27.591032468669518
3,1487,0,4.500000470942621,14.54704320756256,14.70205533639625,20.218834688690986,2.773582910608256,13.619095273009112
3,1491,0,4.500001116021619,14.274242909370225,14.823377338359082,20.338269164723858,2.3811753182437765,29.088063601756993
3,1494,0,4.499999545345026,14.011963199219007,14.992531152799897,20.17687880612716,3.0828278371660636,14.003101484864835
3,1497,0,4.5000003449397905,14.07992870276657,14.855051571298635,20.493322531301526,2.73202504072152,28.80315858962453
3,1499,0,4.500000380432736,14.299187198534401,14.70393292617755,20.475341873029706,2.6080291734362353,13.438435302536757
3,1501,0,4.500001212318973,14.240176483740443,14.912618250304936,20.332788046895022,2.194466594710826,29.1012511931351
3,1503,1,4.5000000501366255,14.832071120991772,14.8786809812149,19.483991533986018,1.9893901053093088,14.54792682657266
3,1504,0,4.499999033320853,14.46069923277731,14.98320592418251,20.328666822324873,1.8955436321454755,28.824058311588402
3,1511,0,4.500000877804106,14.423363584894286,14.619086538143454,20.129798325744535,1.933271650296028,29.0887422823549
3,1513,0,4.500000431072746,14.145763567028688,14.955892844098633,20.1927687344977,2.4198553101768754,29.093223406927265
3,1515,0,4.5000006895496805,14.443312057629042,14.579267554646881,20.03870634425546,3.689471841980426,15.37271307467672
3,1519,0,4.500001514590207,14.437616887049337,14.874779449618178,20.36623845416973,2.3330709334439224,13.397462790476418
3,1523,0,4.5000009164874,14.251558302067211,14.774668391517537,20.415466751192472,2.146531667577048,29.035959812326695
3,1525,0,4.500000672189495,14.1996088806375,14.858906894791946,20.12459649243936,2.484940292605936,13.28257099832474
3,1527,0,4.500001080252496,14.555972070905264,14.917434952544562,20.23544831003751,3.388662786477727,27.854684515504495
3,1533,0,4.499999952918538,14.211411530842287,14.910699011480274,20.476128010813998,3.062224817662857,28.68802020455997
3,1538,0,4.499999498493243,14.228106345065946,14.985103055855493,20.26738706493795,2.5972038408119613,29.073400543752953
3,1541,0,4.50000116183701,14.189696272872848,14.59188315563516,19.898538637153496,2.9771359962089488,28.841993389430947
3,1543,0,4.500000349456035,14.99698825913291,14.463801620951156,19.852417076961736,3.183631556095972,15.776766525467018
3,1544,0,4.499999537822101,14.438594573860117,14.981553453152705,20.405722546808178,4.061604244241342,22.61263650769068
3,1547,0,4.500000385893841,14.339626201142863,14.943429255550317,20.07538173980267,2.1133983700979226,29.084645070788106
3,1549,0,4.499999636616086,14.239374089162036,14.890705101590358,20.448585332522583,2.4935828843554733,13.340795615341552
3,1553,0,4.49999919240229,14.149917064974268,14.861292837536638,20.385898746137865,2.4092046114159027,29.03116490652951
3,1559,0,4.499998557532796,14.391091663618734,14.838786488494462,20.18772609922497,2.3511422436531224,13.287373839590153
3,1561,0,4.499999304835757,14.10597258772093,14.888408939723089,20.031431733097303,2.9142096977290324,13.581522616411238
3,1567,0,4.500000848598631,14.608455139385315,14.907656788457896,20.399760986080985,1.905734917169455,28.629317945844306
3,1571,0,4.50000085186778,14.28873055973493,14.92387920804065,20.325268512180976,2.682495559858351,13.403439994182907
3,1578,0,4.500002097406015,14.17784002883348,14.974517093069684,20.189868359391532,2.1883840744053744,13.356710866837638
3,1581,0,4.4999985531849624,14.249442344488129,14.74159205087869,20.28180129831219,2.279667732364578,13.307112162157424
3,1585,0,4.49999981279332,14.057294742622899,14.880183361159288,20.185166721193976,2.1404308683024094,28.96071679224446
3,1597,0,4.500001689148337,14.161996104570505,14.906239206544539,19.977821067326573,2.463266444548188,13.277574308468235
3,1599,0,4.500000876581211,14.474950600399218,14.884620905024663,20.26939298477023,3.0132507290062787,28.66865338372949
3,1603,0,4.4999992137926075,14.28226686144845,14.896918328200945,20.183170401598314,2.554251420603742,29.09269846396949
3,1605,0,4.499998932040325,14.180171611367939,14.904416442947845,20.403903336990044,2.0110984697236685,13.47374652780104
3,1611,0,4.499999091460716,14.317848870732156,14.805722176923934,20.349978122806306,2.8200518721010877,13.541126462434399
3,1615,0,4.5000008275534205,14.697251038302085,14.934905834785837,20.088842394293014,2.28842621570853,14.031698278384596
3,1617,0,4.499999151867491,14.04978415703746,14.959423595200313,19.99260535242435,2.088109048739171,13.524870678559438
3,1619,0,4.499999205233526,14.277680975042673,14.71903557137977,20.282541421960165,1.9398479266114073,29.016595516729808
3,1623,0,4.499999811079441,14.343441403691404,14.914950974506686,20.397186567818952,2.5804097579750733,29.050651813400854
3,1624,0,4.500000054123325,14.328018880825514,14.981202535692734,20.28942183301141,2.5093571129099654,13.3357070721812
3,1629,0,4.500000298131929,14.161194732686438,14.796996534123583,20.338034939603634,4.048394520364452,22.977717342476545
3,1631,0,4.500000503705539,14.594208044353273,14.667894133070973,19.980952799536002,2.45313093164701,13.388300020553558
3,1637,0,4.499999089006926,14.187661153562225,14.840889472881903,20.24157912975767,2.3654375108055743,13.333204086649477
3,1639,0,4.500000628652006,14.471849773827525,14.884232210761619,19.963068630609158,3.479312487469855,27.97877888499567
3,1643,0,4.500000291681608,14.342480423230137,14.851718448401794,20.266035562371403,1.9052403897677077,13.482045332068608
3,1648,0,4.49999926569997,14.351658231916558,14.961664353117166,20.266923264925794,2.201879607293466,29.077174236254976
3,1657,0,4.499999028274373,14.163941957337173,14.938598835547396,20.314628969469815,2.5608070407537555,29.05280920092241
3,1659,0,4.499999795633422,14.383504355242325,14.752605142957083,19.66088182287644,3.030413283210571,13.56916634536886
3,1663,0,4.4999999137195665,14.429656698104509,14.931818993932021,20.43606958823619,2.277809401526181,13.401836396511246
3,1664,0,4.49999934644196,14.58186293625303,14.980476746367504,20.217763945526485,2.418678434966198,28.787079234653568
3,1669,0,4.500000284889597,14.103113003398574,14.725411576225273,20.247518127925037,3.541204812161056,15.096976822634069
3,1671,0,4.49999858286863,14.329380498909433,14.810311439539747,20.047255143835134,2.4961137300325045,29.200023691859762
3,1675,0,4.500000099467444,14.61208816910028,14.513731802463518,20.348785801829806,2.134694784931159,13.51369298758021
3,1679,0,4.500000915323285,14.487676446575183,14.892696545345663,20.47597932667233,2.9710954549785678,13.898480932522762
3,1683,0,4.499999345335852,14.272523517304675,14.676017340620795,20.392090627111926,2.837020438032483,28.87633874270451
3,1684,0,4.500000190328298,14.295491185089958,14.980934005818261,20.49242389325166,2.743881140022678,28.96967868491999
3,1685,0,4.49999953778846,14.108534968415924,14.795040208964108,20.09692436397089,1.8812848927466892,13.627023332988475
3,1689,0,4.499999589170521,14.016865224008484,14.609851971867432,20.101763727446038,3.4762342785920675,27.409630821794224
3,1691,0,4.499997526077281,14.282929367692628,14.913030821213189,20.216687120584503,2.4232348798474543,13.29264341464625
3,1693,0,4.499999670574393,14.225532564466299,14.956279228261405,20.35269641181338,2.354982164288364,29.113952252015764
3,1699,0,4.499999521942833,14.341106278695104,14.597565737217526,19.746241790184072,4.014385803993462,25.269345493739074
3,1705,0,4.500000817784756,14.138829244445425,14.853480125049172,20.49056875166754,2.631491975388875,28.927557048105413
3,1709,0,4.4999991476790155,14.234865300435004,14.752596151818603,19.24554747814152,1.9261044724519383,29.222668000569293
3,1711,0,4.500000564348023,14.381449009254855,14.737349223677672,20.3178010259832,2.094951286466261,13.339422750008847
3,1715,0,4.50000057967524,14.254430155150828,14.94367608546254,20.313624628406345,2.158168892114182,29.100623822283133
3,1719,0,4.5000007500937995,14.50270670873366,14.761939056112464,20.365207056017983,2.437443502012437,29.030787203669654
3,1724,0,4.499999729957371,14.264088272662923,14.96223628883722,20.40826428966944,2.345463956362991,13.303106696168076
3,1725,0,4.50000078346926,14.18137465644997,14.745523583297636,20.233865541988045,2.757365820358642,28.951943332110062
3,1729,0,4.500001267287214,14.103410375257367,14.899270050182924,20.228699347452576,2.744738003795052,28.900029548403026
3,1731,0,4.500000633200934,14.349935497650472,14.309817491045028,20.058650775178496,2.7147176531104256,13.548167344450484
3,1737,0,4.499999365332863,14.070401859405042,14.458562048190734,20.38632454503643,2.5714609488414624,13.891453587983005
3,1742,0,4.500000109513172,14.122178192833957,14.990279925991242,20.46061623383781,2.391193924436883,13.385302031670271
3,1743,0,4.500000073390494,14.530202226471738,14.780814959764863,19.998779620090385,2.0175048108776883,29.041153535384588
3,1747,0,4.500000266006139,14.281456044322033,14.903117322732161,19.542884343833105,2.3175122891254785,13.058727065550858
3,1749,0,4.500000128956455,14.130156203693751,14.88695157687102,20.470704162656205,2.4459451830552834,29.01236043245595
3,1754,0,4.500001406073776,14.166987337410479,14.964472170244346,20.243125444777,3.267617565251161,14.150792635651932
3,1755,0,4.499999229332977,14.29562936224862,14.844351541015858,20.45478720580991,2.1258884131692968,29.055320168699687
3,1757,0,4.5000027573797405,14.23641216846561,14.863780751299588,20.194802720498224,2.5565117605620546,13.310575025765715
3,1759,0,4.500000301824234,14.803501271146885,14.787598049385075,20.28068762662571,2.6624467954785107,28.34200334767504
3,1765,0,4.50000049474497,14.02425161522519,14.910871901535375,19.520110279752405,3.1253204949493325,28.77889801124276
3,1766,0,4.499999633522805,14.176747433686483,14.97545547249804,20.40171202588984,1.9062838559872215,28.979769592086548
3,1767,0,4.499997364799148,14.43364773524438,14.748481368439395,20.14483072215686,2.759467959706611,13.45708426825399
3,1769,0,4.499998996108767,14.13842168997985,14.915028214344368,20.267609104875056,2.2977867952669797,13.38230506554843
3,1773,0,4.4999992027637195,14.239386175969676,14.731004953150471,20.464513130173025,3.607117138219635,15.287594645283107
3,1778,0,4.499999298025091,14.233562424127074,14.995152415439893,20.157325162195605,2.296664299016838,29.128567528737612
3,1781,0,4.499999853778655,14.20850276751808,14.838239116301219,20.336025355077563,2.2698273264090063,29.06964578603135
3,1787,0,4.499999469369045,14.331149392038489,14.960719720841853,20.279213811848297,3.566678713598681,27.739905785475365
3,1795,0,4.499998823959264,14.352082090306157,14.676730719038398,20.168089098534765,2.3354332859677625,29.197514208451892
3,1798,0,4.499999960261509,14.12822816218808,14.972315834484903,20.200398160642866,1.9506197787639425,13.523749322961176
3,1799,0,4.500001438037785,14.352906756956484,14.827453841887564,20.425335647499114,2.8676947961072345,28.87660761592678
3,1801,0,4.499999207705476,14.107047837757284,14.914274870975294,20.460113558523773,2.167857444733274,29.012869787736896
3,1805,0,4.500000229426855,14.20775155736179,14.673963744805144,20.305870728232257,3.4542407965022863,27.951001763305634
3,1807,0,4.500002302795621,14.417786942361738,14.938369844770989,20.14523221702093,2.484855868712048,13.403108763750808
3,1811,0,4.500001191402668,14.264312449517643,14.89055645623141,20.25468209450042,2.4191465842906243,29.10810746030304
3,1813,0,4.500000236056384,14.168537566885162,14.691512327211864,20.39706784981776,2.312325329458897,13.443982439540115
3,1819,0,4.499998322003568,14.314994337786754,14.943099234336021,20.367063508052745,2.8977805683201243,13.60832107236402
3,1821,0,4.500000423868236,14.199846336791174,14.824115044205055,20.035669957520504,1.8423659882839607,28.987490728153887
3,1831,0,4.49999873679606,14.328484333614316,14.955166617370026,20.345717810677364,2.072764908822822,29.050466162842618
3,1832,0,4.499999161391509,14.356636111131538,14.994336494477672,20.37322399799328,2.192063963941257,13.348287954778506
3,1833,0,4.499999809808412,14.064104953407606,14.607531218833936,20.29197918909513,2.412736435083688,28.761330076078963
3,1835,0,4.500000079009375,14.417382758618814,14.84191578986641,19.55510006016902,4.030453241784425,18.115386587928707
3,1838,0,4.500000163400288,14.065391448980362,14.983611272414592,20.14034925227784,2.5273515645037077,29.019357726734818
3,1845,0,4.500000229718098,14.125506313973354,14.842683474671194,20.132108030499598,2.7453148418725735,13.446959595752137
3,1851,0,4.500001215648049,14.279064649345909,14.885379148985535,20.310013768212205,2.1433444782295683,13.352015246973515
3,1855,0,4.49999904421283,14.777643041450752,14.800797141938732,20.416680415812422,2.4018556217633327,14.307981405089023
3,1863,0,4.499999109926904,14.42872332308311,14.8247854422977,20.05761516142792,1.9860593010033192,13.33809328783526
3,1865,0,4.50000088397775,14.131349317697401,14.878161190153785,20.18049513345424,2.7290087417560525,13.452974355609506
3,1867,0,4.500000250430356,14.494346091186852,14.867013558705604,19.950118649413067,2.5852621477500426,29.069248877941334
3,1875,0,4.500000988166196,14.261477615375535,14.901674720085289,20.4348462286157,2.0694097069066126,13.404739225996682
3,1877,0,4.49999951382642,14.20414974832037,14.937939645764548,20.072883774021026,2.590970894235709,29.08740422218809
3,1879,0,4.499998733955132,14.636626296124575,14.646915460769074,20.21520601752939,2.8449405576601547,13.81964470279102
3,1883,0,4.500001204536297,14.343627694174081,14.584375136138524,19.784036957197422,2.2894025164064344,29.28852779419099
3,1884,0,4.499999823078528,14.282512354179662,14.974657406227289,20.291269754118982,2.2079806457441973,29.106007688471962
3,1888,0,4.5000005896715995,14.571598167349038,14.969505379897214,20.460012258029376,2.5998659774564663,13.790033891930388
3,1889,0,4.499999287175382,14.056742514817463,14.868367774769968,20.26026975021564,2.2842815580064633,28.952873271169466
3,1893,0,4.500000373376131,14.159009403706692,14.853183833855242,20.393579934968056,3.8495091567060777,26.33865019253279
3,1901,0,4.499999338360011,14.215878828240296,14.14835596397791,19.714207143512233,3.284372014314984,15.104913001740417
3,1903,0,4.499999478807376,14.469651887689878,14.89696813407045,20.23629831889137,2.819792295734232,28.856845434089784
3,1906,0,4.5000005534358,14.243970952813488,14.995708466579652,20.36801270105326,2.2066880239748636,29.10501580532405
3,1907,0,4.499999598555969,14.255291461573865,14.548533538998289,20.312195909694253,3.3046506146839905,14.331985740038427
3,1917,0,4.500002451126029,14.228695128686468,14.952424441477158,20.31187529029334,2.268812219194115,13.312562408358303
3,1923,0,4.500001130086835,14.275427403915673,14.686131470656862,19.742880801736664,2.1476139237086587,13.17416758900799
3,1925,0,4.499999863978004,14.215570007349925,14.890676394644666,20.415441304188473,2.4598826505192752,29.072468954865215
3,1933,0,4.500000149957163,14.237119709272834,14.948376360191746,19.96595439272749,2.968234880295889,13.598946416169898
3,1937,0,4.499999581673069,14.009221342056215,14.764885487125948,20.14056936799147,2.855684942379117,28.657158182464464
3,1939,0,4.500000336661845,14.4472803862081,14.750861196757288,19.320961476630522,4.082750046676471,19.896884930235675
3,1945,0,4.500002151486853,14.189681783148547,14.93722708135753,20.360923171295617,2.4187672382523004,13.32600735271572
3,1951,0,4.5000008744617634,14.438410128685094,14.9066567862816,20.1692234524444,2.323581259755475,29.0531741002955
3,1957,0,4.499999377805808,14.179883670311996,14.933314184628514,20.319489344753187,2.2417635375434024,29.099221840481285
3,1963,0,4.499999633767431,14.3305393147594,14.793007096500498,20.29019004963812,2.6754935792025583,29.04863526423381
3,1964,0,4.500000725946897,14.267838215755066,14.972883961644458,20.100297151023465,3.095012267277599,28.709182821115313
3,1965,0,4.50000018003278,14.248999693352758,14.862612472405784,20.490896991115008,2.0281605747487257,13.45116531938746
3,1971,0,4.500000086685639,14.282174676386687,14.514156375330002,20.42819995415168,2.1542121958386513,13.44710819564013
3,1973,0,4.499999542086299,14.106585894724104,14.56587392930469,19.874554174687457,2.399747756509484,28.966529984261292
3,1975,0,4.499999902457973,14.369913373941804,14.884749133027633,20.239510942579443,2.9553114784788925,13.698327280099218
3,1976,0,4.499999346884785,14.342942567382787,14.994908609688876,20.44853111070341,2.418207633823461,29.060854373386874
3,1977,0,4.499999790710651,14.100722411504345,14.814304288664852,20.23518439758098,2.197996809697276,13.471262243286162
3,1987,0,4.500000472218609,14.275643308407222,14.943255071393796,20.384116127414696,2.7186991774390052,29.007337617641497
3,1991,0,4.5000007260290005,14.484105391281453,14.449882618542759,20.184285606706208,2.3004598964435914,29.15561479798116
3,1995,0,4.500000250004117,14.355130475982818,14.800992072450317,20.100768955480667,2.5317865954687804,13.257668492202487
3,1997,0,4.49999894314943,14.221290313183125,14.732835483453082,20.369700196458158,2.059055134287607,29.005762788768187
3,2007,0,4.5000010680673945,14.43008507074177,14.942282605296036,19.938239497355536,2.5110479158222243,29.079792549300436
3,2009,0,4.499999374128015,14.165868106269219,14.706773449288628,20.135206312606623,2.0861598433750066,29.04104279657632
3,2011,0,4.4999995882633135,14.368843218029621,14.836185723201908,20.320374643334528,1.8623036176886134,13.537395081757694
3,2015,0,4.4999983979832825,14.412530020849589,14.885338981281068,20.422560366811986,2.665695907609123,13.507537920042452
3,2018,0,4.49999883105858,14.220359311930363,14.98388568184851,20.437031469449135,2.897180330390353,13.589468939439904
3,2019,0,4.499999598809519,14.297454934777248,14.841792656374384,20.21883133548011,1.8947438111336519,29.005277063468313
3,2023,0,4.500000473658587,14.731322327656043,14.751869674307237,20.373535864087348,3.3784021917238087,27.531534507535483
3,2024,0,4.499999316669461,14.725395970056768,14.97656286051555,20.249717509968864,3.64671410044241,16.946758933152847
3,2029,0,4.500000887771912,14.243632848846255,14.88736507739531,20.272546072718388,2.4180375894836574,29.103094895230683
3,2031,1,4.500000288274025,14.496802309623792,14.69750692028075,20.141691047802972,3.8647581230362134,16.609597172369675
3,2033,0,4.500000629206503,14.099637956336654,14.785925342785664,20.3440485025434,2.5300433339886013,13.494090454327853
3,2035,1,4.500000144306026,14.25301195643672,14.783399195440776,19.848580564189575,2.886565927198271,29.06604800624762
3,2039,0,4.500001363372581,14.311157241296325,14.891493463968096,20.436548306660455,2.2915770621511586,29.09061017855003
4,14,0,4.499999218131443,14.04599784757069,14.20243729508121,19.84578197568776,2.043925039117473,7.244811462256429
4,16,0,4.4999992822042465,14.691680882210687,14.208404622887413,19.888973634562646,2.1034395179992385,5.454445164788035
4,26,0,4.500000621123978,14.064212712832438,14.226726097432435,19.533585660577845,2.0301554595059486,7.369100007166036
4,31,0,4.500000765204262,14.595648493591481,14.087484539278769,19.63104426013043,3.118531105816072,-7.033262052921659
4,32,0,4.500000694652873,14.414865498009869,14.267646225723924,19.390567316908918,2.07028340310245,7.339026985629339
4,40,0,4.500000112261699,14.374715295859097,14.532872038730458,19.85786334089105,2.9326452601454065,-9.553036154057637
4,51,0,4.499999905569913,14.15364699701438,14.038133537239547,19.900123367221873,2.5249257009025294,6.712619728454001
4,52,0,4.500000717921256,14.292351750347388,14.333134536944675,19.76679373092898,2.3704401752363737,6.964632835212068
4,72,0,4.500000565090765,14.240319789784236,14.306811843518695,19.8999557740097,1.8961781351027966,7.413586182379838
4,79,0,4.499999451257808,14.425532260039644,14.071859389742333,19.87193913360989,2.1519884058096164,6.941411452390426
4,91,0,4.499997181200756,14.192861871377149,14.152939787028794,19.57213391231916,2.0845193105394397,7.37219771482421
4,92,0,4.499997659174011,14.19179761477741,14.32501884223472,19.70654597988305,2.3968823983907703,7.063005681322686
4,102,0,4.50000063880151,14.036530326193509,14.478935874334583,19.531000514479267,2.453843945452295,7.118819359705942
4,107,0,4.500000339700856,14.288766660222494,14.155632338973321,19.975998390897953,2.7657166317915314,6.0420858287173616
4,111,0,4.500000651621415,14.251276611666738,14.059821693940068,19.702772325528105,1.8143493135264728,7.5027917638115404
4,112,0,4.499998969290116,14.49006302390713,14.31527121070766,20.043307044814394,3.3527202157866025,-5.0298987484381925
4,114,0,4.499998397351968,14.123402926350343,14.525396840734373,19.95715461722808,1.9156180267253176,7.352243330929934
4,117,0,4.499998919104256,14.054211551739412,14.181907486174484,20.19646011886709,2.010622129451671,7.096182569209262
4,120,0,4.5000005557977065,14.388158025224802,14.724017157143004,19.631804078812443,2.414085683628393,6.491649590994147
4,127,1,4.50000024563242,14.852445133276678,14.132762537399099,19.228124835095397,2.025797242448085,1.6116919762502224
4,131,0,4.500000702771917,14.170161180226327,14.110000192245812,19.50409763769992,3.2181973682273597,-8.568635332741316
4,140,0,4.500001158118206,14.150041803572352,14.259140609036281,20.02966451320286,1.9719128312993686,7.274099339171201
4,146,0,4.499998847710279,14.103779884512466,14.327676889579351,19.926616840970592,3.419564850855553,1.3007290394319515
4,152,0,4.500001587447768,14.25017637836933,14.200468602185019,19.6271816689927,2.2686593779043176,7.161484742491183
4,160,0,4.500000082849969,14.985142319799245,14.822284099786552,19.703537027431864,1.9151167461859775,-6.2238194024533815
4,162,0,4.499999447139787,14.105764343627852,14.34198457495228,19.26013034071659,3.111091752515073,5.494199101164835
4,165,0,4.500000250890967,14.079105351907142,14.037666390864162,19.63325845743386,2.189589808715447,7.247995466116642
4,168,0,4.5000013731017425,14.45073315467487,14.317723267213344,20.02149613609803,2.431064316891045,6.300704751538863
4,179,0,4.500000700891676,14.173868899688607,14.094118825641912,20.02664321194539,3.2732617877409425,-7.47645008299869
4,180,0,4.500000423284861,14.279337837551015,14.564535563032942,20.15813609811296,3.1737975229576647,-8.041418032034196
4,188,0,4.499998825014102,14.285484317436861,14.526381001743577,19.328492568371146,2.9739321296541847,5.677007226687872
4,192,0,4.499999303613558,14.702806675558259,14.466344919636267,19.3978659998768,2.8989005136818418,3.26135234102912
4,200,0,4.499999553587854,14.934490831754927,14.414993765744143,19.821482896136345,2.8223063598570186,-2.221796375301288
4,202,0,4.499999877561266,14.040287819273372,14.36660141241072,20.19257407884672,2.4648565001465617,6.8317084552517535
4,205,0,4.500000786038443,14.134136924969976,14.156743584836043,19.762809747108236,2.2344696190410853,7.142312924543049
4,212,0,4.4999994796739395,14.743025388681401,14.972839424063347,20.45021956971311,2.3520499010777285,2.2425282135412488
4,217,0,4.499999643762301,14.005331639958984,14.083592124622578,19.487937539452908,1.840623242890698,7.6229122190355625
4,227,0,4.500000778715176,14.190665664142793,14.179960342142413,19.68259410147568,1.9107829256778126,7.424933491063822
4,228,0,4.499999439441654,14.244570544990012,14.609147101762503,19.235803936637463,2.2234742653837207,7.263179169956469
4,240,0,4.4999987609467835,14.395406937384266,14.511999259278054,19.876974202456772,2.2334065708830906,6.92217686149365
4,247,0,4.500000996161643,14.343072837414383,14.154139617656282,20.287202673052015,2.623030191458352,5.9618460753153375
4,250,0,4.500001302870179,14.04223674318614,14.514648958895808,19.611184237634895,3.4191407781306955,1.4287890894084647
4,253,0,4.4999991125579735,14.051803549104514,14.194428549008954,19.199501398295098,2.871103529450079,6.695735946965506
4,258,0,4.499999511358557,14.075534153029823,14.473681372575,19.651129773466746,1.8116020618835458,7.566555737408411
4,267,0,4.499999289440156,14.27526641612094,14.056997657687441,19.47047618932548,2.6631835243041375,6.652890827621757
4,268,0,4.499997250530049,14.146845841609139,14.234505508456204,19.723409793986786,2.0909021239850185,7.293156009248559
4,274,0,4.500000570770597,14.117414229058696,14.511288362257798,19.03889508373325,2.274331376666581,7.267103759604208
4,280,0,4.500001400483111,14.307905211981794,14.311873232316167,20.089368058628068,2.027435756236828,7.233148111157266
4,285,0,4.500000948609584,14.08568000509325,14.169569895572,20.066890135285785,3.408524035253331,-5.933825851187931
4,287,0,4.499999884760979,14.346364779984494,14.06454790865965,19.80335215929894,1.861797148805063,7.360428621189101
4,288,0,4.500000128014922,14.597920872017202,14.429512328444712,20.117871948207593,2.4070120469409257,-9.949780334684208
4,290,0,4.4999990787041035,14.118234580958497,14.196644949145433,19.832125632617572,2.0556846234653547,7.256865864471386
4,296,0,4.500000058278939,14.843676900020736,14.31818673907267,19.513883679019454,1.9733335948813064,3.8793385611034115
4,308,0,4.500000364620641,14.53295358189475,14.704855757801191,19.25587783510415,2.792668284450613,-9.69157536312748
4,316,0,4.499999958586818,14.203304700473163,14.215509776100127,20.377863146334143,3.0690091889536735,4.757645204391837
4,320,1,4.500000426945111,14.93636400633611,14.687778915577832,19.9115222699779,2.227947391819369,-1.994962984814988
4,327,0,4.500000383234477,14.474916705102288,14.170324290653319,20.304650504201806,1.9095462709009507,6.8727422828654525
4,328,0,4.500000101435326,14.477828533811083,14.31661324247872,19.15805286698239,2.968230161188028,-9.295908914130296
4,330,0,4.499999977162334,14.098652683920921,14.337759207736628,19.641076419816155,1.8615702025932854,7.523935183416427
4,333,0,4.499999748098919,14.114440944692488,14.142389116819567,19.12208329552025,2.1833730796800164,7.565573252996824
4,339,0,4.50000033162129,14.17000976791362,14.106611015441294,19.48527398678393,3.4899760899791574,-0.9488061278990418
4,345,0,4.500000378293948,14.063076401922675,14.18023389082338,19.755560107847998,2.0788125026026645,7.241054847601795
4,355,0,4.499999871262802,14.22804388042973,14.064218567681054,20.00852191203868,2.598081444061963,6.438814480729821
4,356,0,4.500001943884879,14.19138851938993,14.32666811526769,19.74583212445671,2.8769049824507062,6.191849505846662
4,368,0,4.499999446410978,14.515600653066251,14.40857544427825,19.192871881971044,1.8390635713540198,7.216736591141711
4,370,0,4.500000550409172,14.112932809313502,14.297038899730163,19.66815304322652,3.4062781614310476,-6.731647403191636
4,375,0,4.499999328124975,14.312094742881131,14.115507323612334,19.626157570722338,2.020854288314451,7.4076521983187185
4,378,0,4.500000111033706,14.004984399123583,14.607448186172377,20.173311611062253,2.367944424250029,6.859787078187001
4,388,0,4.500001585739625,14.357560133185034,14.34376870986879,20.013266690473838,2.2952311197558477,6.866764344062982
4,393,0,4.500000647104335,14.071192184175812,14.126104559752653,19.651166472970697,1.9125828927132045,7.43358967493997
4,400,1,4.500000692491569,14.750277252922661,14.517545694816146,19.061846436113346,3.3360980864040983,-0.2570314554961879
4,410,0,4.50000029309397,14.094783934877395,14.24088288895425,19.954363715873658,2.247676261328642,7.089383082075621
4,413,0,4.500000983681658,14.105111109268561,14.035454359050483,19.83392410127213,2.260682018546428,7.046491971072982
4,415,0,4.4999991480323125,14.909511368375222,14.060579538829211,20.18802292736974,2.629180465882052,-3.839797178557685
4,416,0,4.500001032473896,14.525119485801012,14.238725131097759,19.92512320515054,2.943438047052269,4.709094364885411
4,436,0,4.500000118915731,14.256181505510794,14.223437114828185,19.43502041897434,1.8455742061227332,7.601390330934414
4,450,0,4.500000685875288,14.042342976219803,14.835007090753816,19.817270126480466,3.07656766932654,4.673119970490395
4,456,0,4.499997933070083,14.35069314041072,14.457596691155572,19.555797716929334,2.3516424642299354,6.961829409971358
4,463,0,4.49999922399507,14.28131463111262,14.19230614151091,19.419013008645663,2.3179934116309036,7.217478437666969
4,475,0,4.499999144087692,14.219379106160796,14.149500386215244,19.806777234222732,1.8708354351038956,7.4070362538103005
4,476,0,4.499998732211674,14.17809349596722,14.476624667089078,19.907253516971927,1.9904483023929558,7.335260836790017
4,492,0,4.500000807462971,14.190390797728739,14.492383319771491,19.569568760727808,1.9490923715323116,7.476871160627617
4,498,0,4.499999746504708,14.126973071404326,14.373215456954092,19.425736404001377,2.1543439025811977,7.347013875112342
4,501,0,4.5000007401107185,14.007591830556603,14.025473584518519,19.552078445578278,2.7322941346637792,6.792839993851029
4,504,1,4.50000052623563,14.376877851606086,14.46272893356681,20.118913270199094,3.381120362061084,1.997212330047649
4,511,0,4.499999502805038,14.734456318889622,14.087563172961126,19.755286302681434,2.4624475848781895,3.7769269537455923
4,512,0,4.499999933464763,14.804190722056129,14.312950372868155,19.66943886010146,3.2014729079455932,0.7781338152461519
4,522,0,4.5000005964229075,14.061349087111061,14.284215890476101,19.817475637056226,2.14136535116881,7.217088163281879
4,527,0,4.500000261386033,14.896091160229645,14.128477924376533,19.72937043281293,2.079093794015586,-7.553754168670665
4,537,0,4.499999410441608,14.01175191466103,14.05849972793793,19.720012055368677,1.9726582154250034,7.328717215791428
4,539,0,4.500000183016698,14.254687516515723,14.123993178309298,19.122630606777662,3.1008035389576967,-9.46925096898821
4,548,0,4.500001903809834,14.177852619896395,14.22028083999873,19.693069785454828,1.9175530496329454,7.434191903609413
4,560,0,4.499999321101941,14.387308477682751,14.204684077902426,20.43642267482999,2.3198805233055273,6.426895876936797
4,567,0,4.50000102870431,14.254415751822409,14.065992962961893,19.8041727967249,2.3226249502996303,6.975430472747497
4,570,0,4.500000177480211,14.007416543382892,14.285638068675915,19.081282449000586,3.259453661627007,4.45757081958247
4,587,0,4.500001153961957,14.323540719272396,14.171389210180696,20.213864932983046,2.121630992929661,7.016015925171541
4,588,0,4.500002478033766,14.156477306644543,14.403399410091776,19.766756178109002,1.818660200909481,7.529909373272918
4,594,0,4.500001211533538,14.136459612248256,14.613811847770474,20.18074580942851,2.612894770092764,6.497712129255927
4,600,1,4.499999419808513,14.30836945172221,14.556996206620354,19.2078048605881,3.067574486944326,5.21413199794087
4,607,0,4.499999585669664,14.44338788423492,14.165870817255458,19.5761647166431,2.2765695844000495,6.898444421438203
4,608,0,4.499999534422088,14.793460092730555,14.297331635164861,19.295598849487188,2.1388070384253584,-9.486566023145395
4,610,0,4.499999041330309,14.123317523079914,14.279678309438474,19.66997138040759,2.23526771786108,7.224470271816639
4,613,0,4.499999190383279,14.052031365430269,14.091610537962776,19.269340253789327,2.292297194095849,7.41290860234411
4,616,0,4.500000577573607,14.709322455082281,14.707629114313121,19.776344295268476,3.331734512219169,-1.0573827537696072
4,623,0,4.500000687768213,14.460744543392872,14.023616736268744,20.04759220347722,3.263380997904912,2.9888617931938395
4,628,0,4.500000381100185,14.449306873826508,14.197814674843892,19.971919883479238,3.37313398192531,-4.975389977198132
4,642,0,4.500001284799727,14.064001034819178,14.400223349595677,19.712500370504273,2.310105340431691,7.1692811302529265
4,648,0,4.500000461811729,14.421744121914532,14.332380721502327,19.90318501075589,1.8713869932473017,7.2883545160621495
4,655,0,4.499999232622242,14.3684892516109,14.080693968452985,20.020527712918142,1.957411562495025,7.190165930123303
4,668,0,4.500001049287592,14.194612002002481,14.282135874651496,19.564511745734467,2.697046235123175,6.666978554916703
4,684,0,4.499998978404022,14.180092316904267,14.293934150156728,20.049090821059696,3.035897503824561,5.388898465920118
4,688,0,4.499999795236061,14.630456959645072,14.427843163724836,19.84452858285506,3.0782754357122313,-7.235954457658679
4,690,0,4.4999993472816,14.128223745440668,14.216084930977289,20.03150138024279,1.9023845000914843,7.312659184559784
4,708,0,4.500001475175652,14.255355212186712,14.57717949540461,19.481911908281653,3.0342372917506535,5.433707282153257
4,720,0,4.499999945451948,14.701425796834855,14.886964882236812,20.457874010064195,1.9847252412263976,3.9986194736750758
4,722,0,4.500000184028199,14.144811920625868,14.255694410228546,19.890116255893766,3.0423411985470916,-9.215788767633287
4,727,0,4.499999963551311,14.522059994477678,14.114905750837211,19.811361239233882,2.2455463261766173,6.483557948789709
4,730,0,4.500000220956998,14.063590275567469,14.409465679936586,19.165786055619385,2.1346075622957286,7.3634910620644725
4,733,0,4.49999998460431,14.097877086790971,14.17836083112024,19.51388774225043,1.9857248797653682,7.453884133282475
4,736,0,4.49999915318635,14.490252691606749,14.442981913612924,19.570232825466118,2.1009839060648066,6.996892417806972
4,738,0,4.4999995612452866,14.019371066801988,14.270952942240395,19.044322810394643,3.505523392061379,-2.50497440939219
4,743,0,4.500002210867613,14.212114707838449,14.147636247705432,19.585470684828504,1.8371075741959038,7.549063488711408
4,755,0,4.500000258526775,14.148074127215997,14.134148827878736,19.736653516329525,2.7026734552852973,6.599900457451337
4,756,0,4.500002216740934,14.223467094571891,14.281417585529521,19.865978222202667,2.116330928163409,7.265416176631078
4,768,1,4.49999967911231,14.852932668595285,14.426621413881977,19.90005925525323,1.8802493330744865,-9.450982103563202
4,770,0,4.500001221919523,14.06878051124142,14.217878251092163,20.17254075592542,3.444432891477695,0.300099528556812
4,776,0,4.499998842345388,14.2820703559177,14.224670206474725,19.365458127374616,2.139063010704256,7.441899339789099
4,796,0,4.499997390902363,14.22047298984183,14.23235353552061,19.806457638063947,2.2126062125508374,7.188658094799948
4,803,0,4.499999749432875,14.234544905379856,14.172778550338732,20.484877398988907,3.413372122139748,-3.003126112206089
4,804,0,4.499999817335994,14.301843217603604,14.677189844580539,19.953990399383144,2.916630223439631,-9.5409895928483
4,806,0,4.499999061200259,14.076938672760848,14.247532793082492,19.83213164768808,1.9219816567967163,7.382908226910278
4,818,0,4.500001135991907,14.119365574300229,14.270133175025585,19.62525639921546,2.339833906874939,7.160812047124583
4,821,0,4.500001171441285,14.083499304231935,14.088339059233626,19.463442745992673,2.6569590094700177,6.97850242716061
4,824,0,4.500001123214018,14.435491252652099,14.429193621574925,19.735044547812276,3.259839901863332,3.8132050117814646
4,835,0,4.500000629954212,14.215775462100364,14.004049669099846,19.89450126698846,2.0725591808715933,7.1707355772823504
4,844,0,4.500000728613407,14.158176149087028,14.230387126711184,19.575562101957928,3.295432795421057,-7.874388405291274
4,848,0,4.499998845667618,14.564210496444229,14.461902658730626,19.66854631808704,2.4843091639898622,5.673837589046235
4,851,0,4.500000806015169,14.160568513301993,14.02925766330898,20.172438580970972,1.8062662809352223,7.273651923675207
4,855,0,4.499999599067001,14.563173400528717,14.013852133526683,19.284947151336347,3.254049099536003,3.4415933990679477
4,858,0,4.500000143971766,14.03889982820611,14.433428763457837,19.884306431520123,2.8356367939315463,6.40042459640517
4,861,0,4.4999992032583105,14.118495783177567,14.081698880669721,20.0195842235338,2.2923162538864164,6.939735739773749
4,864,0,4.499999294606668,14.253153167189806,14.28202647608441,19.91192460466615,2.0455055250612175,7.30489277314479
4,871,0,4.500000206096331,14.326745625683479,14.187951758626848,19.907721265397942,2.287326156636278,6.95100190278357
4,877,0,4.500000084468115,14.125306983902775,14.147004009952706,19.63948001606417,3.2919565875563714,3.8195514670134525
4,883,0,4.4999984139724045,14.148282444414269,14.165589692545788,19.565186902950437,2.0216287796785863,7.404752630065783
4,884,0,4.49999985357984,14.268677502124197,14.652234140016088,19.631253678656858,1.9887169113128518,7.383883904076672
4,896,0,4.50000065990175,14.709546111638408,14.24179722413369,20.101058187878714,2.2344714137888078,4.628237105954822
4,901,1,4.500000663010574,14.059980370325396,14.106415294956093,20.26303646098042,2.7623788655392603,-9.758529909998574
4,904,0,4.499998664293948,14.413471359739706,14.467066798908222,19.59844379198603,3.4074280475490366,-5.212434935861774
4,909,0,4.499999532065078,14.133357691966788,14.001888490725522,19.601715809139186,2.011350902010092,7.426423711386903
4,911,0,4.500000647764643,14.565172700916655,14.039446609817157,19.31280127059142,2.6796231032881863,-9.809581343801856
4,916,0,4.499999603185586,14.437516132053519,14.246511468959367,19.160892611094063,2.986694350943327,5.453420291760883
4,931,0,4.500000560383503,14.16766244130859,14.133877015000225,19.726414250540554,1.9807061925658265,7.32960144577989
4,932,0,4.499998698520116,14.220935598906308,14.277825987790951,19.985257706596983,2.5533660099804174,6.66116568618834
4,944,0,4.499999034064306,14.305636357564033,14.270386811744409,19.64741305454199,1.9003193537326344,7.475828206300104
4,946,0,4.500000331983016,14.099733955090288,14.733017699456965,19.24738022193212,3.2241481712101097,-8.318939559345546
4,971,0,4.499999956366106,14.231223332696283,14.12569712792214,19.7059875443725,2.3564826328743296,7.020418110198484
4,972,0,4.499998591556537,14.15880177741322,14.477402554642552,19.387287073096765,2.5405250079095443,6.981612408604914
4,976,0,4.4999998131652434,14.433042447833516,14.221517632635255,19.330295343394507,2.8285052138419555,-9.967992872672138
4,984,0,4.499997798019435,14.283207338291664,14.340409746039484,19.809145620776793,2.0633128468781665,7.3410235953351375
4,991,0,4.500000428734405,14.557325285269883,14.091304606341296,20.267846543200253,1.9666305798511154,6.510036990012804
4,992,0,4.500000336328563,14.868413966950722,14.355834770261952,19.84232595341587,3.0361437507382787,-2.9739366359808512
4,994,0,4.500000493246475,14.099615778663383,14.534346024653098,20.27867306640236,2.022084274752354,7.080485703518956
4,997,0,4.500002211935995,14.103319947989533,14.170471976767379,19.81675234135867,1.8373949048634097,7.434410195156069
4,1000,1,4.50000034999514,14.63794956849705,14.711728814598521,19.103211194151925,2.048793003298814,6.218250916722745
4,1007,1,4.499999937227983,14.960050009668999,14.16365325372985,19.44392573318505,2.8519933828135757,-0.8165361983653394
4,1014,0,4.500000323451142,14.018599365038785,14.363439901803101,19.693429801360153,2.2167115268597266,7.211652708317981
4,1020,0,4.500001227425998,14.215847449424473,14.928674949274697,20.02136402400454,3.3380244749614434,-0.00039999927501988
4,1030,0,4.500000748990965,14.005280248315344,14.268869433379347,19.538361923754763,2.2593337986368036,7.196693589093069
4,1036,0,4.500000419238987,14.149062348383502,14.435099501978184,20.45547087129928,3.227915446318954,3.393584370904742
4,1040,0,4.499999768698174,14.656069211808893,14.674415059696333,20.19037909077353,3.1183155757211383,-5.922957338943496
4,1042,0,4.50000194049145,14.131045725655405,14.329343042051038,19.868106841485922,2.174953595140918,7.2102374540601275
4,1045,0,4.499999689598192,14.0515248771887,14.048234997618211,20.052092987913642,1.8603704640974785,7.223668913239994
4,1047,0,4.5000003902537555,14.399333340099087,14.18481738963558,19.76206766384413,3.1321043437725677,-8.286059356743005
4,1048,0,4.499999517572976,14.442927942063942,14.311813547390953,19.69121800117901,2.119355423918722,7.108079375928092
4,1056,0,4.499999278520996,14.419331198096595,14.33301618041892,19.588706780405715,2.9244461700868642,-9.565139042704049
4,1064,0,4.499998629784306,14.272314416991843,14.210028914370822,20.03788396579661,2.0461868145551585,7.227648607439566
4,1083,0,4.500000964369978,14.182261476184014,14.052624725894178,19.582439086302877,2.1349810324698217,7.358619841597051
4,1084,0,4.499998950963007,14.199922541558822,14.246226393542491,19.66035947488312,2.281209017389613,7.180992908122622
4,1090,0,4.500000500993281,14.047335760942591,14.343441699533505,19.60199218456977,2.918357655584285,-9.759536293541
4,1095,0,4.500001356581296,14.341749828716473,14.124666232196244,19.530359858928875,2.1705372312583147,7.306219061633538
4,1101,0,4.500001869745573,14.097813888958928,14.16304664953194,19.846448822760223,1.829783283896158,7.426547226852243
4,1107,0,4.500001757873164,14.157867991928702,14.19281870818436,19.92809979314853,2.139385783358509,7.172576073795842
4,1108,0,4.499999655383799,14.29063538062506,14.513425579794271,19.814308958687143,2.768091775192346,6.124596731580027
4,1123,0,4.500000714480297,14.258535797564768,14.011322082120545,19.50905148052453,3.316492737925412,3.9224098654083885
4,1136,0,4.500000872928164,14.674546101244047,14.518932862492392,19.79086240312209,2.356255118915968,4.814487691033689
4,1144,0,4.4999997836966905,14.395256597791477,14.262447446232608,19.26500480234948,3.4986256690096624,-3.310202011905101
4,1146,0,4.500000636530782,14.061596183689531,14.355098712448855,19.583973488300128,1.8522917023910404,7.5467033429457295
4,1149,0,4.500000362681445,14.11556398149431,14.151741394863986,19.506351225861675,1.9204944201564336,7.5296149840463755
4,1155,0,4.499999485430136,14.173282976952528,14.018222374170781,19.710420056436014,2.0773074521194967,7.303301354086795
4,1156,0,4.499999126322391,14.271537913633559,14.369289742735756,19.40372384193789,1.9477372374105397,7.5237030438808326
4,1163,0,4.500000343134999,14.274962148971886,14.142483045780104,19.956122133741612,2.872214798173352,-9.698672620199064
4,1168,0,4.499999961565955,14.301729645907514,14.244744546047409,19.813679450188758,2.3652020948038395,6.9227309948766695
4,1175,1,4.499999802885403,14.443805675534279,14.011585165150782,20.194528132305575,2.4177175487061806,6.2045738135318445
4,1184,0,4.499999286943247,14.766308902704871,14.232467714311461,19.12348526841219,2.6625821723004703,3.2722998416115487
4,1192,0,4.500000712797873,14.940420785909714,14.787862872926059,20.039377308401253,2.1443027663137393,-7.129618056540133
4,1194,1,4.499999620149138,14.048861403843901,14.231072458097925,20.176310485678123,3.038030295861952,5.317479825337168
4,1216,0,4.4999998781229955,14.947701641959066,14.42193423275102,19.598112635597886,2.203369684118106,-6.790040039536212
4,1218,0,4.499999467841863,14.077141319284001,14.522614823404973,19.18058787970692,2.438603160069841,7.144287464529473
4,1221,0,4.500001289140759,14.085322524938915,14.16858535363995,19.559603632360986,2.546857765959668,7.012509322435818
4,1224,0,4.500000817369355,14.444200941086878,14.769898285864743,20.160860395235762,2.8779706153007716,4.679614588870162
4,1228,0,4.499998384953301,14.152693267008411,14.230206364949078,19.494104153951913,1.8153797553397908,7.589194187051529
4,1231,1,4.499999513635721,14.72116891955515,14.072173234930238,19.902830166079017,2.6554351697416263,3.3345688718463453
4,1235,1,4.500000429368989,14.1760643934512,14.00001340934669,19.99150253997004,3.4217058407095986,-4.618854837320136
4,1236,0,4.499999762767494,14.312046619535314,14.292119319509949,20.433768462103593,2.6760939618914494,-9.945582063040804
4,1238,0,4.500000021193325,14.005118572982381,14.431479982772709,19.774860969752933,1.9875787977994073,7.363499558948167
4,1259,0,4.499997465561777,14.207242240539593,14.145615090058232,19.750995053185456,1.9186170557631226,7.383155568295951
4,1260,0,4.500000407503618,14.17724019834457,14.365267329499988,19.9366094137373,2.155176491330194,7.21335832850373
4,1266,0,4.500001651069122,14.108704149086815,14.456669250057876,19.744026776273284,3.4844165397600357,-1.6564679877885702
4,1272,0,4.500001672466133,14.212951609765286,14.289614732302978,19.6684712797872,2.017100770786813,7.398238106515542
4,1279,0,4.500000693823814,14.67175752359981,14.101760710879647,19.362304754385256,2.4194272740021407,5.260228139319262
4,1284,0,4.500000664349794,14.216921229007623,14.206683654789364,19.796591585042933,2.30170988792954,7.0885681052535325
4,1298,1,4.499998917773359,14.12051906332139,14.713406162026391,19.438399682379718,3.3556820032811343,-6.805629330315806
4,1306,0,4.500000700578322,14.010942565721878,14.24168709359326,20.255097041144083,1.9765534906682303,7.1085022992140985
4,1311,0,4.4999999503379735,14.531488377985193,14.04141004533933,20.3452980008517,2.3294041378963466,-9.920700356503065
4,1312,0,4.499999572298842,14.875699304278976,14.416691268302284,19.7865657778628,1.825001569415089,0.8390591921327033
4,1320,1,4.500000199080668,14.629078969196879,14.944001168055197,19.152949445231975,2.736747098518319,-9.530937022911456
4,1322,0,4.500000562018214,14.058887844069744,14.237114272514969,19.62650749093228,2.0068495670526523,7.36462320817224
4,1325,0,4.500000056561263,14.144964807203243,14.048505782902948,19.3712334502689,1.934768003464481,7.641167647740129
4,1327,0,4.500001022656097,14.659839358664504,14.109709013041101,19.681065163413475,3.2523642527731744,-4.8943807223116655
4,1332,0,4.499999117982994,14.304328400729462,14.302034868875579,19.159096829470048,3.416098367099213,3.019086436335515
4,1337,0,4.500000729431794,14.051253059821804,14.072158543257043,19.734900312438725,2.2303185259255485,7.121628928866848
4,1344,0,4.500000661006617,14.654938145992261,14.2017737805887,20.008375389156104,2.8376499351438333,-8.205860351834088
4,1346,0,4.500000461806109,14.091610570330841,14.361814453563824,19.82325405841368,1.948547421395394,7.3917855741797105
4,1349,1,4.500000096673285,14.070609059477766,14.06341604844102,20.209250030878046,2.2352081512706627,6.883614764959717
4,1352,0,4.500000932143232,14.659460894291751,14.554142409888916,19.718678198186172,2.4679744895818274,4.679899839952386
4,1359,0,4.499999751544081,14.66882648357673,14.05781855098038,19.243819984066636,1.9740990520436843,6.395473619282196
4,1372,0,4.499999311284325,14.231470541292591,14.521212810413454,20.326624067804605,2.689555390463853,6.093186601774292
4,1387,0,4.500001482831625,14.25084467814279,14.161951088355227,19.400719022637745,2.3485223817552674,7.232954136762061
4,1388,0,4.499999844817211,14.16033711499159,14.390793548076537,19.688669448782974,2.422888031571518,7.066864828425814
4,1400,0,4.500000561046283,14.306051956683064,14.527894555285116,20.289256795975977,1.8907650866003018,7.176775832937398
4,1402,0,4.500000148814055,14.041900544609305,14.38311329957801,19.815010785499336,3.4755335768393127,-2.381722703160065
4,1407,0,4.499998574562462,14.352069043670873,14.185067327535199,19.81349273201736,1.9424197767747118,7.3538933198487975
4,1420,0,4.500000046262065,14.161362688009037,14.195343691639426,19.384020289881065,2.3652563705698535,7.265144750168869
4,1426,0,4.500000366365117,14.135837082393133,14.20853546481441,19.317694754012653,2.3099142702173094,7.349934667606789
4,1432,0,4.500000416915603,14.583254908004465,14.326453347434624,20.446223617019072,3.1190808411188247,2.500172527061226
4,1442,0,4.499999021233752,14.060726275948687,14.390897654490573,19.76005940041217,2.742362153832466,6.684592214394325
4,1448,0,4.499998974248931,14.340233195794307,14.294029603983303,19.633829771556602,2.6237092661109878,6.421021597621909
4,1455,0,4.499998855323151,14.301766216949646,14.081897840111285,19.444768176682572,2.1603824261459352,7.420157367878023
4,1467,0,4.500000225812094,14.246713723815496,14.003466524915714,19.758189051282557,2.0952158929097284,7.274660461744794
4,1468,0,4.500001940955937,14.164713220061405,14.238241340575112,19.83008034369781,1.8503120816917333,7.452496298584826
4,1472,0,4.500000166810066,14.575605573914935,14.35870104563493,19.86112363870077,2.441860496221963,5.643543301543097
4,1479,0,4.500000505396201,14.2457604861102,14.146163368641831,19.98236457107718,2.8401535690928954,5.957160055461351
4,1491,0,4.500000276899106,14.175179981416786,14.018489633122135,19.70952553796628,1.8417625333113197,7.489945152176212
4,1492,0,4.5000004936024895,14.22269221775984,14.352894914695232,19.539559916846656,1.9705208736419304,7.476199959002702
4,1513,0,4.5000004003986795,14.010521640381207,14.188053894736779,19.522965624551926,1.8913955437293533,7.514171542721389
4,1520,0,4.50000029898605,14.566676146594105,14.588834433080649,19.278377042065177,3.4515902433362404,-1.1960009109790164
4,1527,0,4.500000084667403,14.491010082129858,14.14524105308676,19.594661591603238,2.98050501146235,4.990851607583183
4,1530,0,4.499999812492292,14.105590443913053,14.407744569769434,20.076192803160115,2.0578025290545727,7.1943045426786405
4,1533,0,4.499998417504643,14.096728414107469,14.132703093014818,19.879718394840395,2.678902779434216,6.628714408027932
4,1536,0,4.500000392891176,14.900245305772126,14.431842929132294,19.31291266333332,2.3752834257757534,-7.49948689117099
4,1538,0,4.500002321761507,14.116691995437597,14.224868834721319,19.620783001328686,2.1125829859000813,7.291757510986415
4,1544,0,4.500000795248195,14.327246748455165,14.214518137779546,19.77835201093571,3.464001446759701,-1.1190748024262724
4,1553,0,4.500000661875956,14.016622036825682,14.067539105800472,19.770281902100145,1.8773804610240261,7.377492818548127
4,1556,1,4.499999772879856,14.516263166388258,14.88676977540067,20.36661241430924,3.298607377054828,-3.0598973654054777
4,1580,0,4.500000585667868,14.163703282774428,14.311051686394107,19.744018697346018,1.9937710571017915,7.386642962696492
4,1586,0,4.499999979610722,14.102258675412784,14.361909102477243,20.049594126484916,3.039320806823447,5.4705776943744056
4,1592,0,4.500000368205484,14.33172738837832,14.288355800378998,19.28152371534331,2.635063562625623,6.572257965841935
4,1599,0,4.500000817177247,14.411070985528497,14.104011847967277,19.628879699063102,2.5896584010203028,6.289163762248329
4,1603,0,4.500001486909645,14.185235955510237,14.113034807119334,19.512183591719673,2.0619332030964177,7.44462528720689
4,1604,0,4.499997583656302,14.203997826046027,14.308521107297214,19.697017256149906,1.8497703628105897,7.51659708601807
4,1616,0,4.500000760452407,14.374554485891196,14.377506250204666,20.10552086705517,2.695084452924884,5.885289812713626
4,1623,0,4.499997463863893,14.261416814195774,14.136828927237215,19.783722856024923,2.0912419735835504,7.25456258665109
4,1629,1,4.5000008044155955,14.056736584351885,14.032532606243768,19.712549354971436,3.4837829968588787,-0.7382390021985259
4,1632,0,4.5000005014445765,14.75369924415119,14.907704888567224,19.58498040005203,2.792825961208333,1.8531380886905477
4,1639,0,4.499998734580277,14.398212023824506,14.106744913727004,19.28163416126291,3.0959579546063076,5.204498989846487
4,1642,0,4.50000106690606,14.051745100085565,14.416093832473479,19.87529535923217,2.383472038946987,7.061970202151176
4,1645,0,4.499999886527197,14.129048822439598,14.159468211923896,20.318869476182478,2.287478903427169,6.821563694206308
4,1657,0,4.50000055076778,14.036198294506699,14.166492078512656,19.680138813362127,2.0666948705927544,7.2590106822462666
4,1660,0,4.499999843250647,14.218050606731193,14.341514609190623,19.3013749371615,3.461294649039651,-5.593024938462081
4,1664,0,4.499999076567569,14.561582430062494,14.219098385581718,19.558205205295998,1.8885141056504433,6.946663998592751
4,1666,0,4.500000974163132,14.082986473760458,14.453343912057937,19.316777406673477,3.4971491039372884,-3.696362164389125
4,1671,0,4.499999433597801,14.24582757696997,14.001596918633457,19.336777100133013,1.9889994200356949,7.641954171567686
4,1684,0,4.4999989492915455,14.200752531405673,14.219382948821634,19.901573196838605,2.2919702521528094,7.06849345931338
4,1693,0,4.500000629331294,14.112925948202436,14.188574941038755,19.727977601693603,1.8082659459102444,7.4997803409034205
4,1700,0,4.500002153114394,14.279906026421061,14.404237173054788,19.480979382124822,2.7328056801587826,6.4105116901200425
4,1705,0,4.499999217978148,14.005830416694952,14.06077837287368,19.8994746300921,2.152648262522053,7.026949652337397
4,1712,0,4.500000235144763,14.8241922993533,14.363350489878515,20.30988626426535,2.4517193664724664,1.2764493676583601
4,1720,0,4.4999998779640284,14.344680933530828,14.502604878049436,19.68902534720749,2.939735891714116,-9.682446563158683
4,1722,0,4.500000198179427,14.099023876359194,14.26552761161091,19.397311420874555,1.9432967475193026,7.516566624143472
4,1727,1,4.4999991657699265,14.910964932295549,14.174287540372394,19.256366509002675,2.742938373874998,-5.05146119815922
4,1740,0,4.5000000766404815,14.160621666485975,14.424890980093908,19.892616931412462,3.356576075676046,2.8619167778211274
4,1744,0,4.499999500662937,14.603614919242869,14.260391488386132,19.743377965848456,2.554119576462641,-9.69751603015777
4,1746,0,4.5000020681555455,14.145452260965339,14.259200362560234,19.8945460196446,1.9528459216482286,7.34741420131785
4,1759,0,4.50000048638117,14.733029722472162,14.010198666542392,19.650705379196996,2.136759426465869,5.071980002141384
4,1762,0,4.4999993945028605,14.050640706294821,14.800134053382875,19.583593156247353,2.0483393504362883,7.194306279832112
4,1768,0,4.500000389606284,14.398206800077475,14.78179465921716,19.908028688599423,2.059804567267886,6.915276964120832
4,1775,0,4.500000907992008,14.348267342935971,14.150827736545665,20.338566849518184,1.826380558432789,7.1580941506505695
4,1787,0,4.500000226866014,14.235656468584038,14.194287243252042,19.644792351406725,3.172907908616033,4.813207617232036
4,1788,0,4.499999361180173,14.173220210641581,14.3833577879442,19.504373898757315,2.256832478842855,7.276123658714187
4,1792,0,4.499999007452732,14.56478369275474,14.263139313844196,19.987105584790054,2.0546175153803015,6.54010018252885
4,1799,0,4.500000341026889,14.269735842834223,14.031723776722938,19.816385714510716,2.4339962796195715,6.780994271420823
4,1811,0,4.500000185070073,14.162461223177532,14.104515928044966,19.602641108142066,1.8903053984885845,7.5092723910756725
4,1812,0,4.500000226018459,14.256795876152982,14.300884807122895,19.686385458736623,2.2057962639788107,7.245766390922466
4,1840,0,4.500001040973457,14.50297789413347,14.267389078036162,19.598744808546414,2.687185315613126,5.646077870873157
4,1844,0,4.5000005148454925,14.194082564100754,14.340453451109815,19.775196027860666,1.806029710291843,7.532416438536654
4,1850,0,4.499999663559218,14.046307586395868,14.216893528572951,19.979832503103953,2.5318833972612365,6.850872798203028
4,1853,0,4.500000083387027,14.106212126231704,14.004286861419171,20.060509492201895,2.4627988923321946,6.719417703450247
4,1860,0,4.500000655850808,14.275944164795321,14.342103206209172,19.95011120861879,3.2860891219283026,-7.4934346828583625
4,1862,0,4.500000709338715,14.038325839105195,14.345064279888316,19.914875941102597,1.8406403023196167,7.448422329573468
4,1867,0,4.499999637948925,14.454503629269254,14.075232547187374,19.21665641075713,2.1007829818397044,7.393875120868309
4,1874,0,4.500000687467372,14.139470161558531,14.621932317805229,19.576715072980587,2.9614933299426003,5.891475396761541
4,1877,0,4.499999566278502,14.085684845242554,14.165190353365414,19.371102259009728,2.109253118631269,7.456971950992575
4,1880,0,4.500001294431701,14.431905549710844,14.681607740178563,19.841967727186837,2.6632538564988546,5.662467669463588
4,1887,0,4.500000659058348,14.74750661783126,14.151503677879385,20.266444181545292,3.2558665160712295,-1.5973210233715118
4,1890,0,4.500000915618073,14.054756765754332,14.639868702605238,20.218232627510194,3.1755130149541353,3.8525821380562206
4,1893,0,4.499999716849949,14.051943305154412,14.084976297195452,19.768701485782294,3.3297505132789933,2.7192524604807176
4,1896,0,4.500000167982794,14.331217298461823,14.317390799089338,19.408276284686448,2.4634598832030754,6.836851077926081
4,1903,0,4.499999465015999,14.413284055854758,14.116165727174781,19.585227079472304,2.3780051634374018,6.79559799078606
4,1915,0,4.499999736364839,14.217341319688392,14.10698185586243,19.921876961696825,2.0373661039284987,7.216884246762763
4,1916,0,4.499998253051481,14.192302143637425,14.490362122981816,19.728249604165065,1.9985234843914899,7.3973769070109725
4,1920,0,4.500000876054832,14.818824542006261,14.644558347777998,19.747053842413557,3.093866372570318,-3.578901854764786
4,1922,0,4.500000793304252,14.090260874883317,14.263566633582798,20.099425488598467,1.8195626842269326,7.36884945023402
4,1925,0,4.499999331823226,14.100891001705552,14.106177387859208,19.806809841095017,1.9403035762769243,7.302924537685229
4,1927,0,4.499999907194665,14.431172191465302,14.11503706835123,20.222199875860724,2.8797597580962746,-9.058740362740245
4,1928,0,4.500000752556278,14.56136883313571,14.433626095904481,19.191762590766054,2.4757935173798407,5.869790188156356
4,1942,0,4.500000275342117,14.056413058635849,14.251941581767108,19.71738824412527,2.3875807006224243,7.089466419874185
4,1948,0,4.500001114421938,14.351373649203786,14.46919570457484,20.065279990135096,3.4432771950001646,-1.4825904408148158
4,1964,0,4.500001176987837,14.16640541178231,14.209396851293095,19.413644646666054,2.7298079866386877,6.757537114400474
4,1970,0,4.4999994979086075,14.03303861124906,14.33996358830104,19.496254989258716,2.657350134038361,6.917317618539975
4,1976,0,4.500001141642352,14.262637922980906,14.237825163614744,19.850133285851356,1.8888736176616832,7.41801180979169
4,1978,0,4.500000594699232,14.049183290434991,14.443588102987766,20.13597344909244,2.7807229913681777,-9.86625050066286
4,1987,0,4.500002050820908,14.176141144529746,14.172496220834192,19.767017639143035,2.261579887461851,7.134382200221012
4,1988,0,4.500000656630636,14.22554601726091,14.523281938450365,20.014056562805372,2.2157208044101635,7.08703777239532
4,2000,0,4.50000207763436,14.294545141971803,14.36668352220737,19.611046374707712,2.0088653096825038,7.446583660362599
4,2007,0,4.500000760323788,14.377826190497611,14.170312310505592,19.190220144470125,2.0106366285422315,7.614408240056608
4,2008,0,4.499999517654752,14.285793542498167,14.273217194677272,20.300425581152922,2.8351328566222724,-9.63437672835796
4,2013,0,4.500000717534501,14.062741341453327,14.087222317833556,20.36171403902943,2.426839603008217,6.7165737796422675
4,2016,0,4.500000303379306,14.646590253895198,14.417426101369083,20.125229783131974,2.0522462099601433,5.748841576132728
4,2024,1,4.5000008500085364,14.626570006720446,14.210386053924447,19.62269035963304,3.120097900112097,-6.817971078091956
4,2029,0,4.499999667665903,14.136026237845357,14.100539801555865,19.625595878996656,1.8888073605891043,7.492116780851131
4,2036,0,4.499999499840601,14.439670733688576,14.672651952769247,19.42882248000599,3.4138903182629017,1.2274989804784244
5,1,0,4.500000540330325,14.662442650803648,14.393381802663228,19.710802996755856,3.267589876207225,19.55788297829195
5,5,0,4.499999201524411,14.677809139695938,14.202713870494204,20.268082366023265,2.4029489029218825,20.377151184206564
5,6,0,4.500001059294427,14.613737669627941,14.57566088702747,19.735814718655668,3.2967922177724427,19.56400203935471
5,7,0,4.5000002498690685,14.85043911540782,14.390113406153112,19.817763891870566,3.0161333873429164,34.95252206490814
5,8,0,4.500000950744875,14.891111738978825,14.493410560799758,19.794959933226185,2.847527002542538,19.645256298550215
5,9,0,4.499999225691478,14.628309864723972,14.208029582003165,19.852509821323164,4.199858807391192,33.700801324644864
5,10,0,4.499999642981369,14.640596724082673,14.752792033585573,19.262267723177395,2.6831491366729194,34.87087093861439
5,12,0,4.499999178164825,14.77850409385727,14.814200052510456,20.159867746060144,3.587591090172311,20.192687256338775
5,13,0,4.4999997372322,14.668780609474032,14.302565739655682,19.358918933093058,2.456740083041251,34.571182017287974
5,14,0,4.50000012126102,14.69953238138142,14.428786483344284,19.9033475921038,3.320163798278359,34.92355772441874
5,17,0,4.500000255836281,14.217563032211283,14.020712332389575,19.779316837211617,2.6929409508033935,22.955553607131932
5,18,0,4.500000848958348,14.770739817521847,14.5129656926426,20.183670275475315,3.506817650846818,19.80828417018073
5,19,0,4.499999803751805,14.804437459615917,14.414923517950948,19.457278369677756,2.6080735412348277,34.827836614063564
5,20,0,4.500000456795206,14.836040517482473,14.561430495425766,19.729329034685,2.5995773543253407,34.72986500193144
5,21,0,4.499998307728548,14.673307357784438,14.329549352588494,19.93118244640145,3.4780088933341613,19.740972602137905
5,22,0,4.500000110334251,14.450805230801011,14.588348826107158,19.409852532215222,3.1247566689188053,19.714724964451207
5,25,0,4.499999659456789,14.581394875641948,14.362962985685826,20.10887548086005,2.2000480756560115,34.05386922629435
5,27,0,4.500000190815621,14.82590987604854,14.317578647727263,19.878367615495453,3.054309552083665,19.562245920741024
5,28,0,4.499999531952106,14.8407362109201,14.496516413270644,20.305753662504113,2.8267384248637484,19.843439643353477
5,29,0,4.4999999568946105,14.756085893161792,14.270172409383735,19.582129886821374,3.152625665553768,34.94931849128129
5,32,0,4.5000006223026805,14.979736098072076,14.477946591036352,19.55756675410715,3.336744882145474,34.85675573581555
5,33,0,4.500000923038705,14.313995956829485,14.11217566510457,20.21570957785294,3.117984398680467,21.37091872735376
5,36,0,4.4999999189651625,14.905740409862876,14.704115390885223,20.361628447726325,2.306580161768629,33.9350448194902
5,38,0,4.500001165920856,14.712178701741282,14.452203394974406,19.89145109996842,3.0573014070239024,19.55016985528717
5,39,0,4.500000372411909,14.951814643969444,14.250024731770464,19.689441687278446,3.262288941245345,34.92588822857725
5,40,0,4.500000492815112,14.978573419084245,14.721449692198707,19.92775398839357,4.130444675258538,21.146078826212765
5,41,0,4.500000198469458,14.700508593316679,14.373575149514018,19.743746439352254,2.9701603296205468,34.94877238806803
5,45,0,4.500000284931799,14.772079515076063,14.155838218704583,19.81261366870406,3.391091919802354,34.73000761487248
5,46,0,4.499999990264928,14.542832088404692,14.602730408413846,19.311681190132134,2.5875472606606054,34.74217145523412
5,47,0,4.500000394368153,14.948991886922773,14.407851687749204,20.062692674911784,3.4830882442923783,19.81064808761918
5,49,0,4.49999970658737,14.386748933349198,14.413618855350938,19.988193662766193,3.427364637988507,20.209628508971605
5,50,0,4.500001411133984,14.751744887467671,14.43191178923492,19.53779385203881,2.6434949263768925,19.688331074757443
5,51,0,4.499999328163111,14.782608567982976,14.299369690393096,19.948411279294675,3.703560554249422,34.67397464250024
5,52,0,4.50000025729432,14.89021155959991,14.530316099686845,19.84275800448598,3.5750703313851666,34.763020771541726
5,53,0,4.500001110887901,14.71991606750757,14.291585435041409,19.78300070452846,2.508380280117907,19.943738733424738
5,57,0,4.499999216799505,14.440394277938799,14.163498347199969,19.06502180732928,4.345040276283497,33.00014364406526
5,58,0,4.499999980092612,14.740749845562583,14.502345551080394,19.85396363807525,3.0547324106300353,34.967461640073495
5,59,0,4.500001169249921,14.866513814801603,14.3854504556533,19.806144896889197,3.4260697920457583,19.59131184343033
5,60,0,4.499999226383055,14.811762111074238,14.688015353612249,19.609057380893905,3.1907129953673787,19.61224086853527
5,61,0,4.499999350111241,14.735412108633355,14.371459514177188,20.011293346675693,2.8978012038337297,34.86121847736087
5,62,0,4.4999997680336445,14.402339999602392,14.509197831363153,19.661044552551672,4.459112096737999,33.08902982712209
5,65,0,4.500000601537655,14.596681932254917,14.333377343651504,19.918880194645673,2.70150283327091,34.656092371039215
5,67,0,4.50000071156826,14.835683751787423,14.342359616264558,20.26806622988508,2.907334437234518,19.777924082107486
5,69,0,4.499999435390544,14.647172886787828,14.259739439136522,19.749381444147627,3.249960542962368,34.80072624180773
5,70,0,4.500000037821282,14.610564825083353,14.516610265260285,20.268239401211456,2.7078311741286907,34.65817938968862
5,71,0,4.5000017763625735,14.839774989137867,14.266278651534385,19.6330467804631,3.5929799776847404,19.689946623191908
5,72,0,4.499999900274031,14.847655807198475,14.507323921070993,19.942145225401305,3.2050282853843446,34.8945377300987
5,73,0,4.500000072235379,14.517460099884566,14.40400767597259,19.0259786576764,2.849881706025433,19.813241660871896
5,74,0,4.500000134862943,14.605008052349909,14.472952421508607,19.844978717184215,4.485768073749114,21.639974041189653
5,76,0,4.500000411701142,14.792651771665973,14.565944642062968,19.482287663360427,1.9124327742991991,33.691173898711675
5,78,0,4.499999088362564,14.62259029909357,14.608880859520958,19.705333546295474,3.112643819306344,19.54366604502738
5,79,0,4.500000638650773,14.995574754515612,14.326588209530401,19.925433427158794,3.407784815489314,34.80825309301467
5,82,0,4.499999217861043,14.773520884090809,14.493281232643584,19.76314833090684,2.946580833594197,34.96365283103832
5,83,0,4.500001058468089,14.790606038758401,14.235275819831871,19.836468857219465,3.1678163307726575,19.604408417431838
5,84,0,4.500001437652069,14.839302803193085,14.429482273914974,19.932455161839037,3.250511365667444,19.566592527344156
5,85,0,4.50000062085135,14.661010037911895,14.26005612994139,19.527372511824886,3.063275553096904,34.857392276503624
5,86,0,4.500000066090345,14.408759237824475,14.825639073110109,20.02421193101504,4.173224620133481,33.730583080771936
5,90,0,4.499999319103466,14.68727414694281,14.752022823950046,20.073362116954083,2.2498873380438305,20.46146395794472
5,91,0,4.500000723655075,14.812467264726699,14.390836714170383,19.69319736606987,3.350268865777042,34.9801715836484
5,92,0,4.500000277099706,14.812084401952273,14.52387252350132,19.795996466902924,3.594970737058191,34.829398399686205
5,93,0,4.4999995765719225,14.751154945006412,14.396402192503531,19.867284239507693,2.7701077606309794,19.655868269290973
5,96,0,4.500000439978661,14.905411771144074,14.48766009874533,19.8124407886993,2.87436288466162,19.647278216005912
5,97,0,4.499999525745481,14.384754081247163,14.360860850084897,19.713698722885386,3.716529810642583,34.19317076441362
5,98,0,4.499999713668887,14.708285900259789,14.509985567671038,20.421130431370045,2.9575029172909417,34.69426394213692
5,100,0,4.499999296317937,14.863112971698996,14.533380503314351,19.58242394701474,3.1581129921291016,19.51029487609245
5,102,0,4.499999283176984,14.692478459647498,14.641171319242844,19.661269326593708,3.6345596399226996,34.806190752304765
5,103,0,4.500000946365382,14.943186068956877,14.326950462202236,20.05633426070875,2.767862313769748,19.79539282000887
5,104,0,4.500000633880022,14.97545958779232,14.439661355499132,19.62565716550211,2.9567140614179674,34.86589339913555
5,105,0,4.499999989005722,14.656787306278602,14.280928766565847,20.013075983277822,3.2149307845859827,19.740334170622408
5,107,0,4.4999999100899855,14.894368204676578,14.390601421778175,20.0174271026363,3.927976499214606,34.4427260194168
5,109,0,4.49999995426998,14.758076218106957,14.235899779442343,19.20917608430535,1.8417625046835358,21.46456479364164
5,110,0,4.500001448740297,14.427343718758838,14.577988248813119,19.88132510985543,3.4921135574216087,19.941767798741573
5,111,0,4.500000228469498,14.855883309446595,14.321204738090737,19.793532642197288,3.143354141272829,34.95897095253481
5,113,0,4.500000308293081,14.392140797532392,14.043157403636968,19.41671766348754,2.433751734994374,33.22682430044108
5,114,0,4.49999917734661,14.759612468815124,14.670915772220754,19.984440029070903,3.2193365254182096,34.815144062310736
5,115,0,4.499996695652974,14.779500589686673,14.363247238874807,19.737937147604313,2.953427340206061,19.53677527104809
5,116,0,4.500000510244738,14.889143576501999,14.583987405594263,19.479079610841207,3.0274641784223535,19.57773729889097
5,117,0,4.500000087773428,14.705902902205716,14.412976650208483,20.173282119552038,3.2944173153282086,34.80473679597901
5,120,0,4.500000014125292,14.956786539289247,14.816762479510869,19.740908376287972,3.5897296121713653,34.11808679013669
5,121,0,4.500000323747381,14.127520286210094,14.098476761083406,19.9851309837549,2.833221285802133,23.780242643786394
5,122,0,4.500000711616882,14.722171813522452,14.471625551841788,19.445405565002968,3.485214128755708,19.53124758869906
5,123,0,4.500000746769914,14.841789390202017,14.161886382192892,20.087152247000745,2.244775940111143,34.21796454596861
5,124,0,4.499999737239706,14.791491373819948,14.441030514664197,19.864781442268903,2.869309143350635,34.91641664227335
5,125,0,4.500001190904859,14.71850607909612,14.262746155627116,19.612401610597853,3.942892405717874,20.159273139901174
5,126,0,4.49999925330478,14.125263375165261,14.683356864713259,20.18748556192422,2.715882103695218,21.09788124659843
5,130,0,4.4999992125991115,14.747010770249684,14.593539230695377,19.93445110612129,2.8701214354101188,34.861837626226865
5,131,0,4.500000467506534,14.799950644485268,14.34113002770929,19.597416764591596,4.497057525313074,21.48879811347097
5,132,0,4.500000178335351,14.819317504700225,14.520272033124586,19.779949858741045,3.4119893958503225,19.579548044074613
5,133,0,4.4999999212798985,14.70337947042924,14.40201212281478,19.83946419898559,2.3700033864527197,34.52855466137378
5,138,0,4.499997399774769,14.639146359440941,14.531531146168675,19.784445001068857,3.039478757230174,19.553675820289342
5,139,0,4.500000130452102,14.827026488922632,14.259523161643003,19.841674947897122,3.2931911868056893,34.89450990318337
5,140,0,4.500000499771188,14.779659769696499,14.472086008846524,20.04318887003865,3.2637680775347917,34.89023847168092
5,141,0,4.500002136542507,14.764453313784006,14.319884598491566,19.653505924114818,2.987169704434591,19.535299037016152
5,144,0,4.499999500825603,14.957399698672056,14.540133646556118,20.176464385180893,3.315061685356562,19.905425779630754
5,145,0,4.499999755279153,14.59226351683929,14.400768687852812,19.51596136408743,3.0620326179928075,34.935279812499594
5,147,0,4.500000116852837,14.812626011752608,14.210695843437382,19.75545774785904,2.054046654807062,20.738469056880934
5,150,0,4.499999243435387,14.604516688932922,14.732763133537034,19.71395884374281,2.8836235604239873,34.8763945813065
5,151,0,4.500000110812768,14.900694837388434,14.384843315869713,19.918059659620624,3.1575358484565785,19.58252089912138
5,152,0,4.500000401259753,14.857401520329743,14.427301985089638,19.734411526024292,3.4957720772724086,34.91033646127473
5,153,0,4.500001345240365,14.627130402438501,14.242070301037465,19.946264468847207,2.6041354670828065,20.042653126920527
5,154,0,4.499999332293897,14.538459177130557,14.964859243227354,19.016803930471042,3.4843012885312175,19.519351451024487
5,155,0,4.499999629167843,14.948637037744119,14.402563576077432,20.421021300872248,2.56313955212322,34.44231905078016
5,156,0,4.499999621075924,14.868789776916886,14.810472701347756,19.83909827395597,3.117947539975074,34.49169443366079
5,158,0,4.500001359571832,14.506420774645521,14.501880888867067,20.054191302589924,2.4878655681616335,20.17691389487124
5,161,0,4.499999569049267,14.196701994575166,14.260728703764828,19.924066889734387,2.7506727723979747,33.10600636608576
5,162,0,4.499999180358046,14.742674608793193,14.547010917310635,19.418444014515867,4.236393877812143,34.12912364042765
5,163,0,4.499997928045677,14.798124384927604,14.300255362447452,20.04032472726305,2.9740943193472544,19.652024818776617
5,164,0,4.49999968349716,14.847347130915589,14.443686697081427,19.967516621170716,2.5079952924044777,19.93853715450653
5,165,0,4.500000869723102,14.725408880963002,14.302725330764115,19.74012846763142,3.4303053251584847,34.87373711089292
5,167,0,4.500000635474527,14.989427060188639,14.389442232119183,19.466875802380137,3.416908119369031,19.65551590776019
5,170,0,4.500000903220273,14.697958835030336,14.678120651721487,19.88148693253203,3.337563128782016,19.63895538752293
5,171,0,4.499999404535072,14.875128467427071,14.341443386419297,19.645620978468415,3.1073087363734238,34.98894749706916
5,173,0,4.500000899159767,14.768648418413557,14.343362049742709,20.331085094290437,3.2767355852035265,19.81344461921904
5,174,0,4.500000339063575,14.3127710061757,14.497458509840165,19.717711158277773,2.321058091686952,20.940677329839033
5,176,0,4.50000085054538,14.921966907256135,14.440558597411274,19.66731762579411,3.0571849489515177,19.537196005288582
5,177,0,4.500000757266369,14.557610662440773,14.276576398618698,20.052709759129083,3.400310987087015,34.53596357757918
5,178,0,4.500000275061322,14.734089259350814,14.643463557127014,19.52761670337175,1.8027099926794483,33.341641887151525
5,180,1,4.499999311115985,14.899931558852986,14.764845245583235,20.211024890185094,4.399987937202067,22.23399144026
5,182,0,4.499999180540863,14.631372962865173,14.468100473879664,19.81546192427184,3.187978865621929,34.958024837413745
5,183,0,4.499999384504928,14.944061933793321,14.123468904891897,19.72842875017894,2.849804937831922,19.716168331602475
5,184,0,4.5000000433174465,14.890578593737903,14.563850635216156,19.84983105321597,2.66576573756153,34.69130733238359
5,185,0,4.499999181586197,14.658264709436313,14.415885573553865,19.780344849616537,3.7294545712169813,19.840238323541453
5,188,0,4.499999534119493,14.88965280094928,14.691690635755872,19.488937200230453,4.083141581647799,34.02954502393548
5,190,0,4.5000002029612265,14.422474535901085,14.675727391549099,19.59022504295238,3.631408464055011,19.95816548041561
5,191,0,4.499999466108542,14.941688611079444,14.37216883811748,19.953438600166322,2.6146591503764958,34.696928369279334
5,193,0,4.500000372814409,14.13647152844516,14.36006403894468,20.429068120927457,1.9001426831941555,24.61072269277578
5,194,0,4.499998437274775,14.755607000218012,14.428722359831612,19.76112423844413,3.202530520683527,19.496393745946126
5,195,0,4.500000730447642,14.825332176835538,14.17486033040052,19.976772476900557,2.8650396449267914,34.747830754138434
5,196,0,4.499999984251556,14.818515722095938,14.485738737620279,20.22117482818633,3.1227226947133655,34.800068830933164
5,197,1,4.499998964032316,14.7092529965693,14.152193859171025,19.468001933183466,3.4603431814488452,19.694593867388786
5,198,0,4.50000074537248,14.577190770375545,14.747959275384728,19.896295535500983,1.928508577919632,21.224069296510155
5,201,0,4.500000188308424,14.511100912646025,14.217837844382155,19.737581027376798,2.946562047751285,34.469248548086384
5,202,0,4.500000050310801,14.694737446235907,14.555901997053308,20.172271882937604,3.646875536179871,34.638978818114055
5,203,0,4.500000320823032,14.848956787250536,14.389267174247856,19.527064231918406,2.668331125416411,19.67682150094198
5,204,0,4.5000000461715315,14.789858186100497,14.878011631291944,19.581576505759166,2.61090439488655,20.0721326798611
5,205,0,4.500000313837398,14.767363553540873,14.393356023284667,19.839662979185498,3.4694767043316954,34.90060399763965
5,209,0,4.499999751257954,14.636822228839176,14.250775219815688,19.815913465738276,3.3443176921603186,19.763749346776333
5,213,0,4.500001946418047,14.563128148723766,14.353816293642176,19.571069455434444,2.8532522847886064,19.76594661870919
5,214,0,4.500000356117487,14.621523323209892,14.45272306156476,20.007435312632644,3.6854646153471418,19.919408255163038
5,215,0,4.500000818460495,14.902794344665178,14.331977047999974,19.626603465668342,2.832451894499987,34.9134565541556
5,216,0,4.49999893525019,14.889863916928316,14.587407219643671,20.028070046528132,2.9337973362497927,19.761437960953874
5,217,0,4.500000390292051,14.672037928691141,14.340263999618998,19.634116340213048,3.1629084413943227,34.94848020545711
5,218,0,4.4999991765283855,14.646316680116982,14.571510545000073,20.08035133863472,2.5652771327519996,34.65978987241308
5,222,0,4.500000489815134,14.546728284867168,14.501185813851714,19.79720200213282,3.2255799912021685,34.90932077886535
5,225,1,4.500000753460299,14.318692052400445,14.194039135528454,19.184027343657323,3.9463329529725275,21.510888842029612
5,226,0,4.500000560940248,14.732700506026747,14.635439496739652,19.84706168039832,2.952021073417469,19.602812539201267
5,227,0,4.500000069317863,14.810614213873395,14.411590276021883,19.777967241302296,3.216830916131734,34.98435257767605
5,228,0,4.500000281766229,14.849847698690315,14.730956050139307,19.44656073775114,3.447559853273063,34.685143670639
5,229,0,4.499997733471734,14.73555583814297,14.363478479053306,19.912608860534966,3.145578467831132,19.569120045606613
5,230,0,4.499999770878646,14.330584473148411,14.803308016617283,19.268646565953944,4.314227218594931,21.280363551912636
5,233,0,4.500000345846886,14.251481988715534,14.287262343822597,20.232253844568373,3.6792240979342727,33.186744282744314
5,234,0,4.50000033246135,14.724161290786785,14.44743496435965,19.69935510819126,2.8439015466494046,34.949485452773246
5,235,0,4.500000845798274,14.89440676574752,14.233147715349938,20.1285525666471,3.7706495099091546,20.085557719872096
5,236,0,4.500001275838614,14.79608075029348,14.485493739038821,19.86469208910548,3.70380416609405,19.803066837154503
5,237,0,4.499999438227975,14.76864692595038,14.112449064990967,19.807940446697103,2.836338144485169,34.65689935158365
5,240,0,4.499999678670213,14.96391566490754,14.661174024059031,19.92443718674469,3.458149692424855,34.50131906799898
5,241,0,4.499999409128854,14.580451718175222,14.373429890913984,19.72776657158857,2.2454708873246063,20.47496147140559
5,242,0,4.500000830904582,14.742593950560574,14.543369086643802,20.34587831060682,3.7112517853400524,20.124171581185927
5,245,0,4.500000484296044,14.501450829132748,14.063804522714868,19.932449397947277,3.5115856260334706,20.66631984805153
5,246,0,4.500000744133726,14.657133098081449,14.507853779286364,19.573524077049203,2.8157307665890263,19.598424560022845
5,247,0,4.4999998997690245,14.939124069877938,14.389379105019712,20.274030778803205,3.8100846565546824,34.374710081632536
5,248,0,4.50000035279664,14.923283910594115,14.538987731021315,19.148430698881768,3.2156422513959932,19.610652125562297
5,249,0,4.499999782500341,14.694688252835988,14.301235429872023,20.004407837902797,2.9650691296256637,34.8065977209414
5,251,0,4.500000413001841,14.979523419356243,14.191448465383264,19.817860637724415,2.0824385209054093,20.697237150648576
5,253,0,4.499999642221037,14.70337592513658,14.42261546351031,19.40195019423597,3.964470584764312,34.55968950125856
5,254,0,4.499999872180745,14.528092252475844,14.43310252827834,19.901283966522946,3.0428120165603993,34.80725861018038
5,257,0,4.500000803940709,14.30915208657352,14.170186763054849,20.389526235085665,3.6854729791558043,32.877096817251044
5,258,0,4.500000741976288,14.72391969430791,14.631247400299324,19.75508430798759,3.141320816651256,34.94567664373807
5,259,0,4.499998742493034,14.792339712762088,14.42214577405767,19.82686931808182,3.269794517811411,19.519515135652775
5,260,0,4.499998709181575,14.854871554142512,14.641501336612253,19.999881087876233,3.2512827711386754,19.74327829868508
5,261,0,4.500000425480592,14.731056942887053,14.363180333068753,19.612129404090606,3.029342408882394,34.99249195040875
5,263,0,4.5000004901319555,14.97610230901226,14.065297264919367,19.549000616643244,2.364573059169469,20.122014874225453
5,266,0,4.499999809103262,14.708280495952021,14.448924467238664,19.986762957069306,2.8999403664312977,19.628991248426367
5,267,0,4.500000360265871,14.879541575902099,14.313148864695178,19.60760326917528,3.8193163635537744,34.69677184288063
5,268,0,4.500000828119823,14.777223448859218,14.45347922993244,19.809074449473112,3.3562717149551577,34.95796570521868
5,269,0,4.4999993609228115,14.75441613797682,14.086877738256478,19.90025821471797,2.3790110560650937,20.327288846739275
5,272,0,4.499999137000376,14.899923615519297,14.694404599132916,19.752809302655713,3.540227552462457,19.9350156862065
5,273,0,4.50000018639459,14.54378383375636,14.351690675144265,19.960153091852884,2.6560368842177224,34.55517806261142
5,274,0,4.499999317419044,14.754738639428044,14.664606166421983,19.28630796483234,3.4946148601245532,34.878050282768356
5,276,0,4.499999298652066,14.954003975714638,14.526966241847498,19.896590094320203,3.027799438161831,19.71536759502071
5,278,0,4.499999778335384,14.652591602476411,14.5268909919705,20.144442663612576,2.3696659987618682,34.44905316428893
5,279,0,4.499999107346007,14.948310694273214,14.380994412720161,19.480312846973337,3.5215395163773717,19.662430190566216
5,280,0,4.499999785579043,14.898890647317096,14.511352045132679,20.08557173590655,3.3043403233967474,34.77556375362468
5,281,0,4.49999892867701,14.66699648371142,14.215798393411085,19.32685930536071,3.0384656154348293,19.608550182251637
5,283,0,4.499999267285893,14.872005347900576,14.247464787696138,19.68521296228488,2.0799714748541875,34.10042713399827
5,284,0,4.499999947148106,14.901255429257079,14.933672770057651,19.18663105177666,2.081300893512712,33.360875039310905
5,286,0,4.500001265512168,14.392962194278756,14.450986719932263,19.650791971507022,2.80084117769875,20.078277612447664
5,287,0,4.500000342359492,14.928817974452075,14.323927290623692,19.869823771707814,3.179388472424745,34.91284436201844
5,290,0,4.500000298187147,14.75517356458926,14.424324809492841,19.892861219446125,3.329298464229309,34.93580852389078
5,291,0,4.499999924205199,14.824177588428036,14.222776635358597,19.671802051222205,3.0981376303494406,19.56238938264646
5,292,0,4.499997500148365,14.808751411343092,14.466756121720698,19.65464682317606,3.039921477373029,19.48576797509338
5,294,0,4.499999456589016,14.573811025439916,14.780150436943773,19.784576243818073,2.2309971884805,34.25414997098496
5,297,0,4.499999637285083,14.467656840086388,14.183365620564988,19.850793506759135,2.5936711715637397,20.52887102595155
5,298,0,4.500000303479176,14.6317720350187,14.580178367378037,19.26706897236311,4.322640734558686,20.944250352293103
5,299,0,4.499999239518012,14.816085975784986,14.407616606513493,19.97325638929063,2.9844672231359555,34.909216427932876
5,300,0,4.500000029703412,14.79501682908855,14.685280777192908,19.889868305872334,2.46195649124689,34.49230314743353
5,301,0,4.4999985362906365,14.77616199755632,14.373696596683757,19.69227198034465,3.521003679783626,19.595625114619846
5,305,0,4.500000340074342,14.63103810512139,14.097302836513826,19.765918897415833,3.54382706079262,34.34591618099951
5,309,0,4.5000006222208295,14.580910126535658,14.311120217895965,20.07753311232781,3.0997945179431055,34.676033834234325
5,310,0,4.500000082055212,14.556016812434041,14.476986458403204,19.511462513099936,3.559687022561093,34.82952014244075
5,311,0,4.499998775081289,14.876581086940675,14.336006353862404,19.934464784151523,2.6580848963111663,19.782376211790673
5,312,0,4.500000429679419,14.845337202365169,14.5526820195146,19.70162438559156,3.1000350496105704,34.929822258731384
5,313,0,4.499999102409835,14.589458223126172,14.283085153362538,20.159482862955347,3.3419237876003693,19.946952081748204
5,314,0,4.499999242581793,14.644818965339063,14.650074978214331,19.620441694549896,1.9148941290803911,21.166744976590426
5,316,0,4.49999927060672,14.826301190568582,14.44088050953871,20.37657484368486,4.231047959393835,33.67382430352788
5,318,0,4.4999993618429315,14.552130503310647,14.571889304828044,19.855178782166373,3.164113587394673,19.634256629362614
5,321,0,4.500001188292199,14.352407757122991,14.27595797510903,19.80101582853849,3.0145098167484585,20.44246985248156
5,322,0,4.499999606227782,14.720023063302543,14.51380288069986,20.323657860400587,3.627031587398175,20.00758953999892
5,323,0,4.500000628876133,14.798775845174614,14.286298383552104,19.613933164486436,2.793578427694163,34.890405433172866
5,324,0,4.499999791412243,14.876042513342654,14.428375951650205,19.663298568993596,2.6658624837807174,34.82484174230166
5,325,0,4.500001676443247,14.752793461069466,14.353787896020146,19.870628726192436,3.514594372617699,19.663503346906964
5,330,0,4.499999298623773,14.74080244518169,14.530886058838,19.74688891676997,3.1790171553228257,34.99367459431008
5,331,0,4.499999939453251,14.92566759886139,14.329526128191947,19.962957311874952,2.891361870517375,19.674663491032103
5,332,0,4.4999990427330445,14.784331234556486,14.504893908794259,20.05214164935684,3.121471534412827,19.606102964903755
5,333,0,4.499999948326864,14.752873527361533,14.383553866328317,19.357661535173726,3.420391547519774,34.98002549234294
5,334,0,4.499999399395852,14.5283004667887,14.460247545968413,19.856932647305936,2.0373853585838635,33.83184174727688
5,336,0,4.500000652109015,14.932779426761616,14.452807796166868,19.966708303213956,2.9342871483655593,34.81621539855077
5,337,0,4.499998442177788,14.527652095367733,14.278396232301318,19.582820211270615,3.1974791747040374,19.848514972685322
5,338,0,4.500001343602148,14.7656801873661,14.667441021120084,20.00976997341485,2.451744095949122,20.092389485709514
5,342,0,4.499997368262503,14.68709331544556,14.465554777149075,19.7621852666692,3.2800378056944424,19.52726421727296
5,344,0,4.500000608330015,14.921485733995253,14.61780924655922,19.769296672393512,2.066512556967905,20.914259596647494
5,345,0,4.49999944085789,14.71253066572782,14.411653752301627,19.83390335064163,3.347543025627014,34.93866773944047
5,349,0,4.499999756737702,14.731056621818626,14.006012828605842,19.651921270079665,2.776636194785709,34.549079260492064
5,350,0,4.499999714438591,14.430392762982958,14.613944456802733,20.042277354997392,3.7381989293021864,34.45142540882043
5,353,1,4.499999816208203,14.14895137741528,14.053828599515898,19.97290125326242,3.536937057030804,24.35757800718281
5,354,0,4.499998013147548,14.756912168234367,14.54617869751808,19.664581216314886,2.7807436878606553,19.605385065312678
5,355,0,4.500000189685802,14.84261096981204,14.31782119950119,20.03851016839463,3.7739237375306596,34.59713061582897
5,356,0,4.499999735904884,14.813268348159896,14.529484816757233,19.827180442639214,4.001938514179015,34.42684032913038
5,357,0,4.500000426535315,14.69667470648849,14.416838560685683,19.746998198730537,2.699074960918503,19.696072723141018
5,358,0,4.500000031863194,14.557866867749192,14.435144238159346,20.416583575039795,3.26904665321153,19.98473789851003
5,361,0,4.4999992134538465,14.550127001914621,14.341164795055189,19.389234976723735,4.06259122276084,34.15592791661491
5,362,0,4.499999776538947,14.67756155910042,14.484344869047677,19.877674630450603,2.941660931520122,34.938281640990326
5,363,0,4.499999742973588,14.845051613524044,14.204783405765095,19.794127933434314,3.241594563342828,19.60907635769188
5,364,0,4.500000746956665,14.806440589070926,14.478620691027535,19.518646688247145,3.5970617426413183,19.626497024138008
5,365,0,4.499999414371438,14.769732725351604,14.364795607531807,19.931271572521112,3.110316564042107,34.93183971009248
5,366,0,4.499999672488338,14.097766965566903,14.789933667641066,19.456859379105758,4.32855563167503,32.73470370948087
5,369,0,4.500001333414319,14.636400544897443,14.394658795736502,20.074317642855828,2.9827075718010336,19.707470866881216
5,371,0,4.499999637562276,14.78728760818521,14.094035086499296,19.953774106186764,2.3153066542286656,34.200395327304996
5,374,0,4.500000780463608,14.604656877394714,14.793929786255275,19.973246379452377,3.045809890580757,19.729366256275124
5,375,0,4.500000317521142,14.902846653048309,14.362616529473918,19.735139794959988,3.3003344706695126,34.95268902640009
5,376,0,4.500000928177506,14.884405628817143,14.442368895822147,19.918787127730475,3.449238367602245,19.667591089165448
5,377,0,4.499999270865399,14.664510093738508,14.27490715857185,19.7005114197693,2.5031383974693746,34.55715029523511
5,378,0,4.500000403963096,14.668725904220443,14.738482115908367,20.15314734038887,3.5666919385663047,34.5765108715728
5,381,0,4.500000465489332,14.644245902983346,14.129937257966438,19.853964660180704,3.4602022478436725,34.45732819323384
5,382,0,4.50000024776953,14.590912589454478,14.489740320445406,19.477876408425438,2.863084799992957,34.93804163384564
5,385,0,4.499999853972819,14.468561505950515,14.388740875390363,19.815682807363576,3.9086620451462473,20.493829229865423
5,386,0,4.500000708807877,14.69958042902401,14.475779612872538,19.027381574275402,2.7575374784543714,19.662149088511715
5,388,0,4.499999676147588,14.939954930142346,14.537947640687866,20.032922053794973,3.514668971889947,34.64931999552188
5,390,0,4.500003145071661,14.734388210827468,14.50510810897085,19.876624984393946,3.2900432424048796,19.54598067659226
5,391,0,4.500000707431805,14.928925506955592,14.341183352806128,19.523585592591804,2.4047094292490216,34.5965601640648
5,392,0,4.499999912397314,14.994206609053156,14.423661799003012,20.211594000098412,3.1354451235767975,19.864660448698448
5,393,0,4.500000709386198,14.719715012758975,14.370692794351328,19.754174097989182,3.2179911844044646,34.96969822839278
5,397,0,4.500000850794734,14.755960157351499,14.295437899932061,20.411373501976094,2.5096293375184615,34.423942851572114
5,398,0,4.499999895026624,14.556413355035604,14.51137758397777,19.770188050461396,3.246060031897504,34.92681347351182
5,399,0,4.499999491543488,14.956242545859276,14.274337237778056,19.843803829058057,3.0190744925867268,19.619151493177267
5,401,0,4.499999703419233,14.429346021705564,14.065708307924945,20.142041629602446,2.234329434083077,21.805282924614854
5,402,0,4.499999070925344,14.765072315713017,14.653682818944441,19.699176376022994,3.3419928931609686,19.589091683822392
5,403,0,4.500000084799895,14.792748769487659,14.34579096782241,19.914097227372416,3.061022487351556,34.9301353115288
5,404,0,4.499999747901229,14.875637397131344,14.611558906890231,20.36141552617739,2.8188783140937934,34.53630445729192
5,405,0,4.499998754552053,14.716908356329599,14.408679728428554,19.616583003101702,3.183363847437216,19.48788238938472
5,406,0,4.499999216017508,14.294518939550477,14.46686539734196,20.043715294181716,1.9824010829840435,22.14368786313333
5,409,0,4.500000879152803,14.379766120751924,14.173722873418823,19.667165565248798,2.529653983075906,33.593413780039484
5,410,0,4.499999382115041,14.736867361219753,14.458630719767989,19.988125306928005,3.4792360076926485,34.8489155024226
5,412,0,4.499999119649574,14.815807046355866,14.456157727121377,19.69255873701563,2.3062103988723592,20.155028383907343
5,413,0,4.499999209840758,14.74489623165901,14.299455160224293,19.894690372823714,3.489073379352317,34.810580448197356
5,414,0,4.500000209724352,14.241513689580662,14.654186087866455,19.353779133664336,3.0444139237219057,34.52946947121511
5,417,0,4.500000001050264,14.570610003586212,14.35660940392178,19.762363963215762,2.946367202251217,19.736726778510086
5,419,0,4.500000382505858,14.871564510474915,14.355012683757401,19.41426135732885,2.551731447559566,34.76562954485349
5,421,0,4.50000042961931,14.63946043889127,14.33126186148492,19.904234362064738,3.513877295836746,19.790001192012816
5,422,0,4.5000003207022,14.648600763546762,14.49472411058286,19.41913942369345,2.4155289433930096,19.991233813115883
5,423,0,4.4999996495770755,14.870818095459121,14.235344753670313,20.085097962369595,3.509121571298178,34.70903307744591
5,424,0,4.499999427513242,14.918418219961186,14.55813624880021,19.324638083046086,3.364606257305958,19.644181134207923
5,425,0,4.499999835234718,14.624869037808605,14.420080577799636,20.104405364032182,3.1021146128664565,34.8197494167971
5,426,0,4.499999203853181,14.615918369907531,14.439012249638642,19.706035906476103,3.697917033936732,34.74009139331354
5,428,0,4.499999537470847,14.81003054557781,14.614611460551451,20.226718543133337,2.047820120188531,20.90177145460213
5,430,0,4.500000288762995,14.650415347391437,14.527769751303515,19.869331599656494,3.0389679868905315,34.95742655873425
5,434,0,4.499999771037688,14.761631396168504,14.499152295696451,19.829232999016103,3.090443408517034,19.5180947703442
5,435,0,4.50000069672051,14.791126935059529,14.156146932234043,19.743769885202365,3.322336633280874,34.7865692986359
5,436,0,4.499999767631837,14.859181031928738,14.444371637194335,19.592842924410853,3.166778022177457,34.99826255697436
5,437,0,4.5000007227408325,14.69243010629533,14.254721280328951,19.990784587665893,2.904270141795559,19.752197168507415
5,438,0,4.500000290776382,14.474053049506967,14.719335579420921,19.545521679641013,4.411450069731654,21.524473823357926
5,442,0,4.499999350498599,14.729798814376423,14.914262646363973,19.645467184124158,2.793082629190682,34.57769699383855
5,443,0,4.500000721767417,14.840946780598472,14.359790985238437,20.023966238399495,3.6332504684276667,19.819560529249888
5,444,0,4.500002396871356,14.819405563411296,14.602496150912465,19.891688861418274,3.57377314514969,19.783636461430913
5,445,0,4.500000555930782,14.743918052558275,14.39486881431781,19.79994779545804,2.647056368301583,34.807922977783775
5,448,0,4.499999802333029,14.945711580571498,14.45366148317218,20.04208628049319,3.190348879214059,19.711562558020066
5,449,0,4.5000003546238325,14.474218343675176,14.11530991376984,19.40855254123128,2.961059156884494,34.297650396367494
5,450,0,4.499999526360299,14.690549633553402,14.954338571158083,19.886961722957757,4.190867561590228,33.348217748193115
5,452,0,4.499999743138458,14.876702526616926,14.606599310839087,19.549354298505836,1.927249026450529,21.223323883159463
5,454,0,4.499999570168977,14.673003182342685,14.448617427169095,19.74235371923442,3.124835847856169,34.99175801551704
5,455,0,4.500000981980439,14.908296226270403,14.300279403564687,19.972423538312757,3.4387327942188444,19.700244530739134
5,456,0,4.499999538171182,14.933042993759283,14.623790573141788,19.68094959170257,3.5540421859442892,34.65144527617986
5,457,0,4.49999799152309,14.637014845455958,14.359785060309566,19.888610684629143,2.710756771436328,19.801029819153086
5,459,0,4.499999965938001,14.93226410040857,14.120464210822169,20.145029599258592,3.0066749496384677,34.69441003344238
5,460,0,4.500000425638717,14.805802214301615,14.459037957997765,19.809587074438596,2.0473560296287783,34.04978910483476
5,461,0,4.499999388135043,14.713574932663072,14.023267242782683,19.632050239272115,3.226661315022807,19.82180201482241
5,462,0,4.500000553082452,14.509122861948565,14.63574275211015,20.24031108428173,2.659662226866687,20.01253961408283
5,463,0,4.499999858327951,14.8809858891215,14.420978743889634,19.574191170342257,3.531927597502998,34.91419396741173
5,465,0,4.499999740455132,14.22850956702016,14.380391689064112,19.472982334017896,3.8162596865931464,33.521349026075356
5,466,0,4.499999312918025,14.774267498590445,14.442848613290966,19.98797330544271,2.1911595953033856,34.278286341665385
5,467,0,4.499997902853507,14.787711622545281,14.305665274331973,19.620860198803943,3.406088387956072,19.551877654147457
5,468,0,4.499999855767927,14.857406561418266,14.522305553653739,19.771362367837547,3.7856389933501466,19.91689057156925
5,469,0,4.500000200816124,14.690824576524,14.2529486196892,19.833842214141388,2.742768304140876,34.72135344420626
5,474,0,4.499997288135796,14.709715839940529,14.551372790475764,19.8053963647673,2.8852725892857976,19.580824234992967
5,475,0,4.500000521240735,14.832363101230902,14.388456986230393,19.87246762934868,3.186282921311318,34.9530020791975
5,476,0,4.500000341174736,14.800713279024157,14.634947440155713,19.947407699296352,3.275855986750858,34.82323473794161
5,477,0,4.499998203695685,14.737973597309779,14.333291145408367,19.532251698709707,2.9630899131355095,19.536705004017215
5,478,0,4.500000343340543,14.008221974687928,14.550188049732418,20.03783812393087,4.013359928822568,23.47614240231797
5,481,0,4.499999242375431,14.548782501943284,14.381532679534603,19.944478753490095,3.2275755129040276,34.76675305655975
5,483,0,4.499999246098125,14.84372112038723,14.029018915761709,19.967225004444643,4.0544959090801305,20.771730963222687
5,486,0,4.499999757287923,14.60677361339239,14.581919193103506,19.82913112672953,3.5760404151727645,34.8200381210436
5,487,0,4.500001820146365,14.8431947535551,14.40435031339338,19.779479339777957,3.114687777864016,19.50635851104036
5,488,0,4.499999251922677,14.850036367697557,14.456940587648429,19.829992622293872,2.8846344623333824,34.90369278524078
5,489,0,4.50000085733466,14.555028284755712,14.126358300476758,19.780208077755578,3.809549962180572,20.635465966593284
5,492,0,4.5000008637524544,14.809723720484905,14.645192818718185,19.694164824033656,3.2440264180162006,34.87781723235251
5,494,0,4.500000766782263,14.621625023020542,14.426887412339784,19.677648252754164,3.9665913078798747,20.168261342532748
5,495,0,4.4999995328327485,14.985691064801193,14.25494441338366,20.081319859875407,2.7165395333705216,34.69275433198051
5,498,0,4.500000759024686,14.76198421701989,14.55968098970787,19.580870173398058,3.4039646655961864,34.96676944555477
5,499,0,4.499999567042271,14.776440262507016,14.400901500541742,20.405585314977138,2.417674786959892,20.20596256405689
5,500,0,4.499999557160486,14.844797465669041,14.564866684060776,19.887582124292933,2.856559538912511,19.669176824170115
5,501,0,4.500000668546077,14.670707262527756,14.29339070705347,19.678031980310454,3.845419426811448,34.526133719740464
5,502,0,4.4999996487390375,14.393264077032017,14.64452834177668,20.37153757073419,2.740403415476667,34.44832270776163
5,505,0,4.499999964947703,14.45003284693022,14.302101819988176,19.171546596207936,2.347016925264791,20.688163872460674
5,506,0,4.500003454052606,14.687641061329991,14.48115821444748,19.92619428645628,3.1611602254748954,19.562989101679733
5,507,0,4.500000487670483,14.819388480852139,14.339611782075153,19.71746613487906,3.0049137046828998,34.97326703028327
5,509,0,4.499999853329184,14.743904689903278,14.10021048391608,20.11708974889985,3.2923522366544473,19.95616643092985
5,514,0,4.500000261153942,14.716549683766795,14.918560421314735,19.28283721822982,3.1981423494207615,19.60996923411864
5,515,0,4.499999173439888,14.792491052804408,14.384482098558445,20.047585252885977,3.0119166366600636,34.88657923231561
5,516,0,4.499999973524295,14.85235726519334,14.551437873451938,19.956962133002346,3.0602772403915033,34.852369518287375
5,517,0,4.499997284720471,14.724584515308196,14.381923190733719,19.733128378057117,3.2794030071660116,19.5258977898875
5,519,0,4.499999633304659,14.947358245011108,14.201052496022829,19.539820846626064,3.8125660978948748,34.66583526976754
5,522,0,4.499999554895639,14.711177843030088,14.491979441695694,19.88174184954253,3.3959251304859643,34.922242902669616
5,523,0,4.5000006404717094,14.887433375767989,14.170470017476344,19.67208837592396,2.2640478277899523,20.290985864974957
5,524,0,4.500001233423571,14.776742799078008,14.432462162050959,19.512645215588417,2.892080507652148,19.516653343319746
5,525,0,4.499999521847628,14.754358434885292,14.205398167667601,20.198414842825883,3.824188565039468,34.296742543255
5,526,0,4.500000554738368,14.328825489173248,14.795260566385084,19.659391092427235,2.793904715136241,34.66760923561954
5,528,0,4.4999992719175745,14.898592843587974,14.51535159653799,19.639519045838014,2.725189876898636,34.80003404728901
5,529,0,4.499999041625447,14.51697294441498,14.414126364674745,20.01846069172708,3.7705609630102224,20.22906858089787
5,530,0,4.499999448290267,14.750269548596597,14.439426731566032,19.355575290679038,2.709591701097403,19.632999090955046
5,532,0,4.499999313895783,14.916132581485842,14.566017380520236,20.397529160280474,3.2332091886426477,34.54308378953809
5,534,0,4.499999290195068,14.635338948890809,14.587766834047121,19.835316481185732,4.000357024889375,20.255154721861693
5,535,0,4.499999830945787,14.937927881288292,14.340826837256143,19.774075907711094,2.8137805309915223,34.86011931420552
5,536,0,4.499999081476529,14.919171627991853,14.448864581199167,19.881793674839148,2.923080899627165,19.64278091727388
5,537,0,4.499999473622491,14.674647497332707,14.319422032704104,19.806499344426513,3.263524281595764,34.88246084884745
5,539,0,4.499999304874241,14.877164635551138,14.35743473197051,19.253282961596963,4.332821976552082,20.911682547090777
5,542,0,4.500000690290562,14.396854607606171,14.485135507366383,19.56852001207664,3.452570592945716,34.644519852628235
5,543,0,4.499999149438182,14.950087597993283,14.231865972837754,19.969359562400737,3.1093543047590173,19.6717903760299
5,546,0,4.500000292547657,14.755322543332364,14.477733370725836,19.955630804971108,2.9306001494928395,19.594345014314563
5,547,0,4.499999878906144,14.818742414622099,14.060875132210624,19.55497395795669,3.218382516354265,34.86912827804213
5,548,0,4.5000005343797085,14.80082253117226,14.442303040300377,19.785976197830863,3.2219123392676634,34.983882998479935
5,549,0,4.5000005707108635,14.664413599432045,14.224192379061517,19.828988844354015,2.959976239760345,19.750424098044128
5,553,0,4.500000620867872,14.518319176356153,14.04794296703562,20.484497616875874,3.663957109353837,33.535986205242985
5,555,0,4.499998087104232,14.814830667587433,14.380033732818106,19.830996605817614,3.3179354951856452,19.539975587819306
5,556,0,4.500001054506742,14.794122177875604,14.620993741806965,20.092704322080404,3.838290737415445,20.165888110585257
5,557,0,4.5000002050797265,14.774909248936952,14.410301125890202,19.688347462717683,2.829599972175761,34.94123129401483
5,560,0,4.5000000824407405,14.967687675601615,14.430734749917699,20.373746516263587,3.543600576124924,34.478024461507154
5,561,0,4.500000858807296,14.615416240085729,14.296056717195004,19.56553179059319,2.65937181967872,19.87704749956285
5,563,0,4.499999390459088,14.787987285715516,14.415379090920062,19.789601684530183,2.9634566364956347,34.96562506366201
5,565,0,4.499999386536155,14.5468974817597,14.194569974833994,20.48152757952319,3.1857240756551413,20.273182230294662
5,566,0,4.4999991702714714,14.54675526442311,14.545502388189597,19.66594520227359,2.7279073324234178,19.757225413493487
5,567,0,4.499999997052176,14.861501472126484,14.322007634957581,19.872332640965528,3.5414083481915117,34.833812444129705
5,568,0,4.500000771917554,14.848204815622827,14.499180897972176,19.714353539522627,3.208070900413288,19.509658544572318
5,569,0,4.499999605693351,14.607782763616544,14.389076189046959,19.90486213691584,2.9332055877774565,34.83536031629468
5,570,0,4.500000077371635,14.652496856901424,14.504284024448832,19.233912311990043,4.437208660519796,33.60078164010749
5,572,0,4.49999950681467,14.837567916957132,14.520176806476757,19.8471895108524,1.9187484977380083,21.130907084962015
5,574,0,4.500000432401132,14.583078864107417,14.637751569524584,20.091940315126475,3.133230755651025,34.84368752070583
5,577,0,4.499999692939716,14.39975068808437,14.359733478457049,19.14568747266995,3.285084917513106,34.544516875677346
5,578,0,4.499999544774951,14.721456384283902,14.471764292219893,19.81644459425043,2.680394977191484,34.838452582260224
5,579,0,4.5000007472071095,14.80130203632239,14.324120293143883,19.75347984883468,3.5737885754368763,19.668516825386718
5,580,0,4.5000006515673805,14.887293070694833,14.543267260078881,19.464030736325537,3.649301990688901,19.778093619828354
5,581,0,4.499999815803468,14.752197222303733,14.290073387156456,19.898488005627023,2.8380032071892027,34.832191526312
5,585,0,4.500000200914955,14.31753328651156,14.009084405823751,20.180208120201105,4.215519297755021,24.30031871556848
5,586,0,4.500001898877965,14.734383064310958,14.51275942946589,19.725515165412187,3.09846938897197,19.493804725636828
5,587,0,4.5000002655871345,14.91329078039384,14.404874857480882,20.18675902115236,3.37993211117051,34.74444630556198
5,588,0,4.5000003705886735,14.784400478401066,14.578916452591992,19.841503573940535,3.1465949547852716,34.9264308534261
5,589,0,4.500001792733251,14.75130649437834,14.303500635875197,19.763302740891163,2.8654778082194534,19.619242734021633
5,590,0,4.499999535675239,14.509732722930288,14.567200888980281,20.396995291211216,4.127592930664415,21.120479117383034
5,592,0,4.499999947140522,14.952865170088785,14.498870363632776,19.932775471975418,3.403816678553609,19.76385405834832
5,593,0,4.50000066188871,14.54493345668327,14.242568267194397,19.70873187846863,3.094547104422645,34.62496796624768
5,594,1,4.499999500543188,14.769254330767707,14.744246694095878,20.1598114370829,3.755726109592813,34.31807535221638
5,596,0,4.500000495267945,14.987633302657322,14.788473774861135,19.79282791384061,2.107352502648054,21.35611856546167
5,600,0,4.5000006326353725,14.910558706098994,14.72175224585052,19.383639128826303,4.177142748451852,33.76055614694188
5,601,0,4.500000198240394,14.703630495954032,14.389941789217975,20.01229493800163,2.9007637798804713,19.658361452099832
5,602,0,4.4999989982266495,14.445394943499942,14.692656626097005,19.62592856770814,3.3852574915840936,19.765677616465368
5,605,0,4.500000411817066,14.721696712915122,14.197581279853543,19.293357579787184,3.5036110797630573,19.595633689605098
5,606,0,4.499999830437922,14.414516305533224,14.540721888663851,19.904257270239675,2.5345418772098114,20.236179513751015
5,609,0,4.500000703520115,14.12478141712354,14.136466610479644,20.331764030770252,2.718172542073158,30.982964057531234
5,610,0,4.500000267849887,14.75904412942781,14.488496903109624,19.767776361095905,3.4685795677698055,34.930458799419455
5,611,0,4.500000586986172,14.845089307826335,14.356126661187348,20.03373520812664,2.4552879078512397,20.012624966042974
5,612,0,4.499998515277451,14.815819429086392,14.661426229801306,20.08983571420097,2.5107678455873583,20.087250203398238
5,613,0,4.499999682037317,14.70567300706245,14.345049817001463,19.466513581510075,3.503933041140738,34.90099009608979
5,614,0,4.499999860953851,14.569077525606074,14.535583242452189,19.8986466476352,3.0792295725347687,34.914875726837195
5,617,0,4.500000307032903,14.527522163034181,14.385231440595376,19.706435769158865,2.0993096602749537,20.941383678025574
5,618,0,4.500000677143864,14.671267290491262,14.439825868559224,20.123460745658694,3.3711656114937107,19.71765803803825
5,619,0,4.499999905117246,14.837625431085897,14.289719499393454,19.406689085502546,3.051317298486122,34.999786080588436
5,620,0,4.499999764784732,14.805150126037315,14.554694599604993,19.64060017115057,2.789617406663719,34.88455482422569
5,621,0,4.500001279223698,14.770338702264812,14.290520667017548,19.875195072602633,3.1661669287341345,19.582966885487426
5,625,0,4.5000003440028875,14.653382077064714,14.368897595410912,19.82633834488989,3.2959905662381397,34.895890813856404
5,629,0,4.500000198731622,14.614236487075033,14.139458520157685,19.523422400811832,2.431674038314444,34.25888402495471
5,630,0,4.500000545582958,14.622209769549956,14.55304210805382,19.968369683637594,3.2135790923303196,34.91342177051145
5,631,0,4.500000606859586,14.912589361341936,14.411552146060941,19.574133448672765,3.0067832003311663,19.516564423750257
5,632,0,4.499999863986342,14.872372909414862,14.467221183018488,19.99954780710043,2.8672008218828755,34.82688006384925
5,633,0,4.499999959727123,14.659752841368142,14.14981110385727,19.635373104762436,3.846074989196608,20.269049588005814
5,634,0,4.500000173984931,14.652124964691266,14.935915510432801,20.06279204762251,2.638399935659992,20.132072745283576
5,638,0,4.499998889418046,14.57985604657093,14.444076194967614,19.798293045601238,3.4185253500332475,19.685436748187303
5,641,0,4.49999966327702,14.485057770008254,14.330875608199976,20.261600874327783,2.36005288614927,33.985220226186435
5,642,0,4.499999767818486,14.71334629819252,14.58129673786297,19.80066222750803,3.5255585696759404,34.871677919158834
5,644,0,4.499999652534712,14.95178609949014,14.471861219202022,20.290267778524374,2.7934599970598057,19.967511299322467
5,646,0,4.4999991730619495,14.719787283329236,14.500333146590721,19.868976857967247,2.9624670509673727,34.95026460640236
5,647,0,4.50000094890058,14.948967352893742,14.396729497736601,19.653586674252104,3.981530600923004,20.19705081208874
5,648,0,4.499999410745258,14.982396937173357,14.525597520459858,19.943279966923935,3.1859517569015097,34.731969412402925
5,649,0,4.499998064469795,14.694308709015507,14.262807126216433,19.737524014707667,3.02225451783511,19.63781288622299
5,651,0,4.500000681606353,14.982154086485478,14.278400749114471,19.272848785515595,2.4428126998957804,34.66020379777855
5,653,0,4.500000513200848,14.752024668499221,14.357381189691676,19.868761923861406,3.81548991497427,19.947479596638594
5,654,0,4.499999987592259,14.52707391464039,14.483612991760017,19.28189650376959,3.0351578500843415,19.66388028409539
5,655,0,4.4999993147144055,14.946876435465002,14.33555864245061,20.036507391264042,3.2528258069689207,34.83558988834612
5,657,0,4.499999472844645,14.4610101459846,14.263566191809756,19.960600474667647,4.11336402815891,33.50454156921878
5,658,0,4.499999839964491,14.764616065899354,14.542181398209001,19.594326656821355,2.9382098439495703,34.975653188272425
5,659,0,4.499997860924897,14.794626532314355,14.39904303499782,19.993776908236278,3.2736883859017762,19.590643984601474
5,660,0,4.500000222713584,14.888698804434059,14.792383979928955,19.819997524499502,3.518730182762832,20.105255709848397
5,661,0,4.499999637653607,14.71869351880498,14.389529188691665,19.764526909699168,3.1179465775215567,34.97972983136761
5,666,0,4.500000084698552,14.731117120820699,14.427557944966084,19.83810383946971,2.694150326417552,19.700646811728724
5,667,0,4.49999979617026,14.843267459746382,14.239376299471013,19.76715962087296,3.766177564058458,34.65789416380654
5,668,0,4.500000129275885,14.815121851148245,14.492150648583177,19.683084058137545,3.843074511263703,34.67587730783562
5,669,0,4.499998372530212,14.741558991099655,14.225739557321505,20.086296812387005,2.7592426692976266,19.84851473603879
5,670,0,4.5000007996497775,14.198299267194233,14.80688149772108,19.639722278940926,3.226797814633364,20.305055751452034
5,673,0,4.499999462181273,14.603049312073898,14.31104608590471,19.696018495726047,3.326377674836584,34.80791949941936
5,675,0,4.499999155307747,14.892699717605575,14.145955757378793,19.392419334346556,3.936417031503839,20.016367447083358
5,677,0,4.500000256379954,14.652513396757696,14.391902840648646,20.36371183096356,2.829865971373188,34.633935189711316
5,678,0,4.499999982306582,14.662701384092198,14.439975135061852,19.757539770978504,3.7682448814819924,34.7058816792853
5,679,0,4.500000089789775,14.877496632902336,14.281238362715488,19.828865138647544,2.767077235399826,19.680681320461645
5,680,0,4.500000007374656,14.897579754986792,14.657309167803751,19.797161625109887,2.9364696253492473,34.70779130134951
5,681,0,4.499997516648219,14.614637577963382,14.340171184841601,19.882834000577652,3.2180787555740853,19.687711559218616
5,682,0,4.499999917972893,14.590897146565897,14.544705052675903,19.304890827855402,2.43821149109695,20.006923863964932
5,684,0,4.5000001538387915,14.805305649849728,14.506393574503704,20.08328913884881,4.17170753906442,34.03239728275634
5,686,0,4.500001169009894,14.648402755607457,14.490573917317727,19.934644630590594,3.247916887133777,19.595531648622995
5,689,0,4.499999470993219,14.312596800430306,14.335786773176988,19.741485638671378,2.0414710311478914,32.856337845838816
5,690,0,4.500000215518842,14.763017262206478,14.439128324064887,20.043957163322553,3.21044242576467,34.90021094246068
5,691,0,4.500000279541626,14.790034383553436,14.263142130482525,19.34875059350706,2.920449604473599,19.518822302425903
5,692,0,4.499998736403198,14.863780830637126,14.475200021292585,19.730580915400694,3.1350357342123796,19.512374919866016
5,693,0,4.500000466588757,14.704911871468015,14.188169861835439,19.94457185134613,3.3432127231202604,34.68262881316646
5,694,0,4.499999589818836,14.47123669712271,14.859834769483907,19.50950793362941,1.928635623865064,33.684825374186346
5,697,0,4.499999525056186,14.49564432773694,14.11125320416415,20.19188670923922,2.9331859740287793,20.459961361755376
5,698,0,4.500000076442962,14.725020133444621,14.569707937145306,19.68855653269892,3.5771256871099384,19.644669257894122
5,699,0,4.49999959879826,14.833281418618892,14.41589993786447,19.90030573406731,2.6708775766882664,34.7988131413791
5,700,0,4.5000006612739005,14.814981702193618,14.631771147458041,20.12154206702026,2.789109572052539,34.68468104817171
5,701,0,4.50000066834371,14.742935863204739,14.360438587540719,19.44035738092733,3.643934749260942,19.66921684865435
5,702,1,4.500000669606939,14.04213301631776,14.639610020270453,19.852896326213486,2.4926743489127055,21.918360349147864
5,704,0,4.500000664794514,14.945990720790604,14.429778124454085,19.82589942165705,3.1007200333225784,34.88765056855564
5,705,0,4.49999943181703,14.440584049164114,14.177072687178397,19.752052763967846,3.375795820867385,20.38417793591644
5,708,0,4.500000531353685,14.86564575171326,14.734317424208179,19.61238271632762,4.13663539637828,33.86096261416498
5,710,0,4.4999977986049275,14.657849389458963,14.506392052681889,19.5759242801659,3.1508668364598136,19.496072010881605
5,711,0,4.4999994209721885,14.897966416671233,14.186223396094313,19.98624736969316,2.9154957185841455,34.79547043317563
5,712,0,4.500000852418299,14.953280328527883,14.568934273962888,19.576171525101294,2.6561489721067577,19.91536599189174
5,713,0,4.4999999650509634,14.647993943387842,14.38948815593176,19.970860817657176,3.5481359691183534,34.75104476285853
5,715,0,4.500000010840794,14.953840557747347,14.178011223920196,20.039516327023247,3.308402082684767,19.763440984210764
5,718,0,4.499999409094601,14.525060152735819,14.81598462659054,19.898375255727906,3.5413308703487925,34.65498972951944
5,719,0,4.499999998111667,14.895044117153898,14.379951935310972,19.808093237647682,2.7473467635276547,19.682846204075364
5,721,0,4.500000564632323,14.228524181190075,14.272533648554472,19.409806672514403,2.479089995491611,21.699721525431475
5,722,0,4.4999994937042205,14.775506445730107,14.480869156041495,19.967597638818713,4.311014243037721,20.959334621282164
5,723,0,4.4999995140878895,14.787459700242733,14.239506736728615,19.752519630680457,2.903437609851421,34.869858734569426
5,724,0,4.500000223681103,14.854723675212526,14.449488595333397,19.51387631021502,2.6172798618063298,34.813116175856386
5,725,0,4.500001250143203,14.681156506739764,14.315507984746965,20.199458334107085,3.568310625633691,19.96385128094259
5,730,0,4.500000623713037,14.713390904578704,14.587477007448483,19.38156994243157,3.388842247380562,34.979642872257216
5,731,0,4.499998706786639,14.837851211864034,14.335058731001961,20.12413582899088,3.0862554748615407,19.66218463195779
5,732,0,4.500002713470464,14.804159657873111,14.52638027311602,19.882585294776295,3.0096165188993327,19.565775894373772
5,734,1,4.500000403488473,14.083163859003243,14.427325291363045,20.188093687479316,2.323218246023692,32.23494616373618
5,737,0,4.500001838432914,14.536152964942909,14.412189402494295,19.90040634647046,3.0531462901345354,19.751756547559175
5,739,0,4.500000048066026,14.839026768882595,14.195087264120696,20.14714986176141,2.243328959204498,34.2259230437517
5,740,1,4.500000507939341,14.986414126358204,14.80780575348754,20.03722118593832,1.8068896759549133,32.176842687778525
5,741,1,4.499999427051483,14.672859664208122,14.078715526829862,19.790631469750522,4.533413456806964,22.63092639367475
5,743,0,4.499999279271466,14.826411521425234,14.387342060992886,19.705085996091693,3.160510529895589,34.99870083089074
5,744,0,4.500001834542124,14.846932352873596,14.44193320477555,19.954914473438457,3.405575432515077,19.634144286847143
5,745,0,4.500000724823966,14.566495240766335,14.250397282271445,19.302924601198924,2.49720001687811,34.44262514684875
5,746,0,4.499999186451919,14.565151537327614,14.713825647159148,19.85133598234252,3.4223157326201488,34.82900882287165
5,750,0,4.500000151772251,14.633709222589825,14.47341777520412,19.708409892294046,2.567720256438978,34.74126012375721
5,754,0,4.499998922965853,14.762510124767825,14.673396253611633,19.758843991143593,2.862103634832124,19.6547187154437
5,755,0,4.500000609447989,14.778227935196517,14.37473870103882,19.819582645863264,3.8487302084983517,34.63446390110249
5,756,0,4.499999679910207,14.835841175688055,14.489173861153128,19.918157041076437,3.3743680435103665,34.88993237561233
5,757,0,4.500000255807797,14.661626000045297,14.382444535177832,19.49544182510349,2.459697942108573,19.96483254235303
5,758,0,4.500000583112637,14.333809062923129,14.507455252952642,20.09696748651172,3.5420202060952173,20.406434299500827
5,761,0,4.499999801660988,14.481630771216366,14.235250400787157,19.628521328920304,3.8943223569102283,33.97630517818904
5,762,0,4.499999692627353,14.698290319339169,14.531192645787897,20.12674072193609,3.1157962093728626,34.865538605965156
5,763,0,4.499998049511805,14.822528106711268,14.297772548545217,19.690414834326443,3.302667677592952,19.528205312595464
5,764,0,4.499997847189192,14.806943115781733,14.435117110493906,19.78436527653884,3.221519411940927,19.49984577302519
5,765,0,4.500000685882933,14.745163370101272,14.310903798249653,19.84942983014184,3.030004500809543,34.91279566491662
5,769,0,4.499999259455254,14.659425482954473,14.422173284669224,19.762431581455786,3.0340615754763425,34.96161798785514
5,771,0,4.5000007290062225,14.842022146671253,14.093660325844178,19.3665441742477,2.3531467857182955,20.108776613504023
5,773,0,4.500000460574268,14.68885076913879,14.155504643565084,19.893098161454674,3.8242196450263544,34.27279400425302
5,774,0,4.499999247006451,14.630217704853283,14.646890459019566,19.478345351679614,3.0018413613911497,34.98603262768882
5,775,0,4.499999991583998,14.861089121687142,14.359697878784212,20.367908090935323,3.3016229544863975,19.85128706324623
5,776,0,4.499999531575679,14.879824082179688,14.445567474027396,19.537450003278853,3.3897443985311986,34.965002436431604
5,777,0,4.500000540691192,14.597803239982412,14.301265286116855,20.19324568366725,2.1965132831001704,20.744334536679336
5,778,0,4.500001276667622,14.629984949656002,14.622834128769549,19.726266924667005,3.5884551949788914,19.700359847609707
5,780,0,4.500000664976139,14.781778592861514,14.989311063038977,20.154404111136472,2.7514432983503894,34.10790476532681
5,782,0,4.499997767231831,14.678590660088004,14.451913379295412,19.845172189428375,2.915670223327582,19.592942628313693
5,786,0,4.500000672999954,14.772163604186739,14.65811362741125,19.81498116557688,2.842478785424328,34.81751978520665
5,787,0,4.500000094816063,14.811463803946998,14.331006943674526,19.729229351848026,3.7142905471431713,19.784600302963682
5,788,0,4.500000099799166,14.845790724256643,14.538319689982833,19.606539751106713,3.8184012189650254,19.920177463602876
5,789,0,4.50000038262373,14.682809447558615,14.381930284467614,19.995201262610056,2.834114199233716,34.82436520637671
5,790,0,4.500000218044076,14.488800999719626,14.506943777190692,19.596236302079635,3.1874132223412963,34.89114980315782
5,793,0,4.499998763593673,14.57547491606861,14.252222295996797,20.07551323614025,4.0290699165352155,20.83070598408412
5,794,0,4.500002920160903,14.703067531115348,14.534331793260451,19.606818163247137,2.9831907982992276,19.50656039393852
5,795,0,4.500000850954751,14.819813670727177,14.249336462587745,20.01001554689158,3.203039645838812,34.83944739448311
5,796,0,4.500000806506254,14.834040711133342,14.451881773853124,19.87315876587732,3.4506192176153023,34.89223505285552
5,797,0,4.500002839256704,14.751360198449945,14.314655841526406,19.79497243364169,3.1288482214305398,19.551780891364714
5,801,0,4.500000393976386,14.40101205762762,14.27477239246611,19.837960792505445,3.1532624481485927,34.297716485291396
5,802,0,4.499999926809856,14.724571578571785,14.65978197716505,19.077691987255346,2.635986659480545,34.85010510305277
5,804,0,4.499999610828441,14.911534769446854,14.840572345198716,20.008671278954374,4.097365959067021,21.28447462643172
5,806,0,4.499999594909872,14.723891394025506,14.463124547582659,19.89200747754042,3.2254248790128965,34.95760047695503
5,807,0,4.499999355340622,14.972771974575696,14.12310893073753,19.401696756568846,3.009906933489262,19.467051130200993
5,808,0,4.500000141929094,14.968710635008959,14.557279855705364,20.070632511003225,2.3070004519948037,34.16941353545451
5,809,0,4.499999392887807,14.694045792927357,14.404233545987223,19.695328119606035,3.311905174792204,19.532765885430223
5,810,0,4.500000399554141,14.26955165907072,14.561184152937242,20.434954074398895,3.119049598321217,20.60943423407963
5,811,0,4.499999766017424,14.9879192569258,14.144491857129534,19.57422053034071,3.677835448968863,34.76297903116873
5,814,0,4.4999995175250636,14.520780857428464,14.695927151518893,19.80906681246559,3.7521699118333762,20.0129696646333
5,815,0,4.499999658689366,14.925384953711786,14.37724850444005,19.857859476875444,2.8326888424198855,34.85110687200448
5,817,0,4.499999341370222,14.420406397117153,14.286284813578934,20.294872057305092,2.951634072860947,34.17256841197953
5,818,0,4.5000003589401825,14.755932780176856,14.481285141421914,19.73300589433379,3.55052713401939,34.901511850752144
5,819,0,4.499999866015607,14.784000825849851,14.036541125113045,19.930752039513013,2.626621247680332,20.090441279908166
5,820,0,4.500000436730638,14.900373443512239,14.476261146815416,20.343069305327028,2.6812801308852285,19.99982890699449
5,821,0,4.499999788746288,14.728553678152117,14.341111110977094,19.609348841018775,3.7906657545696816,34.69922756815809
5,822,0,4.499999913144586,14.248244249596159,14.806057322623584,19.92794076951024,2.2972424512910363,34.02177087946643
5,826,0,4.5000004008506655,14.736175700325672,14.579077155867893,20.02922141764773,3.2221337241179553,19.616791919023335
5,828,0,4.499999518145841,14.806409813876632,14.560121317636906,19.70040902242543,3.0948362672904333,34.95417080964117
5,829,0,4.5000003023628095,14.729760985552462,14.398785752796707,19.907889537366444,3.4256811489036916,19.6189766658683
5,833,0,4.500000478024515,14.567139965418098,14.25897919553514,19.947923951695312,3.6452876741263083,20.144906580161933
5,835,0,4.4999997496087385,14.830286004906746,14.276060770728167,19.940782900656487,3.342077787816608,34.861201085538795
5,838,0,4.499999526271456,14.577799293438064,14.429390806750137,19.845708817158823,3.721974503364603,19.947041553636726
5,839,0,4.499999197797644,14.837369474627929,14.344554628174764,19.782190255957545,2.5875284963377876,34.76149724792766
5,840,0,4.499998372477181,14.866007987124778,14.574562799218485,19.847647790660986,3.0752283097099644,19.612168843216253
5,841,0,4.499999509009847,14.541599588384862,14.345120196603085,19.78551124761222,3.400329375377267,34.71442802065464
5,850,0,4.499999257915436,14.77113813755446,14.460944358508737,19.47038365561392,3.376587171130504,19.47912881702799
5,851,0,4.499999391362311,14.787578018900529,14.297781588590547,20.148460649916927,3.1372376785075247,34.80882387416744
5,852,0,4.499999498837632,14.83457942669315,14.467603636121014,19.914101153103346,3.0318199144354137,34.920938516013734
5,858,0,4.499999292155701,14.69208858443625,14.611158069444825,19.93599644045704,3.9489300292368297,34.43084392657283
5,859,0,4.500001201054856,14.819776244947532,14.408220974636702,19.71851037921909,2.90933996507598,19.53758433989475
5,860,0,4.500000710527625,14.818952669397795,14.633912656558874,19.297583697189957,2.5699224813719876,19.88087903634344
5,861,0,4.49999916565828,14.755146230166137,14.334785187999811,20.03982608051921,3.515669959976076,34.76774091205381
5,864,0,4.50000047334877,14.858063717383212,14.489240850513909,19.952452744110207,3.3191378013001462,34.877107646011716
5,865,0,4.499999129510655,14.354045377995934,14.313702266483528,19.408539771173206,2.582128133027908,20.66473034018149
5,866,0,4.5000019130446525,14.696270048026774,14.647116445062556,19.990170580344778,3.364153601233655,19.671274186376223
5,870,0,4.499999424737253,14.686561353729534,14.535981602639017,19.733481921313548,2.5642111983194353,19.803107424925116
5,871,0,4.500000455876687,14.917771784994562,14.417555140853011,19.953051238911236,3.512752614653789,34.79526173131069
5,872,0,4.499999649629596,14.993780036957073,14.49428395299401,19.6303628190543,3.3324124263871067,19.707403225932964
5,873,0,4.500000631651877,14.675567600768353,14.248889802891304,19.87247335136675,3.089327193810894,34.792364253752424
5,875,0,4.500000253788957,14.907397941625394,14.335892487564196,20.076844880238426,2.268650997550189,20.322325424878525
5,877,1,4.500000416840237,14.757181965139301,14.378008185417093,19.730114008348856,4.5316894211421195,33.292871985107126
5,878,0,4.499999662635573,14.485779822062645,14.47158018237233,20.236431121875825,2.803840203683645,34.56926891685935
5,879,0,4.49999927481345,14.849061053236046,14.379969345693361,19.64974748405732,3.156207982402951,19.476270637103656
5,881,0,4.500000679245177,14.337412254653389,14.145209483252607,19.50342533929024,3.9625799228131333,21.7445782021053
5,882,0,4.499998396843274,14.756617375951937,14.614199754261357,20.087021393931852,3.084178923904115,19.663210818006934
5,883,0,4.49999944688744,14.77831621294307,14.400557363100146,19.688043706295748,3.301878044315734,34.99502767806778
5,884,0,4.499999310876024,14.865759090940184,14.755508190259695,19.742082647300286,3.2702212117694094,34.619416496640255
5,885,0,4.500003335998207,14.697866497803332,14.362645721815543,19.81654953163598,2.9632532673175263,19.591594180235933
5,888,0,4.500000665704653,14.992881878155117,14.755079211429756,19.19279272255138,2.615766532978206,20.283527825690854
5,890,0,4.499999760064453,14.731977147312238,14.438877602101245,19.78294957863233,2.8619121089220636,34.93861208560982
5,891,0,4.500000961399454,14.850322495181594,14.258261529431605,19.851803070335283,4.008659581196502,20.267666607434336
5,892,0,4.500001666918478,14.793034491572193,14.488868668574854,19.971192571648547,3.4605431564501323,19.657814575968004
5,893,0,4.499999884776187,14.728533498013736,14.177262340236709,19.62384673163273,2.3728317209537466,34.37995197680697
5,894,0,4.500000350294843,14.098294018463996,14.97160778214691,20.14661004457707,3.6351794393720063,33.94468192116613
5,897,0,4.499999974906258,14.046924464007494,14.119790051948089,19.362489360723043,3.051030500203695,26.57313001288187
5,898,0,4.50000212431684,14.740531833195666,14.515942142808616,19.938795041103646,3.440228868896213,19.628433781720318
5,899,0,4.499999232193485,14.800974414715457,14.391541638619758,19.729863157764914,2.311089550875673,34.50092949118443
5,900,0,4.500000448104193,14.815944267339484,14.552157560863785,19.62812800406815,2.8916583360851424,34.920566331021256
5,901,0,4.5000003718169665,14.696932304786946,14.341045440742082,20.30896442469379,4.021162867420804,20.632884625628765
5,902,0,4.499998769641726,14.469490616356602,14.553213633650214,19.746675215692854,2.648043259309138,19.95209079215891
5,905,0,4.500000738058155,14.424313644007087,14.399421961180618,19.84801789047063,2.40570459485181,34.15173996585842
5,907,0,4.500000827792648,14.83646282932809,14.330648072724246,19.975710618555166,2.988590913820044,19.60804329141073
5,908,0,4.500003031854579,14.782471259224561,14.517950477299365,19.942154326479457,2.993981591379339,19.580644781844526
5,909,0,4.499999329950228,14.76701583326194,14.277158768332397,19.717142729023703,3.292179169458962,34.92116460970075
5,912,0,4.5000006781934445,14.941802526180762,14.618680272454334,19.832564460103132,3.0179763056246123,34.70297376663379
5,913,0,4.499997580258401,14.564143548109392,14.327130486226078,19.757452141659517,3.2191578936980596,19.744006810463507
5,915,0,4.500000391528853,14.813178569383034,14.015210626973078,19.139666931622443,4.070318758790968,34.39693284365125
5,918,0,4.499999192455255,14.57282199552851,14.636657190912109,19.48196321729751,3.4701000196662366,19.628217469222445
5,919,0,4.500000848017528,14.8890278781816,14.40855588085242,19.92228570537143,3.1319112486631187,34.91177650414282
5,920,0,4.500001223792923,14.871878766932763,14.468337014474024,19.676875439484057,2.7739322515908764,19.6363478667226
5,921,0,4.499999457813379,14.652945424993685,14.013126824800633,20.04547606378991,3.554004499374427,34.03778543414083
5,923,0,4.499999187529155,14.957016967819156,14.152020249370029,20.246458278451932,3.6551479220031653,20.12127311184208
5,926,0,4.5000005365603,14.531163974959906,14.45650150470368,19.860112248720224,3.7724266161410536,34.54289595785964
5,929,0,4.50000088139365,14.162432260670045,14.371210613078485,20.33269452615364,3.548660506994235,21.846608553384343
5,930,0,4.499999053002482,14.738028806138656,14.471550075597472,19.706849984337733,2.14558197519822,20.463301822082077
5,931,0,4.5000001734744375,14.793203324212195,14.37612671370272,19.81138215959872,3.271036785329275,34.9643137202773
5,932,0,4.500000838177433,14.835796501664088,14.488517176155202,20.015989328946333,3.7272446709359963,34.648419099138216
5,933,0,4.5000009713287055,14.719859638318255,14.235466722478414,19.651889534580846,2.834043802958907,19.694212376366064
5,935,0,4.500000726696492,14.975696376794417,14.339854086889943,19.594747140303113,2.8872458252948445,34.89060717830898
5,938,0,4.499999313937228,14.709734040277008,14.529804641017988,19.98585463973339,2.995608351004158,34.914701808616414
5,939,0,4.499998742317986,14.888261418153759,14.41931163246608,19.605465704459945,3.1505039980793548,19.486416127653378
5,940,0,4.499998465786399,14.782912428489954,14.51632874819399,19.792830446107214,3.2203116910722214,19.510956985185928
5,941,0,4.500000727744711,14.771214433924419,14.30212959809979,19.874020902653942,3.0095730679547694,34.907285935682175
5,942,0,4.500000184420147,14.314091873277672,14.587153229708301,19.19344986709955,3.9596097345191152,34.07310458151308
5,944,0,4.499999271896121,14.89664625393871,14.479756819677144,19.751916014509337,3.2080255587944086,34.92709869939391
5,945,0,4.499999155818813,14.53759341656147,14.134930978350935,19.98290518153037,2.916433073165774,20.198284866815435
5,946,0,4.499999931416211,14.732856720724934,14.932212045190656,19.35857042724601,4.476761617120257,21.844329422560392
5,948,0,4.500000793724057,14.903928024224852,14.664341585291512,19.911317946781747,1.8199414010863582,33.03866253481213
5,950,0,4.499999048298201,14.619761999137861,14.443869070183279,20.217469228100942,3.096550217310819,19.750580277903552
5,951,0,4.500000551645828,14.922334962217967,14.263971567233583,19.518423598108935,3.421314327071932,34.92701174028352
5,952,0,4.499999393999376,14.893450892955574,14.874595773651343,20.115266390174195,3.579082273961475,20.509353954710008
5,953,0,4.500000162274501,14.67279127399994,14.370812371033166,19.49291744375057,2.6746816897235197,34.820876406867775
5,954,0,4.500000750799507,14.399486533737056,14.959343999940867,20.05733096769194,4.4365266761944,32.67150518915919
5,957,0,4.499999580097821,14.652416715839063,14.098493226112902,20.216238309040204,3.282226264688119,34.33110878368195
5,958,0,4.499999966167202,14.469700412547954,14.586932129378415,19.63636024839719,2.6898135920397754,34.74782727577402
5,959,0,4.499999318238779,14.961206526620298,14.396462532817097,19.863729358099096,3.744887883859173,19.95401795631633
5,961,0,4.499999655362298,14.173507101784498,14.289924206029765,20.07150367313001,4.281400497679638,31.061516289718696
5,963,0,4.500000681824846,14.83550962852576,14.017749813600155,20.119013409600154,3.459454918061339,20.04801758959869
5,964,0,4.500001346827566,14.828971310228308,14.450513860358845,19.8195598966967,3.197814322330409,19.515330464237678
5,965,0,4.500000692178272,14.71493835106459,14.303472104043568,19.742784662861027,2.8217902522135416,34.85458175805575
5,966,0,4.499999971439494,14.62239453900535,14.556661000883988,20.130207183964075,4.553318925708024,32.88777349868162
5,969,0,4.500000322205037,14.496878332899373,14.119821850303449,19.232200088509494,3.337996276835635,20.09899772134282
5,970,0,4.49999939210606,14.678859983383377,14.668494651766096,19.86810951719559,2.5670190420427135,19.873097002853406
5,971,0,4.499999516223426,14.843257696786653,14.36883702349761,19.79543773005224,3.5674473695172395,34.86086716255488
5,972,0,4.500000232910164,14.786440397768622,14.640742614648543,19.549979296888644,3.7030625035521427,34.72491528936792
5,973,0,4.499999971022812,14.763871212290768,14.42104702528246,19.93425734933656,2.544551159086975,19.86209494738861
5,974,0,4.500000606279996,14.113741542594907,14.44973929807739,19.544328127771966,4.1457978474573185,22.908156259896316
5,977,0,4.500000639497627,14.645859584911145,14.327828465948555,20.14204026045695,2.9667341177351,34.72794842313839
5,979,0,4.49999971734279,14.822973218838234,14.373679143444697,19.969453820598837,2.510962906028829,19.919161607937944
5,981,0,4.500000311140509,14.595762266164373,14.262815121115002,19.48008719369404,3.445010486948619,34.70530774915672
5,982,0,4.49999989323328,14.633511374850054,14.52316776875272,19.924145909880743,2.5924522545155453,34.72672751722849
5,983,0,4.500000834120317,14.925939606574572,14.232964135558435,19.711680326461998,3.5519238527301615,19.721246635885183
5,984,0,4.500000586284085,14.880217171601767,14.532897773052383,19.873847710924146,3.3314221792566787,34.85613310858514
5,985,0,4.499999300417134,14.652073212886695,14.380382315752083,19.637153189071782,3.130571911339089,19.555455771751983
5,986,0,4.500000650398382,14.641422938278144,14.51487393221311,20.154747729670692,3.727889955917437,20.0273436030882
5,988,0,4.499999942798733,14.870257794059324,14.590386826072187,19.693191754915535,2.120948188082207,34.05965026795322
5,990,0,4.500001370903553,14.468599253096645,14.648032870259408,19.557285028166866,3.030291358245821,19.691279274088878
5,993,0,4.500000609991124,14.347639030456197,14.079956660575668,19.770148208534664,2.4676787180326634,32.9448974858521
5,994,0,4.500000368908396,14.741387582908766,14.680431059032419,20.230221516234106,3.300896586256714,34.687178513822175
5,995,0,4.499998762947224,14.81432366680897,14.373422140740722,19.537817823383932,3.0796221328938875,19.46807026930249
5,996,0,4.500000355671437,14.859937201645335,14.584915919013504,19.67697000944233,2.7778086818189758,19.69476953479112
5,997,0,4.500000611121149,14.744185648762175,14.404442403723113,19.879900329541325,3.160823357872328,34.95818484217687
5,998,0,4.499999955090165,14.346293548849763,14.517375834091299,19.18397404302103,1.931246482208304,33.135674407481524
5,1002,0,4.500001399248948,14.720418942259267,14.468077521376262,19.73702751150102,3.4456325857331658,19.55666038536812
5,1003,0,4.50000082665404,14.876860111863369,14.156878850330713,19.933791795266085,2.6065355735887588,34.631507291349166
5,1004,0,4.499999295664559,14.7923799205485,14.427048067894862,20.02100048938795,2.584507695432632,34.71022267807607
5,1005,0,4.500000377348231,14.766255007166194,14.24641758178299,19.268920200635712,3.5286549313709092,19.549397598692806
5,1006,0,4.499999029124336,14.379552137460461,14.699494829975276,19.81103727277045,3.0837720237290878,19.867057062886893
5,1008,0,4.500000046082437,14.985587804654198,14.575579789933848,19.95902868222339,2.8219947341789515,19.947562055872485
5,1009,0,4.500000827051044,14.604234799759121,14.40478844606512,19.58621896450228,3.9185864398030077,34.50712793657317
5,1010,0,4.499999367338877,14.740781285057402,14.454962955880797,19.98058800903349,2.61715783526341,34.7492638402777
5,1014,0,4.499999762567612,14.67812866662123,14.553213838440314,19.78590738920166,3.454207093847794,34.91979761248539
5,1015,0,4.499999366372936,14.953968774716461,14.295533639471916,19.844513767289662,2.358352920580798,20.163083950654034
5,1016,0,4.5000001992831695,14.900426737209466,14.469225964725087,19.804820149608574,3.090500417846972,34.91301828023922
5,1017,0,4.500001943724051,14.68731051928633,14.327450552166344,19.857117373182877,3.3292633758633894,19.633753569067448
5,1021,0,4.499999581344445,14.699001251189689,14.280941813222515,19.612952034195775,2.142624627912893,20.58402247494155
5,1022,0,4.500001887473478,14.502049806397828,14.491688956215821,20.02785074736487,3.2779174605679806,19.81018109455147
5,1025,0,4.499999727017345,14.492329368718549,14.280438974582383,19.784311041246312,3.9526808895402983,34.00232334401834
5,1030,0,4.500000604152611,14.667497901339742,14.480317122090824,19.665636387571517,3.488209013690609,34.93074402530154
5,1031,0,4.500000331523463,14.8795233100147,14.076875407194049,20.03781029511757,2.6349888517074063,19.996842130305087
5,1032,0,4.50000075743101,14.90863788396083,14.57224518344233,19.60589780924664,3.1210957242093755,34.86279765480559
5,1033,0,4.500002875600286,14.626029908943767,14.403745238417073,19.984058013415357,3.383002633332091,19.709005652343823
5,1035,0,4.5000004626210925,14.972679168515425,14.100620777661032,20.02503796523576,3.787255017180627,34.412450335542694
5,1036,0,4.499999706736075,14.779428170541705,14.642969742682626,20.479355128429308,4.437250810761775,32.7585131954923
5,1038,0,4.500001358290873,14.510232060544212,14.702264517056136,19.832713874723904,3.2550911303589922,19.692626711894263
5,1039,0,4.500000840440226,14.923599988094773,14.35605893084765,19.768175389434976,3.0485270148381867,34.93494936788011
5,1041,0,4.50000003486704,14.403344575745987,14.26683463785438,19.373919269982398,1.9524605885106407,32.8348934305891
5,1042,0,4.500000654940933,14.765063592784262,14.526442500427573,19.92042864185758,3.420814296762191,34.889313226746346
5,1043,0,4.500001668484296,14.78892293042457,14.310795253792588,19.72251739923277,3.070677099129054,19.525673781887484
5,1044,0,4.499998818104763,14.867487376619863,14.428903820011069,19.376002296686018,2.824709503731862,19.566257727401602
5,1045,0,4.500000348524155,14.704719517587348,14.31143703915789,20.05904478452976,3.1783322073980527,34.81497362245437
5,1050,0,4.500001065557472,14.72382369007426,14.63567703498019,19.587352990592553,3.688425851183379,19.76831215098673
5,1051,0,4.499999691729199,14.832567573874348,14.364023868846553,20.316025418801228,2.652078005798022,34.6208252342286
5,1052,0,4.4999999079382675,14.79879218750474,14.475313306689227,19.86872375798864,2.7151052698818643,34.8371829792485
5,1053,0,4.49999849232053,14.724231642648686,14.370110693458878,19.644946674052452,3.6828424999614704,19.731660564742626
5,1054,0,4.500000695420145,14.083653960729233,14.474048458169984,20.27294523828985,3.050543890955966,21.757344899334047
5,1057,0,4.499999867691121,14.42619062239796,14.393646320983363,19.886978230269477,2.848608632116603,34.52345537914039
5,1059,0,4.499998939733215,14.854145689345733,14.179652997501245,20.194161014277185,2.577292995668071,20.018170836804874
5,1062,0,4.500000674694254,14.646264354580167,14.845361695421913,20.155028740570334,2.414927562453984,34.29417203195182
5,1063,0,4.499998213562787,14.862904005773458,14.376501437157613,19.509636942950713,3.460818192001356,19.549505838048994
5,1064,0,4.500000572499589,14.873038869059899,14.43453225209472,20.049247778604098,3.320382336028634,34.8480493896831
5,1065,0,4.500000538330934,14.57047800623262,14.1866444289557,19.360305489992175,3.0582157578994678,19.816207934874026
5,1066,0,4.50000045170573,14.516294383464711,14.852656664134681,19.920376629622027,4.098073834352869,20.85353302516385
5,1068,0,4.500000181922017,14.803388568038393,14.820743692687758,19.535367410728576,2.3803043360410956,34.272686174956135
5,1070,0,4.49999751966687,14.57251451520269,14.51563729761482,19.72506789933035,2.974608364194812,19.620850409841797
5,1071,0,4.500000282795172,14.975611512940718,14.220142546354872,19.950953348847563,3.26041674133179,34.829422748237114
5,1074,0,4.5000002377681865,14.758877688454294,14.567466656569199,19.80342537300603,3.07370691281007,34.953294261808416
5,1075,0,4.49999836946812,14.785449383685926,14.323057977015182,19.90404656082955,3.3639091722870487,19.608326304250564
5,1076,0,4.499997342647416,14.823428530297523,14.496409383879774,19.91337595157292,3.1504229134363757,19.55678624052204
5,1077,0,4.499999644949187,14.659669240496097,14.416709674930098,19.517126010700427,2.8025494516627525,34.91907063432251
5,1078,0,4.500000014738992,14.486120219195053,14.437391917569183,20.038173808142908,4.36097521542981,33.33581703565672
5,1081,0,4.500000920182442,14.453745913325456,14.293283020041617,19.478622450123993,3.383908868017171,20.052647800086113
5,1082,0,4.499998613154065,14.691304910393649,14.512635560545872,20.057800911881316,2.467679379054153,20.00320093310393
5,1083,0,4.499999780921517,14.804229341321236,14.314451675610933,19.701546509032102,3.3879002164091077,34.939231234475805
5,1084,0,4.49999934960796,14.818309784901254,14.462707805660349,19.760271600477004,3.504643583947016,34.90811030804869
5,1085,0,4.499998837303356,14.741858234142745,14.33951032725526,19.835743016648884,2.596929379145231,19.81313352462988
5,1089,0,4.500000512905941,14.518011088440966,14.356301048501821,20.104102978089884,2.9776755456538577,19.9265317633967
5,1090,0,4.499999552358033,14.683905838739088,14.562631377774437,19.694894207418095,4.180362021350649,20.530101544349108
5,1094,0,4.499997433901141,14.692391039166294,14.50814221149293,19.878396437584072,3.140888477789315,19.542672483974826
5,1095,0,4.499999156598974,14.926459547681763,14.36919933975359,19.66125456640748,3.416056225438508,34.9268760840713
5,1096,0,4.499999563379759,14.97358202421252,14.556376739595379,20.004653893016147,3.70723940115538,20.119656491436146
5,1097,0,4.499999298832718,14.676324932909765,14.299144845446758,19.767105837652124,2.8380552566124213,34.820914668876355
5,1101,0,4.500000230034287,14.740026460578525,14.398820766599243,19.902384611494135,3.155043464240281,34.94854629438101
5,1102,0,4.500000355277918,14.600255884338756,14.44492756320883,19.475678585894656,2.862069425993451,34.92107765059036
5,1103,0,4.500000411889943,14.953888239099422,14.289427389153143,20.124907928477583,3.7239183397042503,20.039632870423905
5,1105,0,4.500000159070676,14.409155792077172,14.20589797887252,19.99080543629524,3.5763220650856904,20.709742842867467
5,1106,0,4.499999817717501,14.772348073088299,14.588956082761502,19.606752962621485,2.0425663211925977,20.743370109713716
5,1107,0,4.499999615230258,14.78574228650774,14.42137250954083,19.967218493390966,3.394421872037363,34.88860711876996
5,1108,0,4.500000011308657,14.891402294484074,14.675854639744278,19.881226872878344,3.900379741625641,34.254334324298995
5,1109,0,4.50000008596619,14.73960675321577,14.392084177293205,19.80593142563163,2.976863291352445,19.547922441824234
5,1114,0,4.499999516134553,14.750008817218141,14.4341856318614,19.816748693743243,3.0496252116471094,34.978971547924985
5,1115,0,4.500001698578007,14.866979993297532,14.243132461591458,19.730582965065825,3.2406023310949337,19.557115744491725
5,1116,0,4.500002933608697,14.808274748770973,14.471301686973753,19.611809999090738,3.2885636858386715,19.473690671228177
5,1117,0,4.499999150849033,14.747918059381046,14.158314508862297,20.003867619328798,3.030312429294264,34.68959597709107
5,1118,0,4.49999944686655,14.28007387053225,14.831670860505392,19.586575965619968,3.8138041811526824,34.33997513457753
5,1121,0,4.500000666829663,14.566954032107624,14.135807880687215,19.689760628312282,3.2345833355251,20.013101489607546
5,1123,0,4.500000615911899,14.879992314597036,14.254401080511832,19.61211966647815,4.522616388719287,33.259922312762455
5,1126,0,4.500002354423691,14.652888446701734,14.466217975213452,19.77772411090289,3.4125909592002808,19.59094692515861
5,1127,0,4.499999677895946,14.892423678631241,14.307885613953667,19.843928465375797,3.1094526070000414,34.93261538535718
5,1128,0,4.499999106892663,14.936889143731573,14.622171345925695,19.748915821543953,2.563941753495857,20.068953142652862
5,1129,0,4.499999877873186,14.639168268640624,14.332908167023364,19.80978864043769,3.5820536536992793,34.72747536557786
5,1132,0,4.499998842710876,14.842620037290562,14.471312866952157,20.118451956642794,3.272708886720163,19.675466373820363
5,1134,0,4.500000261103592,14.636066726960753,14.525547322441552,19.94027381200345,3.698391898060386,34.70853567133447
5,1137,0,4.499999904046144,14.07331888505731,14.380731651607121,19.670356664959222,3.0649853371487814,21.9859700618637
5,1138,0,4.499997853446034,14.768852145774042,14.423289078984492,20.0030459670417,3.3353436315305665,19.609670069270788
5,1139,0,4.499999973601504,14.782627092900105,14.227299165448992,19.275570222374554,2.1761364046715026,34.29648514428824
5,1140,0,4.50000072219559,14.85371895060613,14.486036348789597,19.703726767015127,2.837961946225924,34.89973788490015
5,1141,0,4.499998882563108,14.676360781846784,14.200182793094154,19.906115359196477,3.72783859261647,20.10937186752504
5,1142,0,4.499999837022341,14.471564984715798,14.773553548590613,19.32943671472701,2.8759057593918675,19.665003276776908
5,1145,0,4.500000382044567,14.590410455579928,14.2437667635598,20.146107803488622,2.654315287654877,34.40771628157295
5,1147,0,4.499998391756745,14.840263790443302,14.394612033990352,19.920558453360258,2.9417027427483617,19.588762004047233
5,1150,0,4.499999469773935,14.091986532753873,14.55183324300669,19.980809690847856,1.901355394491458,31.581764976325097
5,1153,0,4.499999296616023,14.272529319470971,14.393678907811708,19.303547411546898,3.7268672823516598,20.878900310709923
5,1154,0,4.500003369779239,14.73122753150711,14.446559572296723,19.875171720941346,3.110351484746051,19.533736768046207
5,1155,0,4.4999994402029815,14.797413771492737,14.28799849876727,19.799152937806845,3.3442190248510815,34.90833640173572
5,1156,0,4.500000628997617,14.87053220350261,14.553508042390996,19.569791495552657,3.2432126361764864,34.92749175457288
5,1157,0,4.499998181261493,14.740881869396812,14.289761894513235,19.955929324557104,3.047852519729254,19.63228770274955
5,1161,0,4.49999974986058,14.294151809647923,14.062323868080389,20.031200958167723,3.245904043854963,32.78996987671617
5,1162,0,4.500000533446722,14.725231593566464,14.501437341140683,19.66916002505728,2.954795471790426,34.993518067911374
5,1163,0,4.500000469602988,14.897926984518685,14.373728629061096,20.027880155834787,4.137754206703671,20.58185836657609
5,1164,0,4.500000163152665,14.779520648583606,14.751520853933112,19.82695087429745,3.5060089665475713,19.853173770204677
5,1165,0,4.500000809269074,14.7629745998505,14.355631437583927,19.763138808925742,2.642523767792945,34.80149148197918
5,1166,0,4.499999875048625,14.44353393694143,14.545075572511607,20.414207068895163,3.4099613194328486,34.44202338980483
5,1168,0,4.500000412181372,14.898496606845303,14.462006537672105,19.879740871937493,3.5745249748344623,34.78864936055648
5,1169,0,4.499999099172074,14.538843144793177,14.133672069134827,19.6801663757527,2.5894817384839426,20.36635014459687
5,1170,0,4.499999998113047,14.757419754797889,14.876474632978882,20.1353100668928,3.3720705269078244,20.10406485172148
5,1172,0,4.499999537901293,14.946945403322905,14.677141736639792,19.68935333142255,3.0360296583518425,34.63436998526327
5,1173,0,4.4999990456624905,14.36168797371886,14.307288351515863,19.853073905622818,4.32964228889186,22.30239388785442
5,1174,0,4.500001692053032,14.70795829154106,14.439660472426478,19.543810419266382,2.7242162095620555,19.638901920747905
5,1176,0,4.500000215979441,14.979565553884362,14.741716546730213,19.26042580512861,3.4750552242963177,20.02464370362841
5,1177,0,4.4999998453449,14.726528662440067,14.389586513612624,19.969698746008124,3.0910305710624355,34.917585372717014
5,1179,0,4.50000065240845,14.877182119158586,14.068036235275665,19.90562070076213,1.879772341630418,21.35317817366035
5,1181,0,4.499999283500461,14.734800153908216,14.232521846442324,19.570200094590778,4.384586736862217,33.57949533523962
5,1182,0,4.500000249542636,14.452090522762054,14.585458513054048,19.971142923720482,2.858421903735133,34.7398374727112
5,1183,0,4.500000331320668,14.968056214186664,14.418377976237801,19.749470432073938,3.183050143756689,19.601266180031594
5,1186,0,4.49999674478182,14.75820010422874,14.542775192831918,19.706224361057874,3.358341146243389,19.522032238731253
5,1187,0,4.499999629215098,14.827574653942492,14.400092221601517,19.916444101572356,3.065421173623429,34.93766249212434
5,1188,0,4.5000000374306035,14.826566843785619,14.601688767892135,20.092134116682146,2.9791231381104684,34.77137580286819
5,1189,0,4.500000956293812,14.698046370437044,14.313794393719276,19.355439051460486,3.2658028869678084,19.546951213285595
5,1190,0,4.499999419056826,14.556238585300605,14.60522569898092,19.869684285173005,2.2342125632915533,20.43488148866817
5,1193,0,4.499999386078702,14.5198968709262,14.332861494802227,19.80751669556046,2.6179329424762114,34.49485626691464
5,1194,0,4.499999283392336,14.694917481269028,14.453416115853345,20.189871064383027,4.172032978650052,33.96329261690996
5,1195,0,4.500001294385237,14.862759468341551,14.289730679392205,19.514716925134245,2.7689422441740805,19.619088011399153
5,1196,0,4.500000834453152,14.792268039771425,14.50757019709145,19.687402559323292,2.3833593700588507,20.035923911521532
5,1197,0,4.500000021545847,14.773134225082977,14.209327882190179,19.88899846209487,3.439730879145788,34.75886064770057
5,1201,0,4.500002077705073,14.667834761582789,14.38847494842,19.832303625451033,3.48031754768986,19.663170517050407
5,1205,0,4.499999893758484,14.623644066295345,14.200085829870302,19.650387797736595,3.114346635432216,19.78252598578621
5,1206,0,4.499998819449158,14.576205991482325,14.543942527239668,20.109724940356777,3.5034849329190187,19.839993253977156
5,1207,0,4.500000155544706,14.888405568856813,14.397510401355023,19.687774258484442,2.6089566394979284,34.782583093015525
5,1208,0,4.499999457025738,14.875279290026297,14.487196611315252,19.982339990408455,3.0655453673071946,19.621116991286353
5,1209,0,4.500000442319757,14.640556861764598,14.21896391573559,19.584955661686493,3.3237264465367753,34.742018407199836
5,1210,0,4.500000008135291,14.697770389973119,14.707534877061931,19.960663131324985,2.2724182431888083,34.29835302597946
5,1214,0,4.500000755496297,14.638418948577199,14.424797692536314,19.772217719796387,3.153576967556373,34.95544041265289
5,1218,0,4.499999304308003,14.723889871453524,14.673696981434428,19.393789936003063,3.6209051709086335,34.79670873090761
5,1219,0,4.499998113768686,14.800196909385768,14.354199799565553,20.038212539705658,2.767864638861514,19.720481404521184
5,1220,0,4.499999357812521,14.84047126299316,14.586542411288443,19.889868855120103,2.8426977792713335,19.689421120789554
5,1221,0,4.500000569067309,14.729512456941238,14.402571691227491,19.68202374135592,3.71142244996227,34.79230164319294
5,1225,0,4.500000537779238,14.238128485950755,14.190542981191399,19.228465683875946,1.8374230515069974,24.843809736193364
5,1226,0,4.500002331903884,14.701643296937297,14.486163242660428,19.927449718263343,3.237063919980408,19.563798170526386
5,1229,0,4.4999992250008525,14.748119320304736,14.258440527860541,20.48577467695501,3.4147125729892736,20.066020106752838
5,1232,0,4.500000243184014,14.889768767563549,14.486740682606499,19.710789250688563,2.9878302770431815,19.55504702866491
5,1233,0,4.500000464260189,14.481245342732066,14.379391079567718,20.12093343145947,3.2148402930449764,34.577220457913604
5,1234,0,4.499999630380822,14.773380164688007,14.489974128909394,19.61405602769242,2.2809561140109667,34.470086833910564
5,1236,0,4.500000062407825,14.926971075499058,14.511048247762533,20.452229621524076,3.9231812931653263,20.623883699232437
5,1238,0,4.499999908529588,14.669129800754295,14.60339933973135,19.848315421277633,3.275435375461078,34.94139129877795
5,1239,0,4.499999973385647,14.959388875078098,14.351664477305913,19.780193420706347,3.0167259421507637,19.591699402757076
5,1240,0,4.500000041466683,14.897367750771245,14.424958579633813,19.822874371471677,2.2365775342227923,34.34014905279831
5,1241,0,4.500000148420282,14.689300817456392,14.295495021511815,19.759927239325478,3.445844474155132,19.67617984996988
5,1245,0,4.50000095956564,14.697068062551217,14.199502034659758,20.102860436241237,2.671557984402186,19.988947702650574
5,1246,0,4.499999779836002,14.26577043169541,14.528973857882173,19.523307421445146,3.9075312682900787,20.91211084158302
5,1247,0,4.500000389879531,14.914254376438247,14.32264444848868,19.90203195887557,2.921272472769335,34.87814072024317
5,1249,0,4.5000001503600116,14.035245680431233,14.199285969059947,19.574393424640697,3.6062251541370234,29.5890463862316
5,1250,0,4.49999995883889,14.74631440643662,14.502949693874152,19.980086247609123,2.622266518869547,34.75231784423467
5,1251,0,4.499999408059793,14.82535807219578,14.183893576247451,19.59134855759428,3.6718783403885378,19.81087918707753
5,1252,0,4.500000547773029,14.811821598532022,14.436833905606314,19.806327668466082,3.688997986912863,19.763455902584052
5,1253,0,4.499999497212207,14.694383565716919,14.225643111734312,19.89666242970045,2.7140756546666944,34.658085473849404
5,1258,0,4.500000477893552,14.641883565168316,14.955759689046756,19.747421908798117,2.8696844372194947,19.862356742775567
5,1259,0,4.49999939892228,14.823327177318253,14.385349683029602,19.830138038223367,3.2229304505479455,34.96455024905757
5,1260,0,4.50000053884869,14.800462274952656,14.553272903316238,19.972128791333336,3.403979808031037,34.84707892601112
5,1261,0,4.499999017311761,14.76959597459325,14.384156845335959,19.564058345960586,3.110843857644138,19.470363002164117
5,1262,1,4.499999240173097,14.028534544258886,14.583478561159659,20.14000999323923,4.375949037492094,24.88876991810917
5,1265,0,4.4999994370375465,14.6314043448009,14.34507840946552,19.483523263107557,2.9764852475168664,34.91019036996927
5,1267,0,4.5000001027385315,14.781478840305384,14.372547323634059,19.682504929701196,2.589968801286428,19.763151795278937
5,1269,0,4.500000845129897,14.615363274569033,14.323793857282318,20.18649839001686,3.8940189632241857,34.21375920339005
5,1270,0,4.4999994516182555,14.528321529018601,14.514159712625577,19.60582484535685,3.02833680952771,34.9327301713829
5,1271,0,4.500001426160032,14.853867589532499,14.29321668869716,19.864345806439037,3.221519094537583,19.56618440615141
5,1272,0,4.500000174935513,14.827542599043145,14.495088381906427,19.76725056092989,3.2976950681659694,34.95574998708589
5,1273,0,4.49999948171981,14.594177680901803,14.422206207489761,20.012254863139646,2.0781321278053926,20.85783111804199
5,1274,0,4.499998887722107,14.631533674262045,14.449300273249845,19.43853725584318,3.706589997766533,19.756455777486796
5,1276,0,4.500000516096863,14.821008948033999,14.554946805670689,19.877220163482928,2.92291109603447,34.8733127504342
5,1278,0,4.499999829071213,14.568819271777716,14.57240194192082,20.11807819099302,2.8426463709301397,19.77944346815539
5,1281,0,4.500000715980937,14.084567163869728,14.211395537701446,20.151659271597588,3.2431243261802374,23.329247709777405
5,1282,0,4.499998882913805,14.751825305972,14.476651572117513,19.687114874551536,2.9272245614168995,19.52370431434768
5,1283,0,4.500000785404184,14.807223714300855,14.211609352610528,20.04010394587838,4.049251923148844,34.14995208654876
5,1284,0,4.499999396026717,14.831701995655898,14.43214136297696,19.86595597820257,3.52210919712949,34.866968213739995
5,1285,0,4.500000298471683,14.712722181716227,14.274752823612136,19.802678053439582,2.4868382926129664,19.994935414823825
5,1289,0,4.499999672850812,14.509170755082275,14.01840114036993,19.134804768258036,3.719451602099966,34.093041704944085
5,1290,0,4.49999998262695,14.695082082906502,14.702882597805033,19.844973252509874,3.1117298700198135,34.87683285522287
5,1291,0,4.50000000894416,14.869727239256344,14.375361857436506,19.767910492101127,3.380975398443622,19.55950248437418
5,1292,0,4.499998916770131,14.779455143785281,14.587463635895277,19.44439670008143,3.325753206224526,19.50548248729034
5,1293,0,4.500000142277979,14.767682413181053,14.405859071215303,19.899978178795607,3.0346236163795393,34.94794801570151
5,1297,0,4.499999478255477,14.683243833200622,14.365268914542103,19.940472529803557,3.1125031889374517,19.612252404787206
5,1299,0,4.500000809394323,14.823458361300188,14.339454707111258,19.823279151077625,2.1052938998001274,34.1602063048462
5,1301,0,4.49999935361939,14.63147685485468,14.324959457208443,19.483545094671474,4.284913757807596,20.95943795996967
5,1302,0,4.499999918015222,14.588051184117518,14.513837365337189,19.934747457419828,2.8546485238970813,19.70110722038826
5,1303,0,4.500000121797358,14.889629345775072,14.217272454206121,19.718555988626115,3.1576445355109586,34.92142200866751
5,1304,0,4.499998845655979,14.878346897012834,14.555345034351536,19.915832972573178,3.5275892385057293,19.776427196474796
5,1305,0,4.499999991266585,14.653759424743672,14.40695531027492,19.7108111433524,2.720406286634665,34.8387343297779
5,1306,0,4.500000120167906,14.672955812222565,14.458873745970404,20.21698284719347,3.267754589064681,34.78911546138818
5,1308,0,4.500000281050737,14.883635686984304,14.668151881545718,19.728778673751783,3.09588224789442,19.6987440093681
5,1310,0,4.499999896484957,14.649039339292596,14.515907261133862,19.68351823879669,2.847586309781448,34.94690798474122
5,1313,0,4.500000909777492,14.20678683703956,14.129918670933035,19.73314179456709,2.8183216583049404,22.12626660912197
5,1314,0,4.499998883523541,14.747024593466582,14.609102044112793,20.14256725050435,3.817129529388666,20.139574581886095
5,1315,0,4.4999991541838105,14.810158696844022,14.34752420851834,19.485057369059234,2.873298341428246,34.96802861347325
5,1316,0,4.50000046440463,14.846015124497953,14.584424105346532,19.628674969967665,2.5052803370631063,34.635479583511874
5,1317,0,4.500000498594814,14.723719135272162,14.415965915927034,19.86940292742493,3.452790380029433,19.61298955640305
5,1322,0,4.500000026691797,14.709697462332032,14.455385922645664,19.734686025977307,3.29108857652428,34.99016840297907
5,1323,0,4.499999613687404,14.889448058296216,14.058988212227876,19.9734907699629,3.1444528085980066,19.8226763669573
5,1324,0,4.499999593056707,14.793080730351928,14.450284456201029,20.335373355340074,2.988624637978968,19.77386534209489
5,1325,0,4.500000547641577,14.775791289956015,14.313773323190151,19.546386170439135,3.2332004152131835,34.990088400597514
5,1326,0,4.5000002553929255,14.372451857981828,14.621211460790317,19.92156968304926,2.4059471002331887,34.295462505150034
5,1328,0,4.499999958728674,14.931541729135235,14.517275297551402,19.9908797056964,3.063568185828381,34.78784933674087
5,1329,0,4.500002369398971,14.552035740439157,14.371285379744645,19.604358267258316,3.357709471391646,19.720864777419536
5,1330,0,4.499999521438282,14.739536958466974,14.492604955747153,20.068720204078414,2.152815894333558,20.52073452247876
5,1334,0,4.499999918805409,14.669774405400135,14.605640611644636,19.792503489183215,3.178241326694357,19.542526644331325
5,1335,0,4.49999978302711,14.989418233162521,14.321017379688325,19.88576879126785,2.7537616778154277,34.77114275245235
5,1336,0,4.500000952536647,14.949698040280131,14.44180887204236,19.715706533044433,2.4745865980689934,20.025777756092292
5,1337,0,4.49999958695851,14.703417377240248,14.328210002947708,19.8179456077856,3.464473289418255,34.8446788545643
5,1339,0,4.5000004454794675,14.931652643515914,14.364069014148802,20.481740642409004,3.4222486749103833,20.04496612873485
5,1341,0,4.49999975782601,14.700722007571965,14.255853834867684,19.609100223841775,3.0546927987714128,34.88406437484308
5,1342,0,4.4999996277973775,14.52884130089413,14.519979372755737,19.99835304439139,3.5305185827527215,34.71527674157206
5,1345,0,4.499999717769198,14.185111258720257,14.080211264633306,19.20232841757841,2.0748946739150025,29.872164960798976
5,1346,0,4.50000063234353,14.73519523951111,14.549947252547476,19.88502881804895,3.2454153314362717,34.94455313203181
5,1347,0,4.500002105425116,14.811409655195053,14.413282808954678,19.664055760393808,2.946775947232989,19.512197557417466
5,1348,0,4.500001794127373,14.825069010267772,14.55350113845304,19.50016215245826,3.097502262434289,19.49245985269759
5,1349,0,4.499999425951779,14.71816318639559,14.321111455765346,20.18548652027168,3.469358062426904,34.68482366111275
5,1353,0,4.500000428614741,14.262911628349627,14.320416445661873,20.004405869715775,2.814566866845955,20.947023702638454
5,1354,0,4.500001022618995,14.669307324340911,14.45775853145199,19.418554474596984,3.746991929094734,19.76726230203626
5,1355,0,4.500000163025503,14.832685541116067,14.348980634795083,20.103824435924007,2.7744909576699666,34.77958474288921
5,1356,0,4.500000469276077,14.785558716024195,14.474161434617876,19.924434581118465,2.800444180911443,34.86859608828654
5,1357,0,4.500000608077673,14.75885432130961,14.199712148191484,19.73215532571709,4.249574494167551,20.902168880332514
5,1360,0,4.500000162060507,14.975587627751045,14.756953782038847,19.847376099683448,2.4100527019537994,20.6124524143439
5,1361,0,4.500000188033577,14.606252638652716,14.370298730226027,19.788830878392776,3.3684032385820757,34.84346490538323
5,1365,0,4.499999401055212,14.55539221696743,14.123773137107335,20.111164326873144,2.7630205274975568,34.17195274147795
5,1366,0,4.499999626495923,14.594113900326544,14.585259187062388,19.59345038243652,3.878047199043155,34.61247715963096
5,1367,0,4.499999125631342,14.871640040163312,14.394613504768252,19.959480644016107,2.897813018911743,19.633365387754974
5,1368,0,4.500000626766866,14.839599141250732,14.47127642062602,19.69492052075671,3.029428895630484,34.9716113288214
5,1369,0,4.499999941871236,14.614697619024803,14.081805412604641,20.10585313132454,3.1688613266650716,20.149929671430034
5,1370,0,4.500000394975339,14.588215960167874,14.953072144002208,19.482237897022255,2.360079239998119,20.2109255162326
5,1372,0,4.499999600088929,14.84374740394625,14.679427435874482,20.2831227117218,3.831064038630431,34.163743801456945
5,1374,0,4.499998274450587,14.479191965325434,14.437164444589481,19.81212798401138,3.2838402624102407,19.81840399625367
5,1378,0,4.499999528484677,14.73454735927847,14.431101299419588,19.793662697983777,2.946686246007994,34.9634719560887
5,1379,0,4.499997662479385,14.809003756317143,14.327218122650542,19.848442185945334,3.1991065418923856,19.54317235282474
5,1380,0,4.499998340430197,14.83509278726142,14.520311367300009,20.072426421598873,3.4187978304453237,19.72198359720636
5,1381,0,4.4999997434720935,14.720575778079178,14.273533085701176,19.649002308901117,3.1179348582266453,34.918799321898085
5,1383,0,4.500000789880748,14.985432624633276,14.297510522706824,19.6369271329261,1.8783247878279234,21.317044056243272
5,1386,0,4.4999992887991835,14.691068028575305,14.529475914423804,19.971369671605906,2.669108800597538,19.763824767547213
5,1387,0,4.50000014740014,14.857360154380611,14.39759120575582,19.560425383269095,3.554908632665418,34.9159853250858
5,1388,0,4.500000499955071,14.78764475317428,14.574260016307623,19.782245188967334,3.6132437410280756,34.80368285156106
5,1389,0,4.499999792877463,14.75957993433795,14.347161157282201,19.836686528117145,2.677532973413562,19.7298189658924
5,1392,0,4.500000505190067,14.900447470373976,14.459299506977631,19.749206652335875,3.329267633542754,19.573781978967503
5,1393,0,4.500000311470767,14.555525069207215,14.065264413914717,19.929203432441174,2.0829667565929073,33.15409546433157
5,1396,0,4.500000823559217,14.9434388761256,14.653817041871688,19.827276430762204,2.7870336804714104,19.94347809913129
5,1397,1,4.499999934782062,14.104454781188846,14.132494444979262,19.383898196055547,4.125949778701914,28.895914021232713
5,1398,0,4.499999404840445,14.661806926964598,14.455079378526174,20.004952408850457,2.8026995197316724,34.83114453862288
5,1399,0,4.49999963335823,14.947813395600122,14.276434698490517,19.06771301432924,3.9332506534309273,19.970408035593874
5,1400,0,4.499999380549864,14.894339172598734,14.668014514297795,20.22548480706918,3.199640060323768,34.55023878514115
5,1401,0,4.499999192257434,14.678084103687283,14.351489842905751,19.527896675077482,2.9369836567132346,19.580896005534957
5,1403,0,4.500000455071209,14.891521093650159,14.104209448118118,19.77559587119908,2.6069604065662055,34.62851589795168
5,1405,0,4.5000005580930305,14.695986956356416,14.100087112828767,20.2919922615958,4.116436315661057,21.181832545046444
5,1406,0,4.499999039206564,14.314053965557111,14.692352385053676,19.68548204105141,2.933446314029357,20.026973680901044
5,1407,0,4.499999473408144,14.932772282581569,14.415522966416683,19.877364065180185,3.2404202383677303,34.89042282499494
5,1409,0,4.50000038513309,14.55723996133935,14.20237950422652,20.017049291069785,3.345098289601429,34.43111871736166
5,1411,0,4.499998875502195,14.83177753138169,14.292196074206013,20.112442836400852,3.886993704700523,20.187489531557254
5,1414,0,4.500000274496699,14.631789834028623,14.458051416390045,19.85766323177926,3.2911321173218697,34.92519255569411
5,1415,0,4.499998958439395,14.856771778551744,14.340286459373498,19.786883459234254,3.0008231699645247,19.54072446096236
5,1416,0,4.499999874276932,14.864080909141208,14.541737321464348,19.810702087308467,2.930900835262718,34.86681516570571
5,1417,0,4.500000523859622,14.583187214463951,14.323962384502616,19.73203344419071,4.11460386134412,20.679795744850047
5,1420,0,4.500000258522966,14.788381377453975,14.423320494891295,19.548175738162037,3.5668072707016023,34.9237246859107
5,1422,0,4.500000943634273,14.592335311754706,14.554119021665242,19.60774262720705,3.5987371607316407,19.693630978053182
5,1423,0,4.500000201738528,14.97823212670739,14.413384486597131,19.983908754707837,2.6076015242520985,34.62906200116494
5,1426,0,4.500000630875267,14.768797844703895,14.433406339674695,19.498795869078126,3.522315561821194,34.95142290175278
5,1427,0,4.499999666906482,14.800286279176493,14.223494818806778,20.171330081471847,2.696560948481859,19.898939903426204
5,1428,0,4.500000026549427,14.820617921965137,14.47425849733484,19.85575298818542,2.7432683421892503,19.67132585767064
5,1429,0,4.49999919543053,14.660512652233828,14.137824012359825,19.63538798390495,3.5488251170255065,34.55280581807992
5,1430,0,4.500000847767863,14.407743877427865,14.939547523325135,20.209330832875146,3.0884813090545173,34.58559635942657
5,1433,0,4.499999236320208,14.520993335992149,14.142908148450323,19.364148593985117,2.043957410130456,21.550475334429994
5,1434,0,4.49999839615155,14.673985183390277,14.61270601452752,20.0023940310909,3.365362661752572,19.659433220007546
5,1435,0,4.499999669336621,14.801508585384418,14.400522497968918,19.76086250601359,3.1109618455311,34.99105538590507
5,1436,0,4.500000210862029,14.824601393176263,14.729600441162226,19.50057398753016,2.90638401552864,34.73537820953029
5,1437,0,4.500000604914062,14.748578528746622,14.360769612674328,20.212029044370325,3.1636316804375806,19.706893460806246
5,1440,0,4.499999818798406,14.967921170357295,14.607988722894738,19.997486539827463,3.2882419609146205,19.89818790356802
5,1442,0,4.5000001553856075,14.709949353970343,14.57612147951218,19.837705214105025,3.868352172852311,34.588406877874434
5,1444,0,4.5000011391378045,14.884851158957566,14.485726197585572,19.362981972020858,2.3408041115087452,20.162664243477522
5,1446,0,4.500000213121992,14.684631938159633,14.517395314854143,19.71054329190236,3.0079006203120704,34.99766079993046
5,1447,0,4.5000003042906105,14.915993084526214,14.390558179499305,19.93156952071207,3.244363331724161,19.611049165827716
5,1448,0,4.4999995299968285,14.93346043378566,14.503053930730223,19.736708632468584,3.796880321326439,34.60752744706745
5,1449,0,4.499998549428998,14.649427110811041,14.255173640982425,19.942262076006504,2.879840576518811,19.795130154492607
5,1451,0,4.500000279363269,14.934991540502523,14.277541561306963,20.24504948748446,2.768591273524272,34.67529294261379
5,1452,1,4.49999935057431,14.825125565380592,14.952035000441388,19.965392889357275,2.8429288180166306,34.1475946347243
5,1453,0,4.500000706665152,14.763550561080027,14.414340647719177,19.755726096809255,3.6167133186030958,19.673927629286545
5,1454,0,4.500000688198066,14.463530614116724,14.436496839037307,20.304133791815804,2.435642236070742,20.516106840663273
5,1455,0,4.499999899103417,14.894860619298235,14.337160375352813,19.59747214841275,3.4061212633776448,34.954035153428954
5,1457,0,4.499999155878063,14.427587824309295,14.117735175643169,19.612175158761396,3.3482307333051535,34.00345381245344
5,1458,0,4.499999988271625,14.748485600671797,14.66994746357924,20.133608160697083,2.5032497350102547,34.51499947524586
5,1459,0,4.500001313057494,14.78233359245811,14.416016156089553,19.712883479090927,3.442517304400341,19.545800883515227
5,1460,0,4.4999992484565645,14.892436363207173,14.700906175417845,19.795594063514148,3.598203376528839,19.991529634934228
5,1461,0,4.4999996123348724,14.720434336001137,14.356468575290613,19.84922477399096,2.4590566399994573,34.60885270390982
5,1464,0,4.4999995040876115,14.943740695179729,14.608825652207331,19.268757173133565,2.331001204160726,34.261169310375806
5,1466,0,4.49999782227006,14.73315778933554,14.459482077583122,19.767826811104847,3.0590747952021626,19.507576875337676
5,1467,0,4.4999997419853175,14.853615650148459,14.276532904088354,19.835682446403652,3.3581803882313173,34.89591168404289
5,1468,0,4.49999984248617,14.790736567314994,14.455792848938882,19.889847464630133,3.1705727351981343,34.95702306846203
5,1473,0,4.500002178518694,14.619298575546567,14.405796419473255,19.725454232120175,2.75348334951891,19.724460207730274
5,1478,0,4.500000853414043,14.62897128705253,14.712068470418991,19.32761614702526,2.732874115967469,19.672631790389794
5,1479,0,4.499999745186734,14.858926816478673,14.382772051707933,20.022774266379855,3.989760990205162,34.37564576166036
5,1480,0,4.499998980657613,14.916522166195774,14.429830703016696,19.523059137086115,3.2529254378811006,19.51402023032412
5,1481,0,4.499999813851034,14.619625800598861,14.287303222604745,20.18991683961288,2.9736615397357666,34.628446330663365
5,1482,0,4.500000401901503,14.64523130078127,14.67081213862064,19.748659434144002,4.168543275707728,34.12451480757687
5,1485,0,4.499999344078712,14.699622730524114,14.170309197730356,19.281555565149294,4.412434836684219,33.60512663815951
5,1486,0,4.500000867814114,14.66673036311904,14.474947801608106,19.89418685957048,3.1079230749952047,34.95293251190919
5,1489,0,4.499999511646965,14.332890595286917,14.011352458280186,19.22316229281243,4.553142740349018,25.43320276849348
5,1490,0,4.4999974878657385,14.775365904851895,14.518860018949821,19.839152856136053,3.051478039871403,19.53281982335333
5,1491,0,4.499999591826999,14.798520156769765,14.290247360067294,19.798635468188362,3.1639823914339065,34.93930775849296
5,1492,0,4.500000528971911,14.834452576927703,14.542227207729175,19.67031401554513,3.2612255893187463,34.9520490073476
5,1493,0,4.499998895359524,14.648017361375066,14.40121018121805,20.07410820236838,3.019961616741644,19.684580767607024
5,1494,0,4.500001129899527,14.536486666940782,14.4543615783804,19.636387732188886,3.8681895103914883,20.11448432673665
5,1497,0,4.499999412678464,14.61110650098645,14.320539902913326,19.94819643662956,3.50248916313143,34.678872179597526
5,1498,0,4.499999828772591,14.701248731266608,14.499556722993704,19.535570941690573,2.3815674297416662,34.602379467732234
5,1499,0,4.500000410325589,14.823274556106037,14.171295614269631,19.93254367298759,3.38617609215972,19.746849563822035
5,1500,0,4.499999697102023,14.834742910251862,14.494766332119251,19.85895294838182,3.9982557263919984,20.214632654477388
5,1501,0,4.499999316554705,14.765706989189754,14.376106017774202,19.793336860800462,2.9840043111898673,34.96168059841463
5,1504,0,4.499999119808808,14.978994274218339,14.444230935164713,19.789295737524974,2.694292261797746,34.71814987057941
5,1505,0,4.4999989869777135,14.458396697377822,14.308169648805645,19.859408674664156,3.5340786293743616,20.184618719270283
5,1506,0,4.500000137278437,14.698435505250679,14.668583165772624,19.055517867507984,2.959768512916691,19.48949877610625
5,1509,0,4.499999135375333,14.571061424573301,14.229216222575808,19.543762563009764,2.31896825004922,20.5246952937335
5,1510,0,4.499999328369115,14.693224357799679,14.4618842810837,19.98157426992054,3.713443092765681,19.873948314306123
5,1511,0,4.499999812153317,14.93936998252688,14.09896374431928,19.601393644596392,2.7395235752976785,34.821137284198954
5,1512,0,4.5000005728972265,14.998891221892288,14.611602915912083,20.05348032187122,2.9522211033700696,20.01383003481063
5,1513,0,4.49999925330878,14.67410783825141,14.417798269479839,19.657488544744275,3.201613879436474,34.99512507227142
5,1514,0,4.500000591111845,14.511338638996339,14.438844114794477,20.12109984067026,2.034668939897783,33.69850552602147
5,1515,0,4.499999355391662,14.968347947648038,14.041216050255969,19.498818928917867,4.472296877936722,21.506712662541847
5,1517,1,4.50000056168349,14.764144929909433,14.101028493778113,20.240358218841607,1.920240325127547,33.36860522544137
5,1518,0,4.5000004962661775,14.584918989900084,14.59086020801666,19.75034532884623,3.377449495379354,34.92689347589339
5,1519,0,4.499999418796154,14.961202473172024,14.337246146238042,19.826049537549586,3.116828658372736,19.596224933289594
5,1521,0,4.499999390269118,14.449963965457584,14.249979175376835,20.09301986331028,2.549932645674529,20.584752290370385
5,1522,0,4.499998748082885,14.75526931762104,14.535293562724966,19.61798476186032,3.20287365763551,19.472633467946444
5,1523,0,4.4999991616633,14.776677290171174,14.24438322219605,19.87259513390533,2.9392629694178893,34.84779199071634
5,1524,0,4.499999307132536,14.912279429981943,14.444561357099131,20.270372207359507,2.9620273454405384,34.71477933546061
5,1525,0,4.499997472755,14.725482633900887,14.322117845461312,19.587765127829552,3.266698674259925,19.532013351940375
5,1530,0,4.499999844095108,14.745671742954535,14.58572577548879,20.078825475695943,3.3294721308269617,34.83105757951248
5,1531,1,4.499999282947991,14.869300292843944,14.331387644703799,19.455493020339603,1.980782851295262,20.887816128099516
5,1532,0,4.500001335973437,14.801340075062274,14.527849438264244,19.71542602866325,2.7293138208698133,19.655942153055015
5,1533,0,4.4999991786480935,14.737766289101145,14.373991299270632,19.932194242156353,3.824274324077198,34.60067854753297
5,1534,0,4.499999637270897,14.350205825512193,14.4860717202465,19.52151639310124,2.8199577786250294,34.52229012706113
5,1537,0,4.500000249199934,14.09730351589852,14.304838391107678,20.30611296414036,2.9750778795031434,32.44226170404142
5,1538,0,4.499999398921065,14.753947619911644,14.446115636566944,19.72984803054661,3.373527967273139,34.974759248617595
5,1539,0,4.5000006705313655,14.80980155630981,14.269950191400595,19.92242811763274,1.8145733890687743,21.496602011054577
5,1540,0,4.500001480840387,14.841765290403059,14.485233541054548,20.074563307326958,2.715514048984077,19.787767410628526
5,1541,0,4.500000769268273,14.717912636444147,14.072132079713338,19.38108686845178,3.729829531921025,34.60854660784124
5,1542,0,4.4999992663924235,14.55720307743716,14.959688191038165,19.817897346135908,2.8197104983764483,34.62929505158079
5,1545,0,4.500001009905346,14.50126086053318,14.128298169714006,19.749242809746658,2.490178811397107,20.664596235733907
5,1546,0,4.499999626495165,14.681309909619824,14.608296009091946,20.26347500460831,3.218184529508062,19.752051283062443
5,1547,0,4.500000151219107,14.861818772408885,14.405763852265647,19.544450865837376,2.9051897999215583,34.96554158291603
5,1548,0,4.500000286896645,14.776760114006352,14.692167103477832,19.689119675001066,2.9997205874551467,34.844543198352085
5,1549,0,4.499999711863676,14.764657598800083,14.353334897811568,19.907294941949264,3.2754533301882125,19.574639693071575
5,1553,1,4.500000041594988,14.678740412843553,14.32667426027194,19.844521605275908,3.191005751542655,34.89036021443546
5,1557,0,4.500000343660522,14.642289957571707,14.413826444807514,19.667346359254932,2.1325220989177573,34.163844674025
5,1558,0,4.500000406130097,14.606186771973904,14.427863327779809,20.04590348401058,3.397760045211977,34.78285440543995
5,1559,0,4.5000006827898265,14.91456680408192,14.301986829883429,19.649596211552293,3.1347886972519756,19.516503342270788
5,1560,0,4.499999945822885,14.868500337664885,14.598313164814124,19.91831973634285,2.7617491453480465,34.71928729574334
5,1561,0,4.500001711007024,14.632965471338993,14.351087179320356,19.495449742094074,3.690664747201593,19.81452198968583
5,1562,0,4.499999923277785,14.6648463508576,14.516316497632772,19.966898383037943,2.9728659398156596,19.608385259397483
5,1566,0,4.500002666516413,14.608631349249475,14.478819020552056,19.78689586060347,3.5182393973379016,19.683577850314823
5,1569,1,4.49999951761417,14.14224369720045,14.243663705679607,19.327854027928755,3.4953760171715924,32.76644425229864
5,1570,0,4.500000860785466,14.751707927970568,14.541736692275911,19.85565183321852,2.4506122817538376,34.62794196782309
5,1571,0,4.500000546994711,14.813628512703383,14.38586412727222,19.78537240113753,3.463982205740779,19.58597345465733
5,1572,0,4.500000079591696,14.850275590687305,14.835871618624486,19.605027591392023,3.769263288033317,20.28831350818074
5,1573,0,4.5000000991276545,14.733583891316403,14.381694834114473,19.955445727884456,2.89277654380058,34.883740886952424
5,1574,0,4.500000434626949,14.389105953920387,14.683374702627848,19.523202442724084,3.437544373363732,34.770774045824275
5,1578,0,4.499998352447226,14.703284894266295,14.436209887842889,19.65049142990027,2.972632264422362,19.52210415596207
5,1579,0,4.500000078216483,14.872653772336974,14.233445670632802,20.02350845105022,3.181331394038396,34.834532465563754
5,1580,0,4.500000789579628,14.790061720805657,14.511501943244188,19.82478466397275,3.280073161609522,34.95448038407417
5,1581,0,4.500000607426842,14.774615492681745,14.208089428366245,19.743215584517653,3.064967906781434,19.61677117773534
5,1582,1,4.500000828372473,14.352849539065513,14.877617197448352,20.33784788120035,3.926340504334929,20.951049149010654
5,1584,0,4.499999578414232,14.945139511016285,14.583620877136601,19.876502953295493,3.250868178945963,19.75858309390353
5,1585,0,4.500000777915061,14.589287451601319,14.344791721603023,19.650927522140652,2.9317876650401513,34.83025059896804
5,1586,0,4.500000933870491,14.740124723243577,14.562244820641501,20.08101015758349,4.1644522662681345,34.03816093259312
5,1591,0,4.500000403580392,14.998512544487664,14.416698588187288,20.294924204140244,3.52652183613269,20.059867266384718
5,1592,0,4.500000645280862,14.925146683828089,14.497744002295677,19.45559609803182,3.799705842727834,34.66218994385991
5,1593,0,4.500000241896109,14.701021311120567,14.28232774908407,20.092682543962905,2.7886409818023146,19.814439297755666
5,1595,0,4.500000633349176,14.934144085251553,14.286232337302687,19.956648227506992,2.8195092050701978,34.8125839861008
5,1597,0,4.499998768408886,14.688315455091782,14.368715810475742,19.442703937439553,3.2454401824850043,19.518461897274452
5,1598,0,4.500001343011355,14.504454784429365,14.461314047918007,19.944338439918596,2.753346291952669,19.90656447924358
5,1599,0,4.5000008211801585,14.995124821757104,14.34806423432617,19.73111848098142,3.7823303102271213,34.64213736910946
5,1602,0,4.499999461993988,14.728820013911578,14.847213311942857,20.06644815337028,3.0222896307963008,19.88929288028463
5,1603,0,4.500000411811895,14.806419411917826,14.360694249473717,19.648377753413808,3.3316931958921345,34.985782185450894
5,1604,0,4.499999370350826,14.820203577399639,14.508463693816456,19.7892238196638,3.1700081406193794,34.95960749322288
5,1605,0,4.500002574613728,14.705894907057012,14.366634374317492,19.86340348742686,2.7975188858271514,19.671540031535752
5,1610,0,4.499999914996176,14.68058758249109,14.539896875810193,19.732111435856762,2.5908272496576688,34.783543121594256
5,1611,0,4.500001347374884,14.84242896594456,14.268766231955006,19.80992439875154,3.5997510892134623,19.738857114779886
5,1612,0,4.499997787035005,14.788793269896416,14.447507204824403,20.021455324856017,3.5067585240166244,19.704023243693662
5,1613,0,4.499999736290263,14.75993998688727,14.287114880059026,19.626585077463833,2.444393779571386,34.60548912551986
5,1616,0,4.500000307748043,14.962793872118368,14.571763991782365,20.120366339577174,3.8607136998841725,34.23129363840951
5,1617,0,4.499999030504437,14.575498750211883,14.421177858289534,19.45358146190345,2.872412619861791,19.678770977096793
5,1618,0,4.49999979059189,14.707927760888458,14.585465534859626,20.322576080524374,3.4758626494007965,19.903352455903114
5,1619,0,4.50000001982335,14.801453431754492,14.193226254525378,19.745931685725246,2.7450748450509312,34.76473560519866
5,1622,0,4.50000126863977,14.56527850736481,14.712174734518708,19.608152880476133,2.382224297950423,20.12176709641737
5,1623,0,4.500000654592734,14.865387103188738,14.378292953623033,19.855486616944194,3.3563791740277797,34.922962924103665
5,1624,0,4.499998281863266,14.852672142300488,14.442825419291042,19.749749530513277,3.291948615624915,19.51821975319971
5,1625,0,4.500000270062748,14.625872600018308,14.270942686620556,19.984282474497718,3.117925353792794,34.72337785229619
5,1626,0,4.500000194665476,14.606699047827627,14.678889113216433,19.34928401341605,3.8805584716511143,34.5867581331414
5,1628,0,4.500000701777909,14.84643461843574,14.89155340117126,19.926078396601067,2.4789452691123963,20.481264546251133
5,1630,0,4.500000615482579,14.518418037725118,14.467752200148508,20.177768010330816,3.0430846482648337,34.70454250898526
5,1633,0,4.499999417905467,14.219896286382118,14.280455475959624,19.834057209040093,2.1114675722650538,22.857339263603016
5,1635,0,4.500000598652698,14.802708380393089,14.202312860188492,19.967583683677557,3.0941060813101076,34.809891732043056
5,1636,0,4.500000502081698,14.825736555673176,14.463247607876136,19.91437270899659,2.9308348215289026,34.90506673918497
5,1637,0,4.499999524605187,14.713561447779298,14.304085035845974,19.702828190681956,3.148913737614929,19.56317429664353
5,1639,0,4.500000029946474,14.993300343354651,14.347264041784953,19.42947157999887,4.244172078637183,34.002601982038115
5,1642,0,4.500000834051308,14.703885037972395,14.5935602464828,19.926205018896763,3.5821962148389597,34.790030271229504
5,1643,0,4.499999099948333,14.866664539075613,14.314607306294377,19.726855659866224,2.693518699334713,19.697165263052394
5,1644,0,4.499998517328355,14.78948580728622,14.523410200003838,19.587573596332554,2.7148517574148388,19.64197393370252
5,1645,0,4.50000001572104,14.763378411928963,14.395398196266875,20.272642894298464,3.5116149243795793,34.67022496566013
5,1646,0,4.500000521564148,14.227432762811945,14.459154716856359,19.760076058834915,3.1427578884595793,34.15365306628705
5,1648,0,4.500000657886321,14.873370446170446,14.423391713225755,19.729685173413245,2.9908547097585485,34.95234466832294
5,1649,0,4.499999624121281,14.538606204847985,14.237347237153513,20.087854616259854,4.319879919602231,21.79605329075142
5,1650,0,4.499999315121019,14.744742098866013,14.758854625969871,19.560860347477984,2.479159366223267,20.045737149833304
5,1651,0,4.500000636949175,14.807727329926324,14.355552753329336,20.460765309314485,3.441841755019847,34.565756330457
5,1654,0,4.499998775909101,14.649458979811895,14.483956185988585,19.85215831325176,3.4809153428399386,19.645775614792758
5,1655,0,4.4999998995181,14.9243646807866,14.218481443952188,19.79876966500188,2.519634090402767,34.64955652430215
5,1656,0,4.500000245785088,14.914445200633674,14.558367787755667,19.83563638697491,3.077724306349613,19.651413855789574
5,1657,0,4.4999993057436685,14.691866263733486,14.401064963327476,19.77569257895011,3.3379711609468767,34.94450443492998
5,1659,0,4.500000383068415,14.90772821955514,14.215791133210475,19.125578017269635,3.809323708340158,19.755108346160302
5,1662,0,4.499999780481899,14.369210356820934,14.777291111066027,19.444085025685286,3.30690025662025,34.84690848615475
5,1663,0,4.500000881989571,14.952746446722209,14.393903318874198,19.895027255654973,3.0622920691720363,19.62629557436988
5,1665,0,4.499998535895607,14.508073826256748,14.267071290611685,19.892269037352545,2.8725719892240296,20.03109468191007
5,1667,0,4.50000066557059,14.827129025581918,14.392425809951678,20.123496507516407,2.434372456056128,34.53772362997352
5,1668,0,4.500000091015254,14.932398663173192,14.906373295711761,19.872309418480125,1.8663741275568868,32.32005240266058
5,1669,0,4.500000869754177,14.630960061793335,14.191475604663298,19.709335296562166,4.303129172438653,21.346366541933975
5,1670,0,4.500000655728543,14.606186863062478,14.565971222186292,20.25513393840294,2.984058444350238,19.764999258868105
5,1671,0,4.4999992035800105,14.850903272484892,14.279022301494546,19.521164688289414,3.273440080055786,34.97855066583069
5,1672,0,4.499998845071984,14.880172850260603,14.52322106171331,20.152804477600814,3.4254403612341378,19.815244460918404
5,1673,0,4.500000722151179,14.603411477896351,14.38050200994465,19.4935953361409,2.0252555464038813,33.87954055850915
5,1674,0,4.500000515677435,14.536763509675652,14.55033720606621,19.983343778207114,3.91777189590007,34.39383065082554
5,1676,0,4.499999338030319,14.784796573080358,14.579022685681327,19.36037955638038,2.731019372710974,19.64600571033566
5,1678,0,4.500000483930293,14.608605506516561,14.7365826694731,19.726290044491353,2.7475832620062786,34.81070914768074
5,1682,0,4.499999563409948,14.765941642276308,14.473734504661138,19.783832914770358,2.654531882474724,19.71138585957802
5,1683,0,4.500000855529927,14.796547084399116,14.152607358980706,19.84982037277998,3.595806885604565,34.626884545040724
5,1684,0,4.499999871609133,14.819078835881893,14.441987773216747,19.94738062493455,3.5140634118393357,34.84216051872735
5,1685,0,4.500000629371012,14.635768668885138,14.259230977378362,19.560589114205563,2.6718731563077767,19.87468591156357
5,1686,0,4.4999999343545705,14.39631848714784,14.723812770984592,20.154679109536602,3.1734366830999425,19.970864932120733
5,1689,0,4.499999082438447,14.551209687595758,14.085403131224318,19.57144882292214,4.2159623771482035,33.311066332462
5,1690,0,4.500000692043008,14.684865620403897,14.699843827473373,20.087888777406558,2.914256430159763,34.77381413632359
5,1691,0,4.500000846989841,14.807849240921053,14.375106860751854,19.677540833718734,3.2063353869686795,19.479744907012726
5,1692,0,4.500000572529647,14.836064603223969,14.605612811352799,19.72614537950907,3.4237656615068204,19.645830369263514
5,1693,0,4.5000004095031425,14.751557903737993,14.41819304980449,19.81253412292587,3.138745873957397,34.98308645302875
5,1696,0,4.499999500671197,14.933755447085495,14.514659712306917,19.84320981785708,3.004723425504803,34.825812205973634
5,1697,0,4.500000969059616,14.299424577103311,14.398584055866062,19.791915107899964,3.1787095741598286,20.38835837119675
5,1700,0,4.499999771447599,14.8834401779626,14.59004067057239,19.615601531472098,3.876155370102315,34.51663430652123
5,1702,0,4.499999181237313,14.676631883848765,14.605872922994246,19.638486404267383,3.281044577473488,19.51852364668125
5,1703,0,4.5000000607994,14.893371643769312,14.325938583765424,20.03187630753674,3.065908748226966,34.86854739118471
5,1704,0,4.500000236796775,14.944284553439363,14.460253126631287,19.56338402823583,2.372985961722464,20.16493200312704
5,1705,0,4.500000630940824,14.668084820399809,14.31917327935318,19.94534376810551,3.405129134856464,34.78866675237856
5,1707,0,4.500000544328923,14.957403325441565,14.323292090322113,19.96451400759195,3.6587646939038407,19.891557693641477
5,1710,0,4.500000760607275,14.497225187710356,14.502701895782257,19.83381668556548,3.7845554082458817,34.53005035807252
5,1711,0,4.499999025626088,14.903729376770624,14.204000991270835,19.778445213018358,2.884323061700271,19.65068702339534
5,1714,0,4.500000322956182,14.746072906146038,14.785693468110253,19.963533877084444,3.863432894420515,20.32653106915562
5,1715,0,4.499999568573072,14.77945072036004,14.406037627336627,19.774839635339386,2.948884418385184,34.96572245786565
5,1716,0,4.499999887689511,14.876026221407162,14.538091790508405,19.176266421092688,2.7539126114181833,34.815537117489704
5,1717,0,4.499998242669693,14.715525759556538,14.397384252021071,20.014451074733444,3.7816798141021186,19.97823999432934
5,1720,0,4.5000006724944805,14.953653672447937,14.697200953698834,19.77838609731389,4.145735612709822,20.971003474392944
5,1723,0,4.500000833109494,14.859861686257636,14.182011945714438,20.27521420979166,2.894729920725399,19.87977935866829
5,1724,0,4.500001840687104,14.789082883073242,14.423972572030832,19.867571871321832,3.129162237404966,19.524315610809595
5,1725,0,4.500000729194335,14.70990058895914,14.217740733669727,19.69943040925271,3.521682177140864,34.72434831596816
5,1729,0,4.500000559862371,14.632770416764384,14.36278481007913,19.692101957855865,3.517315296025128,34.821370334614805
5,1730,0,4.500000558018765,14.616906060603153,14.758866589323285,20.271494143381418,2.436784192577172,34.38074504389375
5,1734,0,4.500000739111152,14.643688458591852,14.582634017911596,19.80390997103763,3.4826702816796073,34.88977237084921
5,1735,0,4.500000842296722,14.875896005545867,14.40209296749201,19.87028496151667,2.398642740635808,20.061535360802193
5,1736,0,4.4999997437334525,14.899669399922146,14.475668889514118,19.773531294410486,3.045897200388248,34.91183911470231
5,1738,0,4.499999471203775,14.641677991118875,14.941218760163782,19.09962607655725,2.0565845838748977,20.83741153961394
5,1741,0,4.499999842229427,14.701237813266953,14.266500744810605,19.302603408348215,1.9453049502103668,21.149664683596555
5,1742,0,4.499998839004462,14.648510716314988,14.451758083868599,19.919535615384046,3.1744403841817332,19.59204366292852
5,1746,0,4.5000007484987,14.776151592645181,14.472052508871288,19.93969014528229,3.2490265683099695,34.934671098726845
5,1747,0,4.500000514549445,14.805809921751235,14.366361523935517,19.023656801759042,3.1021799319532137,19.409338827509494
5,1748,0,4.500000086500808,14.844884636356996,14.623775209935802,19.701680182809195,3.0297328564303134,19.60069594802211
5,1749,0,4.5000003663998935,14.659804613524214,14.351462968576678,19.926132761411203,3.226335213496217,34.86576469965217
5,1750,0,4.500000534639591,14.558650907417345,14.498938140194628,19.49391805416466,2.552353310497976,34.69829536649469
5,1753,0,4.50000027895307,14.60044081540234,14.405228781395422,20.231151356045224,2.7488050301311833,19.91292199525615
5,1754,0,4.499999893320217,14.691866798924014,14.426232434402847,19.702752272726624,4.05389297871842,20.258941596896488
5,1755,0,4.499999833265927,14.819012033551715,14.31070079265564,19.9105842868427,2.9187185254860246,34.89113936806458
5,1756,0,4.500000753289341,14.827153837284648,14.53562473227811,20.35878355554015,2.4510354138055566,34.40975112475613
5,1757,0,4.500002363029369,14.761710986568458,14.326604089428402,19.656461048437954,3.3378813691802023,19.53259967217669
5,1761,0,4.5000003555284875,14.51596936462243,14.245102376333133,20.090225993307595,2.7950680306412643,34.36891164815159
5,1762,0,4.500000634218277,14.705522720267624,14.873857572845145,19.7049246315407,3.317696654503118,34.64789386611145
5,1764,1,4.499999998355361,14.93678221890858,14.957646530636305,20.32267751253888,3.1269242747358836,20.617659379853333
5,1765,0,4.5000002749304215,14.560856945861993,14.375155805816581,19.021980248882546,3.8702596853426776,34.545518342252215
5,1766,0,4.500000254237251,14.704652126909597,14.43666764346605,19.859717839611502,2.7067602630907324,34.83501247985311
5,1767,0,4.500000882964175,14.955811280296768,14.213692797199506,19.608114223120864,3.5365119373318965,19.720075009465496
5,1768,0,4.500000091126911,14.955843987845748,14.840184307592331,19.94034361604855,3.317975918220908,34.131941115604356
5,1769,0,4.499998288787679,14.664285862941933,14.377074924417578,19.728088441846698,3.08171854076511,19.56599164606621
5,1770,0,4.500000807055471,14.510364076309276,14.635188751824101,20.44676836202114,4.343823907757,21.825967537369092
5,1773,0,4.500000127017976,14.764557801185779,14.193451500094756,19.9241152652384,4.386861409823074,21.437412252454347
5,1774,0,4.500001654767009,14.561781291915569,14.55454821494968,19.52696036815336,2.9269167984913715,19.616244783399406
5,1775,0,4.500000879435725,14.92966930405347,14.389616465300058,20.27470971594521,3.1524503273334217,34.73186853983487
5,1777,0,4.499999550392364,14.458937001195327,14.376005693521357,20.054297041892667,3.7218975868719557,34.274474054265795
5,1779,0,4.500000155871473,14.777697274115791,14.331181993191956,20.012901854382715,3.3755787140761147,19.659840222178122
5,1780,0,4.4999990684028655,14.931090685974386,14.51170728259242,19.890088222811798,3.303839285557083,19.684198440023124
5,1781,0,4.499999524048116,14.73523029208151,14.304569281279534,19.796476561052284,3.0567867090935823,34.92077851125061
5,1786,0,4.499999261301413,14.741572078578955,14.508754151459689,19.817574031789228,2.940490540948672,19.551410427518707
5,1787,0,4.500000666129199,14.8559355361472,14.422470692468902,19.739471695235185,4.344927109328017,33.843713405027614
5,1788,0,4.499999910251163,14.79742300202729,14.567348882552697,19.641281148031897,3.4822852235569077,34.90706679872399
5,1789,0,4.499999938402839,14.732575770086918,14.332778261316012,20.015995948108348,2.4928774665442948,19.987907059241007
5,1790,0,4.500000457410333,14.309433905404488,14.575858489276628,19.592519472505064,3.4720723205391533,20.161707724010416
5,1793,0,4.4999994100090905,14.46743089385003,14.199661564817548,19.390783180462492,2.3417999463941492,20.832371813607885
5,1794,0,4.4999994413758,14.66030354494475,14.992225139174437,19.879708720877787,3.7732706661364244,20.478236293602773
5,1795,0,4.500000484000371,14.87156769840638,14.15439656149471,19.63819325260028,3.120443288425731,34.90149098056565
5,1796,0,4.5000006032911815,14.911450151672366,14.717750997358666,19.34965121741755,2.8334684046190963,34.633496915794936
5,1798,0,4.499999530286798,14.6537568196901,14.434029422382887,19.660825041432794,2.7354505250218777,19.680237549998676
5,1799,0,4.499999811341024,14.874635749046245,14.293675646467772,19.882744987693563,3.6342815537044477,34.76286772350743
5,1800,0,4.5000002561740455,14.922587191511878,14.71315237891733,19.694864383301763,3.1513704869546224,19.838401770755382
5,1801,0,4.499999391383958,14.63773293877152,14.377824070244314,19.915802741489266,2.9588535817024058,34.85722531501167
5,1805,0,4.500000504110678,14.734729352449913,14.147892503368816,19.767670038009893,4.191419030038608,33.81122548138514
5,1806,0,4.4999993400760445,14.537119948320665,14.559032044661238,20.435018710675536,3.0444676208121617,34.619270405334795
5,1807,0,4.500000224282235,14.942637040055017,14.400158391380275,19.60553331538272,3.268161538706641,19.54789726273063
5,1809,0,4.49999968335217,14.363670914183785,14.34274016747916,19.649440783434827,4.275305345041537,21.879812616239505
5,1810,0,4.500000429983305,14.76508886572119,14.492621090224127,20.177352154103914,2.8654761640418873,19.71710272333795
5,1811,0,4.499999948060887,14.789012059063548,14.354643713250836,19.71777681980517,3.200770497844607,34.98891967015384
5,1812,0,4.499999786795182,14.861497048816611,14.504217278499368,19.780696353983856,3.4433629222202304,34.88802275354813
5,1813,0,4.499998970433882,14.695726464200407,14.15995817420187,19.855835179425608,3.0970786461591864,19.77677233483063
5,1815,0,4.50000015609196,14.993258611464153,14.341169117898117,20.284376416203195,1.8244925975052826,33.23502462756352
5,1818,0,4.500000311980722,14.726317267758802,14.559215765698868,19.762638028310338,2.7061010099098173,34.85356259728195
5,1819,0,4.50000080869212,14.839875409818493,14.404920452903946,19.82694390790531,3.6791579458635946,19.770899510993686
5,1820,0,4.499998168726143,14.801646409165835,14.55190318799984,19.912496201062517,3.7186311502108556,19.87163661088825
5,1821,0,4.49999945708024,14.727323966760762,14.29211164701292,19.509939020386767,2.649600017832871,34.779984754797006
5,1822,0,4.499999918073652,14.111946230381124,14.629534069966196,20.03953248215189,3.2691615855080167,33.93984838420402
5,1825,0,4.499998579241761,14.441919432929959,14.35383920164008,19.981569280657585,3.429990045780287,20.13248736059717
5,1827,0,4.4999996052912445,14.843957484646067,14.073732570351149,20.04298171144213,3.6001120846292523,34.45867432026271
5,1830,0,4.4999989384368195,14.636541169405055,14.606156951669366,19.9034093842275,3.9631792984385887,20.232276493041066
5,1831,0,4.50000003553851,14.850841224684924,14.417126283841013,19.805802304676654,2.8666806146348063,34.91254522267869
5,1832,0,4.499999082565999,14.880557839707388,14.455702530983729,19.832900953180715,2.9775378074657937,19.573758776848106
5,1833,0,4.4999992122562205,14.601245728212655,14.09196621334591,19.755617548858048,3.1930038101901914,34.430871753488155
5,1836,0,4.5000008574476125,14.811255561766984,14.637255118884676,19.53004484868903,4.068851033929617,20.367258804653268
5,1838,0,4.500000213163866,14.595594097085135,14.444744508571336,19.60600272974003,3.306361091190376,34.94707842459759
5,1839,0,4.5000002158238726,14.992133910278714,14.30152510868829,19.9814642107577,3.0147319890455737,19.708639038187375
5,1841,1,4.500000748518203,14.20440694797857,14.025704224930568,19.832577107428303,1.9638813849060361,27.348520745488273
5,1842,0,4.499998411912016,14.758659348337975,14.522640062975825,19.451959713471812,3.200863569904696,19.45459514934848
5,1843,0,4.500000044845551,14.786224577487346,14.37442715212915,20.1328355008294,2.9835775128583952,34.84257444409281
5,1844,0,4.499999842250309,14.812561465003592,14.531942264289164,19.847852983882827,3.1371400637547664,34.9352589423131
5,1845,0,4.499997600643193,14.652757532336864,14.306425054770006,19.595717325460885,3.522380299713851,19.714549174998265
5,1849,0,4.49999927942415,14.479199270570499,14.372098998677005,19.457964322544612,2.9886939731448177,34.71554805399648
5,1850,0,4.4999996971090015,14.699017416811465,14.440092330312902,20.008559815135943,3.701498342720289,34.68816636931623
5,1851,0,4.500003267718269,14.803959422735439,14.347782546864382,19.77030530316689,2.928751610258291,19.553855613366373
5,1852,0,4.499999267636511,14.819987642459791,14.541241761225333,19.42139234137895,2.7434077514546384,19.633069464977687
5,1853,0,4.500000087306345,14.745509927896485,14.274154053562915,20.07227415045011,3.649574422705732,34.61085972017767
5,1857,0,4.500000755443216,14.5232730855254,14.414344154072774,19.866611998818467,3.2924224031216807,34.781316968368216
5,1858,0,4.499999799502333,14.696929279621454,14.4296206448006,19.329676065382852,2.2505021573530155,34.40949024742495
5,1860,0,4.4999997846036255,14.904351307540356,14.56770584729401,20.031779675110126,4.589022275721376,22.429337028315096
5,1862,0,4.499999229071436,14.695232699716767,14.536405588677015,19.953708788052204,3.163207732857143,34.93673376882535
5,1863,0,4.500000396485793,14.949813030207507,14.28963937110485,19.524215943079454,2.778144982899283,19.656554513498328
5,1864,0,4.500000295179218,14.965869568116826,14.457553644856185,20.03321526514031,2.6383153534690926,34.618463424790356
5,1865,0,4.50000196273788,14.657807380357271,14.340825107862557,19.6423101764892,3.508476334550419,19.673365254419657
5,1866,0,4.4999999250066995,14.4549330948722,14.841280289264118,20.109926609119295,2.5499442621736836,20.1687673646109
5,1869,0,4.500000713142799,14.736825188980912,14.310238195478423,20.493235829665938,3.093716887592996,19.924613790922894
5,1870,0,4.499999800755522,14.577729434474396,14.48407467291586,19.758434793322174,3.514947813641578,19.706900298264475
5,1871,0,4.500000025034271,14.947609897729253,14.20942012975459,19.823829910591574,2.5293457480943307,34.644742467950834
5,1874,0,4.500000050097456,14.77137876923271,14.763237678403758,19.692180335563258,4.057242914722288,34.09257994387649
5,1875,0,4.499997103876895,14.78651104120319,14.364014100119595,19.89394820124704,2.8558348997188663,19.616702879300693
5,1876,0,4.499999324777021,14.902177731473353,14.603295108240234,20.216125840790262,2.17825652408316,20.700135117561683
5,1877,0,4.499999899904365,14.73069027113041,14.400378579969209,19.54109718810392,3.367649541200336,34.99371285631865
5,1878,0,4.50000009278072,14.135794639594568,14.596769895613754,19.861865125931452,2.518057427220568,33.69131387980265
5,1880,0,4.500000723184905,14.998625187681828,14.800987033303455,19.901150698969307,3.8025922366561744,33.75342440716594
5,1882,0,4.4999980850498815,14.740088309262743,14.469043364699237,20.00208833663682,3.2791010046497813,19.592865776172783
5,1884,0,4.499999540733945,14.80656573110089,14.435935801202017,19.753229141139148,2.99681922290246,34.97671061105479
5,1885,0,4.500000898514879,14.744429309885824,14.203523085441779,19.999270567573003,3.3206655591738437,19.7616268452897
5,1886,0,4.499999229969748,14.243232415314294,14.666708315051842,19.544448528035023,2.4178736987632137,20.77887856764768
5,1889,0,4.499999381751416,14.588513226122524,14.333278945240401,19.723263501028587,3.0704538927931204,34.831850646599264
5,1890,0,4.499999934449879,14.695324283237866,14.819448437154158,20.249875209536544,4.3556338949589195,33.03078920303547
5,1894,0,4.49999958329213,14.667940629280743,14.50151502093949,19.419822233448524,2.883394854985432,34.98853705006812
5,1895,0,4.500000549894782,14.896614828360406,14.255793834342514,20.115133059773896,3.2040349768791385,19.711261825190643
5,1896,0,4.499999741822339,14.922317133102894,14.519367072968908,19.561103370415147,3.654008737820006,34.756898850170124
5,1897,0,4.500000961922695,14.632793201065777,14.39866579869745,20.272374249471273,2.7012920684282746,19.935736056803968
5,1898,0,4.499999535982457,14.562344904388407,14.504915915191992,19.80509239927858,3.419024092670963,19.680809183782465
5,1900,0,4.500000780057581,14.831104028061098,14.594572816070087,20.442518013587954,2.966574828720673,34.590838254600996
5,1902,0,4.499999674224253,14.632368974781002,14.59919416514398,19.893309414209554,2.399008478963566,20.07943570590947
5,1903,0,4.499999802786452,14.98899503637548,14.360415731149061,19.699248757006135,3.591174165943181,34.79454170987665
5,1906,0,4.499999382598292,14.76936383938677,14.456218249446072,19.827299765038067,2.995758017025346,34.96670335663087
5,1907,0,4.49999978264123,14.780295491560103,14.023458548602713,19.7733362847546,4.058060259491401,20.694098988608964
5,1908,0,4.500000653390991,14.857836662081425,14.461995022374332,19.67185235769561,3.5023499102224784,19.606657873064574
5,1909,0,4.500000240111654,14.688605590996877,14.302345982942969,20.0695476888195,2.5785315746444017,34.58794773377157
5,1910,0,4.499999596314786,14.49522590120421,14.658773693866225,19.660537375482885,3.4390896009479848,34.85960799463641
5,1913,0,4.4999997391892625,14.566974091437457,14.06709139457534,19.97677763205838,3.6771970379644787,20.653799778792827
5,1914,0,4.499998701046754,14.709591564182107,14.694788991056049,19.551264267002956,3.1322482182146967,19.55122336186331
5,1915,0,4.499999506715135,14.831496750981827,14.355292733286664,19.961871772658995,3.3150020726955667,34.897421294199304
5,1916,0,4.500000544617711,14.811281280386437,14.64450565127424,19.812711538323292,3.281455297830899,34.8449223400734
5,1917,0,4.500003008773869,14.75401486777346,14.414244372710012,19.77213335543507,3.0530917218951514,19.51092102657052
5,1918,0,4.500000262528078,14.154524388578519,14.46705117012583,20.479616270420735,4.394848651405857,24.617377409974182
5,1921,0,4.499999121787361,14.339410146062676,14.32804670981111,19.71624026491871,2.6669961845967496,34.0468951056409
5,1922,0,4.499999249910204,14.734416603149155,14.474902265802971,20.093427278460204,3.1472881103823145,34.88458265114102
5,1923,0,4.500000569512402,14.800079000902088,14.153367780874751,19.214938594344325,2.9354116172164963,19.472611489512207
5,1924,0,4.499999089273471,14.882861478363806,14.465568910659677,19.636711836127617,3.0130899618212297,19.51870936620243
5,1925,0,4.499999986562157,14.741995275797425,14.354973912452413,19.873001089562067,3.239857149787589,34.931624051498716
5,1930,0,4.499999889729893,14.718809100350377,14.547775862934307,19.75899030242377,3.3475432266211316,19.533413140507545
5,1931,0,4.500000092774342,14.896474258337546,14.320655901433906,19.987112268444182,2.3353920852368835,34.453352422706715
5,1932,0,4.50000037514014,14.780214177848247,14.53692183591203,20.113180175898275,2.8089767865118622,34.78773455071515
5,1933,0,4.499999291448015,14.762301236391137,14.410167071016767,19.427149895663383,3.749783745850128,19.75560407762093
5,1934,0,4.499999137685898,14.401859539509784,14.42356853191764,19.898389052967204,2.8459803584465493,20.109083711628546
5,1936,0,4.499999622805746,14.914765209708005,14.433583262945648,19.985876856519813,2.693833084938756,19.81425648800122
5,1937,0,4.499999902524277,14.54617394550746,14.236214076947833,19.610721558984412,3.615094539705548,34.442005997982754
5,1938,0,4.500000123671857,14.76109377137908,14.666038023545493,19.98721979348227,2.975411151367532,34.80666728822972
5,1940,0,4.50000071714639,14.96050056630787,14.90535500744161,19.176949590881552,3.2706102130079806,20.106696922075578
5,1942,0,4.500000141227063,14.707057896488813,14.467243739951531,19.804399536492266,3.5880932414431292,34.8553261280407
5,1944,0,4.500000851829578,14.967292697010263,14.608001152273374,19.737342248006573,2.887331177675188,34.66298301094668
5,1945,0,4.500000651769067,14.715417203792029,14.399208674943504,19.820761961145713,3.201731061794221,19.537206774432974
5,1947,0,4.4999997702496595,14.863798492254828,14.193569639658774,20.43831697732002,4.183451164008858,33.6191680958449
5,1950,0,4.500001197751545,14.427459964361235,14.783800295761175,20.023779302930937,3.485739538274102,20.013471198548697
5,1951,0,4.500000846924664,14.957457558102835,14.37017377431274,19.635034040140297,3.1083503968583313,34.94077214991196
5,1953,0,4.499999341664393,14.298178885153527,14.078672553016563,20.002667918584663,4.310559440516366,30.469285387164348
5,1954,0,4.49999978027934,14.759783803544625,14.59705943092034,19.705092886351217,2.981654887237246,34.941311296396385
5,1955,0,4.500000979793304,14.828875802597553,14.356556110354648,20.155356292596487,3.19288642720974,19.67541946391643
5,1956,0,4.500002361636542,14.831145771888387,14.533319927583483,19.848599522893,3.3355098126533598,19.58518653804249
5,1957,0,4.500000713221619,14.7075116307498,14.396032135162498,19.78048719416615,3.029487439253386,34.966915536860235
5,1962,0,4.500001131449063,14.681106820153431,14.504845342214443,19.810633452892006,2.3464403316333513,20.115356134400667
5,1963,0,4.500000496893226,14.85249576241449,14.26148614513608,19.7525140318424,3.44645728080575,34.88002947212089
5,1964,0,4.499999419489006,14.792631553163606,14.434389694115872,19.565366368220854,3.8634715789767586,34.693376959210916
5,1965,0,4.499998587790277,14.774160273978516,14.325483274536886,19.949236029130866,2.815481770889577,19.674491003927642
5,1969,0,4.499999229506243,14.683723832734966,14.415806459261457,19.971682821568685,2.886400877786004,34.871698789345324
5,1970,0,4.499999377992233,14.688802181571967,14.53569797301609,19.632569570391944,3.7983047728865573,34.731218085689136
5,1973,0,4.500000848421324,14.639706603702336,14.049446499033197,19.360732305004134,3.181185486793621,34.689049873877806
5,1974,0,4.499999945038698,14.595489842062236,14.650517944777965,19.89673208700021,2.811669658975487,34.85158340792943
5,1975,0,4.49999911742587,14.895065344422495,14.346488554395588,19.699446887684935,3.7389077457815443,19.828034757667524
5,1976,0,4.499999818680709,14.864738101334353,14.455424502503012,19.904875356765388,3.19968229496181,34.9191575934329
5,1977,0,4.4999983108632335,14.627800071263637,14.277947500209237,19.69660984280081,2.9836312932831595,19.706621319555754
5,1978,0,4.500001064246487,14.687432744225669,14.652129464885688,20.189090615703407,4.0331275724785005,20.573510302948527
5,1981,0,4.500000412471283,14.591802217065487,14.174733810278843,20.066920987824712,4.370008024977115,21.97159767109795
5,1982,0,4.500000412056609,14.629317912766997,14.466328325063559,19.631641103246587,3.134437065647951,19.5346658813628
5,1986,0,4.499999645617962,14.716557084402075,14.582358583197747,19.778011578878843,2.5982203712775975,19.783487034527703
5,1987,0,4.499999476393765,14.799977728285238,14.40558601920372,19.842931558011337,3.4905408661502366,34.8947603454213
5,1988,0,4.4999997314175895,14.836568369046121,14.670675209040516,20.02831703815723,3.4461077508482223,34.65391143655058
5,1989,0,4.499998863759069,14.725100035220612,14.370621147508874,19.646930908916357,2.38462148811271,20.038851080387676
5,1990,0,4.499999114447181,14.172840110355942,14.672765976359695,20.487858214634407,4.224827684336259,22.87315987026294
5,1993,0,4.4999997797611115,14.210117657636657,14.41009203771944,19.39518894619678,4.5178062876044995,31.30080114595078
5,1994,0,4.500000786563435,14.705466464899043,14.429979561986713,19.975349145129417,3.073085574081859,34.92266726312833
5,1995,0,4.499999728876468,14.878502741432033,14.265456227676012,19.56493804896254,3.3124245721039074,19.529522841726795
5,1996,0,4.500001499694645,14.781705596277849,14.488605323608216,19.762827547968577,3.1695115022459346,19.493642911867497
5,1997,0,4.500000214350223,14.747895204167115,14.205805791140161,19.82865457628367,2.8574745246786493,34.77109753371494
5,2000,0,4.4999991463893885,14.887921223635558,14.551750931110753,19.724849891942362,3.2891838701481886,34.880540791689995
5,2001,0,4.500001164208148,14.44409083528997,14.284923408737624,19.931015883399212,3.0723678037107818,20.12627127065001
5,2002,0,4.500000546588834,14.77041007346195,14.668947817406027,19.225490379713435,4.0010619394094284,20.19581338654295
5,2004,0,4.500000377294454,14.909398303776484,14.452280207297099,19.852526872699446,2.3545383656216794,34.470869465904094
5,2006,0,4.4999997418169,14.652849572412636,14.568322874745888,20.1001759689502,2.9661444808994095,19.669618457716762
5,2007,0,4.50000077366522,14.949066628526367,14.404676419204906,19.41233418120146,3.289441288049252,34.95240727888241
5,2008,0,4.499999140429569,14.905454614293811,14.495197627679387,20.340768753054505,4.0835622974337875,20.784845006537445
5,2009,0,4.499999286544104,14.69582676159222,14.182898247358894,19.607270311738585,2.885279197488817,34.74963950363459
5,2011,0,4.500000336206993,14.892650235938518,14.29934500359802,19.78065362292315,2.6514640048357654,19.758925696306346
5,2013,0,4.499999695519426,14.71226951909399,14.339817480276594,20.30205663490023,3.616343161786397,34.53386264547211
5,2014,0,4.499999327414357,14.189962585793207,14.477848724243325,19.685480801686964,2.403883862595,33.49511520165228
5,2015,0,4.500000960655008,14.936778420591855,14.347504883001259,19.88210896042615,3.4475423993707377,19.682677813730425
5,2018,0,4.5000016507370795,14.745722007559996,14.445466982944051,19.896337440202437,3.6767577497911783,19.779020196018532
5,2019,0,4.499999548051951,14.82075953192145,14.308258496951565,19.683948878021273,2.6967490282865203,34.842090951439026
5,2020,0,4.500000286761438,14.805999672122443,14.451629154070082,19.571652150680684,2.454577138732756,34.68288273376881
5,2021,0,4.500000119449939,14.694775380389679,14.086164121182815,20.178106426383582,3.6222660859032443,20.3256556796892
5,2025,0,4.499999322167254,14.4747428253995,14.125732922229162,19.899031178484957,1.9670464896801019,32.70949689475784
5,2026,0,4.500000342268182,14.654343358071173,14.604296466008917,19.41015306487323,3.3864218397727526,34.97796282224444
5,2027,0,4.49999810985166,14.8249282681252,14.418414726026924,20.06550698209841,3.072581272887496,19.616833180993954
5,2028,0,4.500000549540738,14.800413899114771,14.619835826007336,19.965438981284127,2.8383179504918443,19.709725271171337
5,2029,0,4.500000583279438,14.769021779461033,14.351589380496142,19.735080615661406,3.1996746374156824,34.98088812671803
5,2033,0,4.500001139613235,14.627369330643692,14.250674023270214,19.804091599241154,3.3106831250280937,19.76326988581102
5,2035,0,4.50000005397939,14.778066003237443,14.253010023508482,19.330699693259724,3.6468694874424394,34.8652394666254
5,2037,0,4.50000102855171,14.587802663168489,14.37581016403993,20.10484765330476,2.180326474689032,20.69057385213286
5,2038,0,4.500000155837707,14.520247704793563,14.449332672030891,19.487696456933868,3.304533506639644,19.68297430677056
5,2039,0,4.5000002993502735,14.834048749816125,14.355843725035289,19.893240296889857,3.077732064255195,34.9402051765122
5,2040,0,4.499998860446673,14.82422471840109,14.567215653818048,19.694532604752055,3.007539218157234,19.544721101589918
5,2041,0,4.499999368851925,14.610824449111615,14.332211455906398,20.01344680022791,4.073013770824194,34.068276611704114
5,2042,0,4.499999320116142,14.641655594072901,14.576257303653248,19.49194489589695,2.6459628443889867,34.8396213127039
5,2044,0,4.500000022803005,14.830412290733173,14.492398508084241,20.357638920871434,3.4553119732488176,19.91637633848252
5,2046,0,4.500000021881173,14.593624536757451,14.504940501214303,19.831029541055965,3.438709823471978,34.876836333587285
